{
  "k": 3,
  "M_approx": [
    [
      0.6,
      0.5904508497187475,
      0.5654508497187473,
      0.5345491502812526,
      0.5095491502812525,
      0.4999999999999999,
      0.5095491502812525,
      0.5345491502812524,
      0.5654508497187475,
      0.5904508497187475
    ],
    [
      0.5904508497187473,
      0.6000000000000001,
      0.5904508497187474,
      0.5654508497187476,
      0.5345491502812526,
      0.5095491502812527,
      0.49999999999999994,
      0.5095491502812524,
      0.5345491502812526,
      0.5654508497187474
    ],
    [
      0.5654508497187473,
      0.5904508497187473,
      0.5999999999999999,
      0.5904508497187473,
      0.5654508497187472,
      0.5345491502812526,
      0.5095491502812526,
      0.49999999999999983,
      0.5095491502812527,
      0.5345491502812526
    ],
    [
      0.5345491502812525,
      0.5654508497187474,
      0.5904508497187474,
      0.6000000000000001,
      0.5904508497187474,
      0.5654508497187476,
      0.5345491502812527,
      0.5095491502812527,
      0.5,
      0.5095491502812526
    ],
    [
      0.5095491502812525,
      0.5345491502812526,
      0.5654508497187474,
      0.5904508497187473,
      0.6,
      0.5904508497187474,
      0.5654508497187474,
      0.5345491502812527,
      0.5095491502812526,
      0.4999999999999999
    ],
    [
      0.5,
      0.5095491502812527,
      0.5345491502812526,
      0.5654508497187472,
      0.5904508497187472,
      0.5999999999999998,
      0.5904508497187473,
      0.5654508497187475,
      0.5345491502812527,
      0.5095491502812526
    ],
    [
      0.5095491502812525,
      0.5,
      0.5095491502812526,
      0.5345491502812525,
      0.5654508497187475,
      0.5904508497187474,
      0.6,
      0.5904508497187474,
      0.5654508497187474,
      0.5345491502812525
    ],
    [
      0.5345491502812525,
      0.5095491502812526,
      0.49999999999999983,
      0.5095491502812525,
      0.5345491502812526,
      0.5654508497187473,
      0.5904508497187473,
      0.6,
      0.5904508497187475,
      0.5654508497187473
    ],
    [
      0.5654508497187473,
      0.5345491502812526,
      0.5095491502812525,
      0.49999999999999994,
      0.5095491502812527,
      0.5345491502812526,
      0.5654508497187473,
      0.5904508497187474,
      0.6000000000000001,
      0.5904508497187475
    ],
    [
      0.5904508497187473,
      0.5654508497187474,
      0.5345491502812525,
      0.5095491502812526,
      0.5,
      0.5095491502812527,
      0.5345491502812526,
      0.5654508497187474,
      0.5904508497187475,
      0.6000000000000002
    ]
  ],
  "A": [
    [
      0.4046602740780882,
      0.566130234419846,
      0.2959638124327296
    ],
    [
      0.3503789824634219,
      0.5773374519988363,
      0.3872179043460895
    ],
    [
      0.3136416395670595,
      0.5192181196499125,
      0.5018640591253702
    ],
    [
      0.30848066171905136,
      0.4139718469269119,
      0.5961113423243697
    ],
    [
      0.33686736704215153,
      0.30179913282078014,
      0.6339604951084055
    ],
    [
      0.3879589989315634,
      0.22554614150973482,
      0.6009544275593639
    ],
    [
      0.44224029054622915,
      0.21433892393074394,
      0.5097003356460055
    ],
    [
      0.4789776334425919,
      0.2724582562796675,
      0.395054180866724
    ],
    [
      0.48413861129060004,
      0.377704529002668,
      0.3008068976677251
    ],
    [
      0.4557519059675,
      0.4898772431087998,
      0.2629577448836891
    ]
  ],
  "B": [
    [
      0.6599237759834985,
      0.49458745289490014,
      0.39920150378050306,
      0.4102001191528391,
      0.5233822017688639,
      0.6955160429867524,
      0.8608523660753509,
      0.9562383151897481,
      0.9452396998174121,
      0.8320576172013882
    ],
    [
      0.4676378228717017,
      0.5139247588319809,
      0.4767018484676774,
      0.3701869783777654,
      0.23506520862930994,
      0.12294846264618599,
      0.07666152668590671,
      0.1138844370502095,
      0.22039930714012257,
      0.35552107688857737
    ],
    [
      0.23047126300088344,
      0.3357255418028037,
      0.4528747263506375,
      0.5371718099014462,
      0.5564181716913109,
      0.5032623556762805,
      0.39800807687436046,
      0.28085889232652683,
      0.19656180877571752,
      0.1773154469858525
    ]
  ],
  "M": [
    [
      0.6,
      0.5904508497187474,
      0.5654508497187474,
      0.5345491502812526,
      0.5095491502812526,
      0.5,
      0.5095491502812526,
      0.5345491502812526,
      0.5654508497187474,
      0.5904508497187474
    ],
    [
      0.5904508497187474,
      0.6,
      0.5904508497187474,
      0.5654508497187474,
      0.5345491502812526,
      0.5095491502812526,
      0.5,
      0.5095491502812526,
      0.5345491502812526,
      0.5654508497187474
    ],
    [
      0.5654508497187474,
      0.5904508497187474,
      0.6,
      0.5904508497187474,
      0.5654508497187474,
      0.5345491502812526,
      0.5095491502812526,
      0.5,
      0.5095491502812526,
      0.5345491502812526
    ],
    [
      0.5345491502812526,
      0.5654508497187474,
      0.5904508497187474,
      0.6,
      0.5904508497187474,
      0.5654508497187474,
      0.5345491502812526,
      0.5095491502812526,
      0.5,
      0.5095491502812526
    ],
    [
      0.5095491502812526,
      0.5345491502812526,
      0.5654508497187474,
      0.5904508497187474,
      0.6,
      0.5904508497187474,
      0.5654508497187474,
      0.5345491502812526,
      0.5095491502812526,
      0.5
    ],
    [
      0.5,
      0.5095491502812526,
      0.5345491502812526,
      0.5654508497187474,
      0.5904508497187474,
      0.6,
      0.5904508497187474,
      0.5654508497187474,
      0.5345491502812526,
      0.5095491502812526
    ],
    [
      0.5095491502812526,
      0.5,
      0.5095491502812526,
      0.5345491502812526,
      0.5654508497187474,
      0.5904508497187474,
      0.6,
      0.5904508497187474,
      0.5654508497187474,
      0.5345491502812526
    ],
    [
      0.5345491502812526,
      0.5095491502812526,
      0.5,
      0.5095491502812526,
      0.5345491502812526,
      0.5654508497187474,
      0.5904508497187474,
      0.6,
      0.5904508497187474,
      0.5654508497187474
    ],
    [
      0.5654508497187474,
      0.5345491502812526,
      0.5095491502812526,
      0.5,
      0.5095491502812526,
      0.5345491502812526,
      0.5654508497187474,
      0.5904508497187474,
      0.6,
      0.5904508497187474
    ],
    [
      0.5904508497187474,
      0.5654508497187474,
      0.5345491502812526,
      0.5095491502812526,
      0.5,
      0.5095491502812526,
      0.5345491502812526,
      0.5654508497187474,
      0.5904508497187474,
      0.6
    ]
  ],
  "score": 3.8302694349567903e-16
}