{
  "k": 3,
  "M_approx": [
    [
      0.2800000000000001,
      0.2628115294937454,
      0.21781152949374538,
      0.16218847050625487,
      0.11718847050625479,
      0.09999999999999999,
      0.11718847050625471,
      0.16218847050625468,
      0.2178115294937453,
      0.2628115294937453
    ],
    [
      0.2628115294937453,
      0.2800000000000001,
      0.2628115294937453,
      0.21781152949374535,
      0.16218847050625476,
      0.1171884705062547,
      0.09999999999999998,
      0.11718847050625468,
      0.1621884705062547,
      0.21781152949374524
    ],
    [
      0.2178115294937453,
      0.2628115294937453,
      0.28,
      0.2628115294937453,
      0.21781152949374524,
      0.16218847050625468,
      0.11718847050625475,
      0.09999999999999999,
      0.11718847050625472,
      0.16218847050625473
    ],
    [
      0.1621884705062548,
      0.21781152949374533,
      0.26281152949374537,
      0.28,
      0.26281152949374526,
      0.21781152949374522,
      0.16218847050625476,
      0.11718847050625478,
      0.10000000000000002,
      0.11718847050625476
    ],
    [
      0.11718847050625474,
      0.16218847050625476,
      0.21781152949374535,
      0.2628115294937453,
      0.27999999999999997,
      0.26281152949374526,
      0.21781152949374527,
      0.1621884705062547,
      0.11718847050625471,
      0.09999999999999999
    ],
    [
      0.09999999999999999,
      0.11718847050625476,
      0.1621884705062548,
      0.21781152949374527,
      0.26281152949374526,
      0.28,
      0.2628115294937453,
      0.21781152949374527,
      0.16218847050625473,
      0.11718847050625471
    ],
    [
      0.11718847050625472,
      0.1,
      0.11718847050625475,
      0.16218847050625468,
      0.21781152949374524,
      0.2628115294937453,
      0.28,
      0.26281152949374537,
      0.2178115294937453,
      0.16218847050625473
    ],
    [
      0.1621884705062547,
      0.11718847050625472,
      0.09999999999999999,
      0.11718847050625468,
      0.1621884705062547,
      0.2178115294937453,
      0.26281152949374526,
      0.27999999999999997,
      0.26281152949374526,
      0.21781152949374527
    ],
    [
      0.21781152949374527,
      0.16218847050625473,
      0.11718847050625474,
      0.09999999999999999,
      0.11718847050625475,
      0.16218847050625482,
      0.2178115294937453,
      0.2628115294937453,
      0.2800000000000001,
      0.2628115294937453
    ],
    [
      0.26281152949374526,
      0.21781152949374527,
      0.1621884705062547,
      0.11718847050625475,
      0.10000000000000005,
      0.11718847050625479,
      0.1621884705062548,
      0.2178115294937453,
      0.26281152949374537,
      0.28
    ]
  ],
  "A": [
    [
      0.07031424663944867,
      0.31266619110407484,
      0.3596922324363179
    ],
    [
      0.13350587251651366,
      0.17635561265243538,
      0.4551878278024047
    ],
    [
      0.27814050943338003,
      0.056927754783798905,
      0.4657716053348666
    ],
    [
      0.44897264203830517,
      3.928603710613599e-13,
      0.38740092174567076
    ],
    [
      0.5807502020468368,
      0.027316815726258815,
      0.25001071444432627
    ],
    [
      0.6231386404902447,
      0.12844410681853385,
      0.10607937289855268
    ],
    [
      0.5599470146131797,
      0.2647546852701734,
      0.010583777532465703
    ],
    [
      0.4153123776963133,
      0.3841825431388099,
      3.70324449304456e-15
    ],
    [
      0.24448024509138824,
      0.441110297922216,
      0.07837068358919959
    ],
    [
      0.1127026850828567,
      0.41379348219635,
      0.21576089089054407
    ]
  ],
  "B": [
    [
      0.0037758823537488526,
      0.05082883229051342,
      0.15716571776889823,
      0.28216946279396515,
      0.3780928854871646,
      0.40829649869691714,
      0.36124354876015263,
      0.2549066632817679,
      0.12990291825670075,
      0.03397949556350137
    ],
    [
      0.4180832853979575,
      0.25008587461361614,
      0.09039226971981904,
      3.4086548887111123e-16,
      0.013435840166882776,
      0.1255677559441283,
      0.2935651667284696,
      0.45325877162226663,
      0.5436510413420855,
      0.530215201175203
    ],
    [
      0.41428193280104303,
      0.5033306928899489,
      0.4962518444273923,
      0.39574926692485995,
      0.2402115290313484,
      0.0890487600889068,
      1.0197347010383092e-15,
      0.007078848462557572,
      0.10758142596509006,
      0.26311916385860146
    ]
  ],
  "M": [
    [
      0.28,
      0.2628115294937453,
      0.21781152949374527,
      0.16218847050625476,
      0.11718847050625474,
      0.1,
      0.11718847050625472,
      0.16218847050625473,
      0.21781152949374527,
      0.2628115294937453
    ],
    [
      0.2628115294937453,
      0.27999999999999997,
      0.2628115294937453,
      0.21781152949374527,
      0.16218847050625473,
      0.11718847050625474,
      0.1,
      0.11718847050625472,
      0.16218847050625473,
      0.21781152949374527
    ],
    [
      0.21781152949374527,
      0.2628115294937453,
      0.28,
      0.2628115294937453,
      0.21781152949374527,
      0.16218847050625473,
      0.11718847050625475,
      0.1,
      0.11718847050625472,
      0.16218847050625473
    ],
    [
      0.16218847050625476,
      0.21781152949374527,
      0.2628115294937453,
      0.28,
      0.2628115294937453,
      0.21781152949374527,
      0.16218847050625473,
      0.11718847050625472,
      0.1,
      0.11718847050625475
    ],
    [
      0.11718847050625474,
      0.16218847050625473,
      0.21781152949374527,
      0.2628115294937453,
      0.27999999999999997,
      0.2628115294937453,
      0.21781152949374527,
      0.16218847050625473,
      0.11718847050625475,
      0.1
    ],
    [
      0.1,
      0.11718847050625474,
      0.16218847050625473,
      0.21781152949374527,
      0.2628115294937453,
      0.28,
      0.2628115294937453,
      0.21781152949374527,
      0.16218847050625476,
      0.11718847050625474
    ],
    [
      0.11718847050625472,
      0.1,
      0.11718847050625475,
      0.16218847050625473,
      0.21781152949374527,
      0.2628115294937453,
      0.28,
      0.2628115294937453,
      0.21781152949374527,
      0.16218847050625473
    ],
    [
      0.16218847050625473,
      0.11718847050625472,
      0.1,
      0.11718847050625472,
      0.16218847050625473,
      0.21781152949374527,
      0.2628115294937453,
      0.27999999999999997,
      0.2628115294937453,
      0.21781152949374527
    ],
    [
      0.21781152949374527,
      0.16218847050625473,
      0.11718847050625472,
      0.1,
      0.11718847050625475,
      0.16218847050625476,
      0.21781152949374527,
      0.2628115294937453,
      0.28,
      0.2628115294937453
    ],
    [
      0.2628115294937453,
      0.21781152949374527,
      0.16218847050625473,
      0.11718847050625475,
      0.1,
      0.11718847050625474,
      0.16218847050625473,
      0.21781152949374527,
      0.2628115294937453,
      0.28
    ]
  ],
  "score": 1.394717674685353e-16
}