{
  "k": 8,
  "M_approx": [
    [
      0.2,
      0.18090169943749476,
      0.13090169943749472,
      0.06909830056250525,
      0.019098300562505277,
      5.504811825729599e-17,
      0.019098300562505242,
      0.06909830056250527,
      0.13090169943749475,
      0.18090169943749473
    ],
    [
      0.1809016994374947,
      0.19999999999999993,
      0.1809016994374947,
      0.13090169943749475,
      0.06909830056250531,
      0.019098300562505277,
      3.225980262721235e-17,
      0.01909830056250534,
      0.06909830056250521,
      0.13090169943749472
    ],
    [
      0.13090169943749477,
      0.18090169943749476,
      0.2,
      0.1809016994374948,
      0.13090169943749477,
      0.06909830056250527,
      0.019098300562505294,
      3.314710060345601e-17,
      0.019098300562505253,
      0.06909830056250527
    ],
    [
      0.06909830056250528,
      0.1309016994374948,
      0.18090169943749476,
      0.2000000000000001,
      0.18090169943749476,
      0.13090169943749475,
      0.06909830056250525,
      0.01909830056250527,
      2.957374278357525e-16,
      0.019098300562505287
    ],
    [
      0.01909830056250526,
      0.06909830056250525,
      0.13090169943749477,
      0.18090169943749476,
      0.2,
      0.18090169943749468,
      0.13090169943749472,
      0.06909830056250524,
      0.0190983005625053,
      9.26719058324109e-18
    ],
    [
      3.584801504847242e-17,
      0.019098300562505312,
      0.06909830056250527,
      0.13090169943749472,
      0.1809016994374947,
      0.20000000000000004,
      0.1809016994374948,
      0.13090169943749472,
      0.0690983005625053,
      0.019098300562505242
    ],
    [
      0.019098300562505246,
      1.767764474570804e-17,
      0.019098300562505336,
      0.06909830056250528,
      0.13090169943749477,
      0.18090169943749476,
      0.20000000000000004,
      0.18090169943749473,
      0.13090169943749475,
      0.06909830056250525
    ],
    [
      0.0690983005625052,
      0.019098300562505225,
      6.950830447259633e-17,
      0.019098300562505242,
      0.06909830056250525,
      0.13090169943749475,
      0.18090169943749476,
      0.19999999999999998,
      0.18090169943749476,
      0.13090169943749475
    ],
    [
      0.13090169943749472,
      0.06909830056250524,
      0.01909830056250524,
      3.100234409041846e-17,
      0.01909830056250531,
      0.0690983005625053,
      0.13090169943749472,
      0.1809016994374947,
      0.20000000000000004,
      0.18090169943749473
    ],
    [
      0.18090169943749476,
      0.13090169943749472,
      0.06909830056250528,
      0.019098300562505284,
      5.162612452615378e-17,
      0.01909830056250526,
      0.06909830056250522,
      0.13090169943749477,
      0.18090169943749473,
      0.20000000000000004
    ]
  ],
  "A": [
    [
      0.0,
      0.4271875125937201,
      0.09454097282402464,
      1.9635620697405043e-16,
      0.0,
      0.5838549259914303,
      0.0,
      0.17919816105598244
    ],
    [
      0.0,
      0.16317111024127742,
      0.0,
      0.08398962943093073,
      0.0,
      0.6365010918259337,
      1.44006196567789e-16,
      0.2476457678578896
    ],
    [
      0.27225413804722254,
      0.0,
      1.7941559129926356e-17,
      0.2198877045526844,
      3.8442470832677107e-17,
      0.413488354596267,
      2.400103276129815e-17,
      0.1791981610559822
    ],
    [
      0.7127705869854342,
      0.0,
      0.09454097282402499,
      0.355785779674438,
      0.0,
      1.280574489108372e-14,
      0.0,
      0.0
    ],
    [
      0.27225413804723136,
      0.0,
      0.0,
      0.21988770455268833,
      0.1966232732353104,
      8.043809604952085e-18,
      0.0,
      0.35839632211195416
    ],
    [
      0.0,
      1.6293624408654322e-17,
      9.736062417134883e-17,
      0.08398962943093181,
      0.30233731112852885,
      0.0,
      0.09685071355703617,
      0.49529153571577733
    ],
    [
      0.0,
      2.4440436612981494e-17,
      0.0945409728240336,
      0.0,
      0.2767629442924337,
      0.0,
      0.2535584599270033,
      0.35839632211196615
    ],
    [
      0.2722541380472331,
      6.467641998122733e-16,
      0.24751148018279945,
      0.0,
      0.12966871161765528,
      0.0,
      0.41026620629697175,
      0.0
    ],
    [
      0.37624596520345116,
      0.7920492070573252,
      0.30594101471750373,
      0.0,
      0.0751034073966323,
      1.4356110112340652e-16,
      2.568817840729467e-16,
      0.0
    ],
    [
      0.2722541380472196,
      0.6912039149461612,
      0.24751148018277774,
      0.0,
      4.646480842475901e-17,
      0.27565890306417323,
      2.0267538776207326e-16,
      0.0
    ]
  ],
  "B": [
    [
      0.07014879810271987,
      0.07014879810271903,
      1.980252407273271e-16,
      0.0,
      8.067694992594808e-17,
      0.07014879810272275,
      0.07014879810272218,
      0.0,
      0.0,
      0.0
    ],
    [
      0.053917228793337615,
      0.05391722879333024,
      0.024112517748058147,
      0.0,
      0.0,
      0.0,
      1.1580752203631765e-16,
      0.11704461981207986,
      0.25250956407500674,
      0.1503672997855706
    ],
    [
      0.20201083183322346,
      1.7304543886476835e-16,
      0.0,
      0.0,
      0.0,
      0.0,
      0.2020108318332425,
      0.2020108318332426,
      0.0,
      0.20201083183322013
    ],
    [
      0.0,
      0.22738879421072625,
      0.5084568011768947,
      0.5621360139323425,
      0.5084568011769018,
      0.22738879421072844,
      0.0,
      0.0,
      0.0,
      0.0
    ],
    [
      0.0,
      0.0,
      0.0,
      1.211394923991834e-16,
      0.2542933965917722,
      0.5686173210085174,
      0.568617321008522,
      0.3514248309751781,
      0.0,
      0.0
    ],
    [
      0.2703906836364371,
      0.2703906836364392,
      0.19020475418358823,
      0.06928236436484404,
      0.0,
      0.0,
      0.0,
      0.0,
      0.023094121454946843,
      0.16711063272863713
    ],
    [
      1.5799168364093707e-16,
      0.0,
      0.0,
      0.04655099608345733,
      0.08805113094648595,
      0.09279712262913827,
      0.09279712262912637,
      0.25454495967284024,
      0.44093736374316106,
      0.19719318382985443
    ],
    [
      0.0,
      0.0,
      0.053288215821977264,
      0.15986464746593135,
      0.10657643164395403,
      5.803026692012627e-17,
      0.0,
      5.5266920876310737e-17,
      0.05328821582197896,
      2.210676835052429e-17
    ]
  ],