{
  "k": 8,
  "M_approx": [
    [
      0.19999999999999996,
      0.18090169943749468,
      0.13090169943749475,
      0.06909830056250528,
      0.019098300562505336,
      6.406927402584831e-17,
      0.019098300562505225,
      0.06909830056250524,
      0.1309016994374947,
      0.1809016994374947
    ],
    [
      0.1809016994374947,
      0.19999999999999993,
      0.1809016994374948,
      0.13090169943749475,
      0.06909830056250525,
      0.019098300562505284,
      5.106204027132177e-17,
      0.019098300562505315,
      0.06909830056250518,
      0.1309016994374947
    ],
    [
      0.13090169943749475,
      0.18090169943749473,
      0.20000000000000007,
      0.18090169943749476,
      0.13090169943749475,
      0.06909830056250531,
      0.019098300562505277,
      6.103767894354497e-17,
      0.019098300562505204,
      0.06909830056250522
    ],
    [
      0.06909830056250528,
      0.13090169943749477,
      0.1809016994374948,
      0.20000000000000007,
      0.1809016994374947,
      0.13090169943749475,
      0.06909830056250527,
      0.01909830056250526,
      3.969313512292202e-17,
      0.019098300562505294
    ],
    [
      0.01909830056250532,
      0.06909830056250528,
      0.13090169943749477,
      0.18090169943749473,
      0.19999999999999998,
      0.18090169943749473,
      0.13090169943749472,
      0.06909830056250525,
      0.019098300562505298,
      3.171846333169714e-17
    ],
    [
      6.240823776417798e-17,
      0.01909830056250523,
      0.06909830056250524,
      0.1309016994374947,
      0.18090169943749476,
      0.2,
      0.1809016994374947,
      0.13090169943749475,
      0.06909830056250525,
      0.019098300562505274
    ],
    [
      0.019098300562505256,
      1.1507033902202693e-16,
      0.019098300562505253,
      0.06909830056250522,
      0.13090169943749475,
      0.1809016994374948,
      0.19999999999999998,
      0.18090169943749473,
      0.13090169943749475,
      0.06909830056250525
    ],
    [
      0.06909830056250528,
      0.019098300562505267,
      3.009132853594147e-17,
      0.019098300562505284,
      0.06909830056250528,
      0.13090169943749477,
      0.18090169943749473,
      0.1999999999999999,
      0.18090169943749468,
      0.13090169943749475
    ],
    [
      0.13090169943749475,
      0.06909830056250525,
      0.01909830056250526,
      3.354583238742554e-17,
      0.01909830056250531,
      0.06909830056250521,
      0.13090169943749475,
      0.18090169943749468,
      0.2,
      0.18090169943749476
    ],
    [
      0.18090169943749473,
      0.13090169943749475,
      0.06909830056250527,
      0.019098300562505256,
      3.263628294354098e-17,
      0.019098300562505284,
      0.06909830056250527,
      0.13090169943749475,
      0.18090169943749482,
      0.19999999999999998
    ]
  ],
  "A": [
    [
      0.4544808924293778,
      0.0,
      0.368677670682059,
      0.0,
      0.18374506469104057,
      7.137802980327394e-17,
      0.0,
      0.15510700166145389
    ],
    [
      0.2102529802044014,
      0.0,
      0.8062142598169354,
      0.0,
      0.12892044481591208,
      0.0,
      0.08737447721642688,
      1.5386217249239728e-16
    ],
    [
      0.0,
      0.09792596931744281,
      0.7756438419625952,
      8.067429244326743e-17,
      0.09820764531958663,
      0.0,
      0.20902746140435144,
      2.3671103460368812e-17
    ],
    [
      0.0,
      0.28706310760153203,
      0.3381072528277181,
      3.0252859666225295e-16,
      0.0,
      0.0,
      0.2849280914191108,
      0.10649711237184135
    ],
    [
      0.0,
      0.41829103716902727,
      1.2374502539841637e-16,
      0.17446643024714975,
      0.0,
      6.245577607786452e-17,
      0.10723973808225981,
      0.12251026057662971
    ],
    [
      0.0,
      0.33408414257787744,
      9.739745000709085e-17,
      0.2829652192947271,
      0.0,
      0.2167645406533129,
      1.3821769835052733e-15,
      0.0
    ],
    [
      0.0,
      2.1972713281511728e-15,
      0.0,
      1.6134858488653452e-16,
      0.022000187020953712,
      0.7199714773678499,
      0.41842364809283067,
      0.0
    ],
    [
      0.18943637735825258,
      0.0,
      0.0,
      0.20692353649881273,
      0.1530322651947161,
      0.5050365441568158,
      0.0,
      0.0
    ],
    [
      0.5854193973078801,
      0.0,
      1.237450253984164e-17,
      0.05719225887380605,
      7.788137135654615e-17,
      0.40456264229463146,
      2.988340817544885e-17,
      0.05924560274158905
    ],
    [
      0.5926620248485006,
      9.643929571276615e-17,
      1.4849403047809952e-16,
      0.0,
      0.153032265194715,
      0.15373226361589323,
      0.0,
      0.21435260440304307
    ]
  ],
  "B": [
    [
      0.21098356409173527,
      0.07485204324501335,
      2.830441276218052e-17,
      0.0,
      0.0,
      1.214614665345375e-16,
      1.1321765104872214e-16,
      0.09083486257335575,
      0.20940167264921905,
      0.24812505688792313
    ],
    [
      0.0,
      0.03703312182169878,
      0.20682903423468482,
      0.39182254634243924,
      0.25864945279739027,
      0.23904903384150208,
      0.19502794504484317,
      3.5741575867706796e-16,
      0.0,
      0.0
    ],
    [
      0.1350604325616596,
      0.22855231421382544,
      0.2194374812226233,
      0.1252233905347778,
      0.05180216237987293,
      0.0,
      0.0,
      0.0,
      1.1246213867081375e-18,
      0.05648592392733072
    ],
    [
      0.0,
      0.023770136232591835,
      9.860761315262648e-32,
      0.0,
      0.33393156588980755,
      0.329399671064249,
      0.19624743273954454,
      0.2701283908470229,
      0.10946690738986616,
      0.0
    ],
    [
      0.1903542266839559,
      1.3574086610785219e-15,
      1.615962691760191e-16,
      0.12479917576992586,
      0.0,
      0.0,
      0.0,
      0.0,
      0.19446857218046143,
      0.2574681576818195
    ],
    [
      0.0,
      0.0,
      0.0,
      6.464996475940511e-18,
      0.0,
      0.12423092012892704,
      0.27778878231562903,
      0.25126231402784843,
      0.17587273726835703,
      0.0881062027255212
    ],
    [
      0.035634869212557506,
      0.0,
      0.045643454067557106,
      0.15857778511788184,
      0.3128448882708764,
      0.21857985502103439,
      9.513838648820493e-17,
      0.0,
      2.17459169115897e-17,
      8.032475544222164e-17
    ],
    [
      0.12469834322162307,
      0.40372607631647134,
      0.3223581106230973,
      2.518732672565664e-16,
      0.0,
      0.0,
      0.12312984170882424,
      0.17933162822126256,
      0.0,
      8.662020786722097e-17
    ]
  ],