{
  "k": 6,
  "M_approx": [
    [
      0.208,
      0.1890926824431198,
      0.13959268244311981,
      0.0784073175568802,
      0.028907317556880235,
      0.009999999999999998,
      0.02890731755688019,
      0.07840731755688023,
      0.13959268244311981,
      0.18909268244311983
    ],
    [
      0.18909268244311975,
      0.2079999999999999,
      0.18909268244311986,
      0.13959268244311973,
      0.0784073175568802,
      0.028907317556880193,
      0.009999999999999995,
      0.028907317556880197,
      0.07840731755688021,
      0.13959268244311981
    ],
    [
      0.13959268244311981,
      0.1890926824431198,
      0.20800000000000005,
      0.1890926824431198,
      0.13959268244311981,
      0.0784073175568802,
      0.028907317556880217,
      0.010000000000000004,
      0.028907317556880183,
      0.0784073175568802
    ],
    [
      0.07840731755688024,
      0.13959268244311981,
      0.18909268244311978,
      0.20800000000000002,
      0.18909268244311975,
      0.1395926824431198,
      0.07840731755688023,
      0.028907317556880193,
      0.009999999999999957,
      0.028907317556880148
    ],
    [
      0.02890731755688021,
      0.07840731755688023,
      0.13959268244311981,
      0.18909268244311975,
      0.20800000000000002,
      0.18909268244311978,
      0.13959268244311981,
      0.07840731755688014,
      0.0289073175568802,
      0.009999999999999976
    ],
    [
      0.009999999999999995,
      0.02890731755688019,
      0.0784073175568802,
      0.13959268244311973,
      0.1890926824431198,
      0.20800000000000002,
      0.18909268244311983,
      0.1395926824431198,
      0.07840731755688027,
      0.028907317556880235
    ],
    [
      0.028907317556880203,
      0.009999999999999985,
      0.028907317556880207,
      0.07840731755688017,
      0.13959268244311981,
      0.18909268244311983,
      0.20800000000000002,
      0.18909268244311978,
      0.1395926824431198,
      0.07840731755688021
    ],
    [
      0.07840731755688019,
      0.0289073175568802,
      0.010000000000000002,
      0.028907317556880203,
      0.07840731755688019,
      0.1395926824431198,
      0.18909268244311975,
      0.20799999999999993,
      0.18909268244311975,
      0.1395926824431198
    ],
    [
      0.13959268244311976,
      0.07840731755688021,
      0.02890731755688021,
      0.010000000000000023,
      0.028907317556880176,
      0.07840731755688027,
      0.13959268244311984,
      0.18909268244311983,
      0.20800000000000002,
      0.18909268244311983
    ],
    [
      0.18909268244311978,
      0.1395926824431198,
      0.07840731755688017,
      0.02890731755688022,
      0.010000000000000018,
      0.028907317556880235,
      0.0784073175568802,
      0.13959268244311981,
      0.18909268244311978,
      0.20800000000000002
    ]
  ],
  "A": [
    [
      0.4304308611829879,
      1.8812890717229172e-15,
      0.0,
      0.46789642710085355,
      0.0,
      0.14593521470749052
    ],
    [
      0.12063510724105726,
      0.0061515269719608166,
      2.5858862698331666e-07,
      0.4810954891846031,
      0.0017444778973780908,
      0.3825516538066863
    ],
    [
      2.340570612028038e-14,
      0.14238483197245322,
      5.228333655815413e-15,
      0.2589962364757799,
      9.54284318215506e-15,
      0.46943524410672754
    ],
    [
      4.1481545933620425e-13,
      0.27712239268097616,
      7.777111290822929e-05,
      0.020967197748568773,
      0.05943396453265428,
      0.37761880980551005
    ],
    [
      1.2937642280658396e-14,
      0.2750603239194633,
      6.157161419429208e-15,
      6.973784987726518e-15,
      0.22501483630029034,
      0.14630867280982213
    ],
    [
      7.317964398726123e-16,
      0.18675778900433224,
      0.12728565151862634,
      3.21526238121085e-15,
      0.29948979388928143,
      2.958453531454726e-14
    ],
    [
      0.0019100441824348006,
      0.05183519461233799,
      0.345010829496989,
      3.665713534596e-14,
      0.24105114530290822,
      0.006997489447976373
    ],
    [
      0.19766417205278441,
      4.2509897293740373e-16,
      0.4275976789717451,
      0.001617746526335094,
      0.11398262477255788,
      0.005595268225700005
    ],
    [
      0.43589505113631505,
      4.1530059235551875e-16,
      0.3489579095474949,
      0.08549901730106257,
      0.00391442881391456,
      0.004920472737228049
    ],
    [
      0.5550452621518019,
      1.1520128604919555e-16,
      0.13184641494049712,
      0.31417297578067416,
      1.942583659262825e-16,
      1.5392093074696283e-16
    ]
  ],
  "B": [
    [
      0.21964364128555944,
      0.13766611010778165,
      0.0028773510815052433,
      4.462867834082939e-15,
      1.4610441270092854e-05,
      7.061499737473173e-18,
      0.06715902637052994,
      0.1677102169965792,
      0.20298129035475845,
      0.21728119078268956
    ],
    [
      3.6289277165162773e-16,
      0.1547850706031431,
      0.4065470530486142,
      0.36192041199970637,
      0.32819384444947647,
      0.32475330566905836,
      0.20302245089185614,
      0.027630924843778385,
      1.2875365078868255e-13,
      0.0017965626093893654
    ],
    [
      0.07856345063786657,
      1.0703707203459828e-13,
      0.018581753211771093,
      3.8414176620092483e-17,
      0.07558513783830795,
      0.21924993235444507,
      0.31196159696682746,
      0.32606873173664686,
      0.3137220397262798,
      0.22446988450978103
    ],
    [
      0.1808628209751259,
      0.20110501265080374,
      0.23668592036755415,
      0.09201083411151813,
      8.358802015191132e-05,
      5.004683991995964e-17,
      3.447992409335662e-15,
      0.011187874362243265,
      0.11161288654247975,
      0.18398640055851687
    ],
    [
      3.5182789089586403e-15,
      4.5447125723046197e-13,
      0.00038832121074572183,
      0.24041295553840575,
      0.39460116700241704,
      0.3988196680264939,
      0.37219439711127916,
      0.31028944207211956,
      0.1284684958204875,
      6.217508943469509e-15
    ],
    [
      0.1975776076818742,
      0.24490746317788847,
      0.1891913840635756,
      0.24227036012106679,
      0.1977721298723833,
      0.06852355697727346,
      0.0,
      0.00674887131857825,
      3.2753130307833484e-13,
      0.06497111021619978
    ]
  ],