{
  "k": 8,
  "M_approx": [
    [
      0.2,
      0.18090169943749476,
      0.13090169943749475,
      0.06909830056250531,
      0.01909830056250526,
      2.317320180526496e-17,
      0.019098300562505218,
      0.06909830056250525,
      0.1309016994374947,
      0.18090169943749476
    ],
    [
      0.18090169943749473,
      0.19999999999999998,
      0.18090169943749473,
      0.13090169943749472,
      0.06909830056250524,
      0.019098300562505312,
      3.8450146627890825e-17,
      0.01909830056250536,
      0.06909830056250524,
      0.13090169943749472
    ],
    [
      0.13090169943749475,
      0.18090169943749476,
      0.20000000000000007,
      0.18090169943749473,
      0.13090169943749472,
      0.06909830056250527,
      0.0190983005625053,
      7.425873624860473e-17,
      0.019098300562505215,
      0.06909830056250521
    ],
    [
      0.06909830056250527,
      0.1309016994374948,
      0.18090169943749476,
      0.2,
      0.18090169943749473,
      0.13090169943749472,
      0.06909830056250524,
      0.019098300562505242,
      7.97227617672779e-17,
      0.019098300562505284
    ],
    [
      0.019098300562505263,
      0.06909830056250525,
      0.13090169943749475,
      0.1809016994374947,
      0.19999999999999998,
      0.1809016994374947,
      0.13090169943749475,
      0.06909830056250525,
      0.01909830056250526,
      2.8673799576612435e-17
    ],
    [
      5.066687226485577e-17,
      0.01909830056250526,
      0.06909830056250521,
      0.13090169943749472,
      0.18090169943749476,
      0.2,
      0.1809016994374948,
      0.1309016994374948,
      0.06909830056250534,
      0.01909830056250531
    ],
    [
      0.01909830056250529,
      1.159305658156684e-16,
      0.019098300562505294,
      0.06909830056250532,
      0.13090169943749477,
      0.1809016994374947,
      0.19999999999999998,
      0.18090169943749473,
      0.13090169943749475,
      0.06909830056250522
    ],
    [
      0.06909830056250521,
      0.019098300562505253,
      9.203736660758343e-17,
      0.01909830056250526,
      0.06909830056250524,
      0.13090169943749475,
      0.18090169943749476,
      0.19999999999999996,
      0.18090169943749473,
      0.13090169943749477
    ],
    [
      0.1309016994374947,
      0.06909830056250525,
      0.01909830056250526,
      2.964524924556359e-17,
      0.01909830056250525,
      0.06909830056250536,
      0.1309016994374948,
      0.1809016994374947,
      0.2,
      0.18090169943749476
    ],
    [
      0.18090169943749473,
      0.13090169943749477,
      0.06909830056250522,
      0.019098300562505336,
      4.01106837213701e-17,
      0.01909830056250536,
      0.06909830056250525,
      0.13090169943749472,
      0.18090169943749476,
      0.2
    ]
  ],
  "A": [
    [
      0.0,
      0.5787429016269631,
      0.0,
      0.22124695397761165,
      1.0635490773896003e-18,
      0.07120808146852384,
      0.0931859875951433,
      9.950362532488734e-17
    ],
    [
      0.0,
      0.7715348500463369,
      0.0,
      0.08450881651206413,
      0.0,
      0.0,
      0.3031075091917562,
      0.14732199203526433
    ],
    [
      0.0,
      0.6154494607405391,
      0.10861633014732076,
      3.285903840246121e-16,
      0.0,
      0.0,
      0.46580482341849533,
      0.14732199203526325
    ],
    [
      0.0,
      0.17010604727712683,
      0.28436124405896496,
      0.0,
      1.2191351925795585e-16,
      0.07120808146852414,
      0.5191330861190665,
      0.0
    ],
    [
      0.0,
      0.0,
      0.35148982782328847,
      2.0644422032959918e-17,
      5.431004105578139e-17,
      0.25763325902679257,
      0.2264946969694835,
      0.1473219920352655
    ],
    [
      0.0,
      0.0,
      0.2428734976759674,
      0.0,
      0.21116229937691866,
      0.18642517755826674,
      6.008795307447335e-16,
      0.4922971773334487
    ],
    [
      0.23668994767835366,
      0.0,
      0.06712858376432393,
      0.0,
      0.4142796901866127,
      3.253645680741686e-16,
      0.0,
      0.5538827772945277
    ],
    [
      0.8563522754957154,
      0.0,
      2.310876387983645e-16,
      6.91773862933171e-17,
      0.18205554674432264,
      0.18642517755827048,
      0.0,
      7.1766989765575e-15
    ],
    [
      0.29760310306611887,
      3.939744524516341e-16,
      0.0,
      0.22313778477651933,
      0.2677597271334322,
      0.0,
      0.0,
      0.0
    ],
    [
      0.0,
      0.2538093859337599,
      0.0,
      0.298765892191417,
      0.16543671574298627,
      5.287174231205237e-16,
      0.0,
      0.0
    ]
  ],
  "B": [
    [
      0.08068910720474977,
      0.0,
      0.0,
      0.0,
      0.0641737279139262,
      0.1283173939380205,
      0.06406496297475014,
      0.09371125323044609,
      0.2059323894677766,
      0.1336318296541626
    ],
    [
      0.14887410257998748,
      0.15123123261873087,
      0.17149488498164747,
      0.0752466284579784,
      0.0,
      0.0,
      0.0,
      0.0,
      2.1524117379574147e-16,
      0.11227290780198679
    ],
    [
      0.0,
      1.2304540733330552e-15,
      0.28450325467249393,
      0.2750306879420142,
      0.3488489878115778,
      0.46033593597006134,
      0.17583268129756807,
      0.0,
      9.923419113204621e-17,
      0.0
    ],
    [
      0.47902407410192316,
      0.30966651672960577,
      0.08558972018850523,
      0.0,
      0.0,
      0.0,
      2.974413106321137e-16,
      0.22599181186946296,
      0.5916542446534234,
      0.5239599864222628
    ],
    [
      0.0,
      0.0,
      0.0,
      0.0,
      0.0,
      0.11544172934486605,
      0.41767210048978787,
      0.3831256795186153,
      0.024998025052676832,
      0.09044370429219163
    ],
    [
      0.0,
      0.10244485649764619,
      1.0927337383000462e-16,
      0.1024448564976425,
      0.07586412319199602,
      1.425558245459906e-16,
      0.26820411628344726,
      0.2682041162834467,
      1.66315128636993e-16,
      0.0
    ],
    [
      0.08432118198810827,
      0.18854789486854065,
      0.13643453842832412,
      0.1958979805299066,
      0.1469766243956756,
      0.0,
      0.0,
      0.0,
      0.0,
      1.1120115538575547e-17
    ],
    [
      0.0,
      0.0,
      5.648228966294947e-18,
      0.09141984922615579,
      0.1666321619289775,
      0.12963645344908023,
      9.037166346071915e-17,
      0.0,
      0.12963645344907823,
      7.077218989484126e-17
    ]
  ],