{
  "k": 3,
  "M_approx": [
    [
      0.6,
      0.5904508497187474,
      0.5654508497187475,
      0.5345491502812527,
      0.5095491502812526,
      0.5000000000000001,
      0.5095491502812527,
      0.5345491502812528,
      0.5654508497187475,
      0.5904508497187475
    ],
    [
      0.5904508497187475,
      0.6,
      0.5904508497187475,
      0.5654508497187474,
      0.5345491502812525,
      0.5095491502812527,
      0.49999999999999994,
      0.5095491502812528,
      0.5345491502812528,
      0.5654508497187475
    ],
    [
      0.5654508497187474,
      0.5904508497187474,
      0.6000000000000002,
      0.5904508497187475,
      0.5654508497187474,
      0.5345491502812527,
      0.5095491502812526,
      0.49999999999999994,
      0.5095491502812526,
      0.5345491502812525
    ],
    [
      0.5345491502812526,
      0.5654508497187473,
      0.5904508497187474,
      0.6,
      0.5904508497187474,
      0.5654508497187474,
      0.5345491502812526,
      0.5095491502812526,
      0.49999999999999994,
      0.5095491502812526
    ],
    [
      0.5095491502812525,
      0.5345491502812526,
      0.5654508497187474,
      0.5904508497187474,
      0.6000000000000002,
      0.5904508497187475,
      0.5654508497187474,
      0.5345491502812525,
      0.5095491502812525,
      0.4999999999999999
    ],
    [
      0.4999999999999999,
      0.5095491502812525,
      0.5345491502812525,
      0.565450849718747,
      0.5904508497187473,
      0.5999999999999999,
      0.5904508497187473,
      0.5654508497187473,
      0.5345491502812525,
      0.5095491502812527
    ],
    [
      0.5095491502812526,
      0.5,
      0.5095491502812526,
      0.5345491502812525,
      0.5654508497187475,
      0.5904508497187475,
      0.6000000000000001,
      0.5904508497187475,
      0.5654508497187474,
      0.5345491502812529
    ],
    [
      0.5345491502812526,
      0.5095491502812527,
      0.5000000000000001,
      0.5095491502812527,
      0.5345491502812527,
      0.5654508497187476,
      0.5904508497187475,
      0.6000000000000001,
      0.5904508497187473,
      0.5654508497187476
    ],
    [
      0.5654508497187474,
      0.5345491502812527,
      0.5095491502812527,
      0.49999999999999994,
      0.5095491502812526,
      0.5345491502812526,
      0.5654508497187473,
      0.5904508497187474,
      0.5999999999999999,
      0.5904508497187475
    ],
    [
      0.5904508497187474,
      0.5654508497187474,
      0.5345491502812526,
      0.5095491502812526,
      0.49999999999999983,
      0.5095491502812527,
      0.5345491502812526,
      0.5654508497187475,
      0.5904508497187474,
      0.6000000000000001
    ]
  ],
  "A": [
    [
      0.8595230857882568,
      0.3151609448541123,
      0.12899317228244997
    ],
    [
      0.6992712566922604,
      0.3726711740429975,
      0.21297515305154666
    ],
    [
      0.507929198553461,
      0.36548531884398455,
      0.36822962258260633
    ],
    [
      0.3585830741035237,
      0.2963481317048607,
      0.5354546504200977
    ],
    [
      0.30827802679425087,
      0.19166766822621004,
      0.6507759596997473
    ],
    [
      0.3762288748921155,
      0.09142830749878463,
      0.6701447299038662
    ],
    [
      0.5364807039881124,
      0.033918078309899465,
      0.5861627491347693
    ],
    [
      0.7278227621269103,
      0.04110393350891299,
      0.4309082796037104
    ],
    [
      0.877168886576848,
      0.11024112064803662,
      0.2636832517662187
    ],
    [
      0.9274739338861205,
      0.2149215841266869,
      0.14836194248656948
    ]
  ],
  "B": [
    [
      0.4561519456173615,
      0.39642254271584476,
      0.3449921808590797,
      0.3215055102226444,
      0.3349336407070831,
      0.38014748287270905,
      0.4398768857742258,
      0.49130724763099104,
      0.514793918267426,
      0.5013657877829876
    ],
    [
      0.4863451660034812,
      0.6060715361039747,
      0.6419259717228177,
      0.5802132971010565,
      0.4445056564075404,
      0.28663875585413534,
      0.16691238575364142,
      0.13105795013479885,
      0.19277062475656045,
      0.32847826545007525
    ],
    [
      0.42366482740727557,
      0.45511280574865587,
      0.5164002784078856,
      0.5841175139137189,
      0.6323988299271093,
      0.642802404752515,
      0.6113544264111348,
      0.5500669537519048,
      0.48234971824607137,
      0.4340684022326817
    ]
  ],
  "M": [
    [
      0.6,
      0.5904508497187474,
      0.5654508497187474,
      0.5345491502812526,
      0.5095491502812526,
      0.5,
      0.5095491502812526,
      0.5345491502812526,
      0.5654508497187474,
      0.5904508497187474
    ],
    [
      0.5904508497187474,
      0.6,
      0.5904508497187474,
      0.5654508497187474,
      0.5345491502812526,
      0.5095491502812526,
      0.5,
      0.5095491502812526,
      0.5345491502812526,
      0.5654508497187474
    ],
    [
      0.5654508497187474,
      0.5904508497187474,
      0.6,
      0.5904508497187474,
      0.5654508497187474,
      0.5345491502812526,
      0.5095491502812526,
      0.5,
      0.5095491502812526,
      0.5345491502812526
    ],
    [
      0.5345491502812526,
      0.5654508497187474,
      0.5904508497187474,
      0.6,
      0.5904508497187474,
      0.5654508497187474,
      0.5345491502812526,
      0.5095491502812526,
      0.5,
      0.5095491502812526
    ],
    [
      0.5095491502812526,
      0.5345491502812526,
      0.5654508497187474,
      0.5904508497187474,
      0.6,
      0.5904508497187474,
      0.5654508497187474,
      0.5345491502812526,
      0.5095491502812526,
      0.5
    ],
    [
      0.5,
      0.5095491502812526,
      0.5345491502812526,
      0.5654508497187474,
      0.5904508497187474,
      0.6,
      0.5904508497187474,
      0.5654508497187474,
      0.5345491502812526,
      0.5095491502812526
    ],
    [
      0.5095491502812526,
      0.5,
      0.5095491502812526,
      0.5345491502812526,
      0.5654508497187474,
      0.5904508497187474,
      0.6,
      0.5904508497187474,
      0.5654508497187474,
      0.5345491502812526
    ],
    [
      0.5345491502812526,
      0.5095491502812526,
      0.5,
      0.5095491502812526,
      0.5345491502812526,
      0.5654508497187474,
      0.5904508497187474,
      0.6,
      0.5904508497187474,
      0.5654508497187474
    ],
    [
      0.5654508497187474,
      0.5345491502812526,
      0.5095491502812526,
      0.5,
      0.5095491502812526,
      0.5345491502812526,
      0.5654508497187474,
      0.5904508497187474,
      0.6,
      0.5904508497187474
    ],
    [
      0.5904508497187474,
      0.5654508497187474,
      0.5345491502812526,
      0.5095491502812526,
      0.5,
      0.5095491502812526,
      0.5345491502812526,
      0.5654508497187474,
      0.5904508497187474,
      0.6
    ]
  ],
  "score": 4.0245584642661925e-16
}