{
  "k": 4,
  "M_approx": [
    [
      0.24000000000000002,
      0.22185661446562002,
      0.17435661446562004,
      0.11564338553438004,
      0.06814338553437999,
      0.05000000000000001,
      0.06814338553438,
      0.11564338553437999,
      0.17435661446561998,
      0.22185661446562
    ],
    [
      0.22185661446562,
      0.23999999999999996,
      0.22185661446561997,
      0.17435661446562,
      0.11564338553437997,
      0.06814338553438,
      0.05000000000000002,
      0.06814338553438,
      0.11564338553438,
      0.17435661446562
    ],
    [
      0.17435661446562004,
      0.22185661446562,
      0.24000000000000002,
      0.22185661446562008,
      0.17435661446562006,
      0.11564338553438003,
      0.06814338553438,
      0.049999999999999975,
      0.06814338553437999,
      0.11564338553438003
    ],
    [
      0.11564338553438001,
      0.17435661446562004,
      0.22185661446562002,
      0.24,
      0.22185661446561994,
      0.17435661446562,
      0.11564338553438,
      0.06814338553437999,
      0.049999999999999975,
      0.06814338553437999
    ],
    [
      0.06814338553437999,
      0.11564338553438,
      0.17435661446561995,
      0.2218566144656199,
      0.2399999999999999,
      0.22185661446561997,
      0.17435661446562,
      0.11564338553438,
      0.06814338553437999,
      0.04999999999999999
    ],
    [
      0.049999999999999996,
      0.06814338553437999,
      0.11564338553437996,
      0.17435661446561995,
      0.22185661446561997,
      0.24,
      0.22185661446562,
      0.17435661446561998,
      0.11564338553438,
      0.06814338553437999
    ],
    [
      0.06814338553437999,
      0.05000000000000004,
      0.06814338553438001,
      0.11564338553438,
      0.17435661446562,
      0.22185661446561997,
      0.24,
      0.22185661446561994,
      0.17435661446561995,
      0.11564338553437993
    ],
    [
      0.11564338553437999,
      0.06814338553438,
      0.049999999999999996,
      0.06814338553437996,
      0.11564338553437994,
      0.17435661446561995,
      0.22185661446561994,
      0.2399999999999999,
      0.22185661446561997,
      0.17435661446561992
    ],
    [
      0.17435661446562,
      0.11564338553437996,
      0.06814338553437997,
      0.050000000000000024,
      0.06814338553438001,
      0.11564338553437999,
      0.17435661446561995,
      0.22185661446561997,
      0.24000000000000002,
      0.22185661446562
    ],
    [
      0.22185661446562002,
      0.17435661446562,
      0.11564338553438,
      0.06814338553438003,
      0.04999999999999999,
      0.06814338553437997,
      0.11564338553437996,
      0.17435661446561995,
      0.22185661446562,
      0.24
    ]
  ],
  "A": [
    [
      0.5687488462319695,
      0.056603596470094115,
      0.076074280943418,
      0.2192953847489003
    ],
    [
      0.39242767127907907,
      0.17143115025339292,
      2.4436941232681654e-17,
      0.257335743217918
    ],
    [
      0.19081558554808198,
      0.3006224386496867,
      0.0027885786108159567,
      0.2462293479924221
    ],
    [
      0.04092155324546108,
      0.3948307805419804,
      0.08337487452683551,
      0.1902184645560625
    ],
    [
      4.3690215768912033e-14,
      0.41807179135118916,
      0.21097766173559557,
      0.11069734664161976
    ],
    [
      0.0836815682791404,
      0.3614681948810989,
      0.33685701258257017,
      0.038040358469023046
    ],
    [
      0.26000274323203076,
      0.2466406410978001,
      0.4129312935259881,
      5.340843479144537e-15
    ],
    [
      0.46161482896302797,
      0.11744935270150647,
      0.410142714915172,
      0.011106395225501229
    ],
    [
      0.6115088612656489,
      0.023241010809212658,
      0.32955641899915256,
      0.06711727866186085
    ],
    [
      0.6524304145110662,
      3.697461871663274e-15,
      0.2019536317903926,
      0.14663839657630362
    ]
  ],
  "B": [
    [
      0.213069396860922,
      0.10793744299376508,
      0.03048517972173154,
      8.171549845646006e-14,
      0.0,
      2.3344502300615393e-15,
      0.04173672409714492,
      0.142002958807205,
      0.23432994056666384,
      0.27875771299114094
    ],
    [
      0.009914579701165304,
      0.08893898680489011,
      0.2441493620457061,
      0.4020331656242501,
      0.4634209493583348,
      0.36274196882389165,
      0.1961216179551132,
      0.07243429841411503,
      7.84412863617042e-15,
      3.2407667604662194e-15
    ],
    [
      0.024942211257680678,
      4.724558265482437e-14,
      5.642719187423451e-13,
      0.03992351289591938,
      0.14544350442635706,
      0.3206095173638962,
      0.43778899417382044,
      0.40459567111941397,
      0.27469506156415197,
      0.10453461904281026
    ],
    [
      0.5306010650707517,
      0.708783962581319,
      0.652993549626995,
      0.4097200222719335,
      0.1406668140294349,
      0.023153070378853124,
      5.380659835043035e-13,
      1.0783439546078024e-15,
      0.0920425291514208,
      0.2524498676051028
    ]
  ],
  "M": [
    [
      0.24,
      0.22185661446562,
      0.17435661446562,
      0.11564338553438003,
      0.06814338553438,
      0.05,
      0.06814338553437999,
      0.11564338553437997,
      0.17435661446561998,
      0.22185661446562
    ],
    [
      0.22185661446562,
      0.23999999999999994,
      0.22185661446562,
      0.17435661446562,
      0.11564338553437999,
      0.06814338553438,
      0.05,
      0.06814338553437999,
      0.11564338553437997,
      0.17435661446561998
    ],
    [
      0.17435661446562,
      0.22185661446562,
      0.24,
      0.22185661446562,
      0.17435661446562,
      0.11564338553437999,
      0.06814338553438001,
      0.05,
      0.06814338553437997,
      0.11564338553437999
    ],
    [
      0.11564338553438003,
      0.17435661446562,
      0.22185661446562,
      0.24,
      0.22185661446562,
      0.17435661446561998,
      0.11564338553437999,
      0.06814338553437999,
      0.05,
      0.06814338553438001
    ],
    [
      0.06814338553438,
      0.11564338553437999,
      0.17435661446562,
      0.22185661446562,
      0.23999999999999994,
      0.22185661446562,
      0.17435661446562,
      0.11564338553437999,
      0.06814338553438001,
      0.05
    ],
    [
      0.05,
      0.06814338553438,
      0.11564338553437999,
      0.17435661446561998,
      0.22185661446562,
      0.24,
      0.22185661446562,
      0.17435661446562,
      0.11564338553438003,
      0.06814338553438
    ],
    [
      0.06814338553437999,
      0.05,
      0.06814338553438001,
      0.11564338553437999,
      0.17435661446562,
      0.22185661446562,
      0.24,
      0.22185661446562,
      0.17435661446562,
      0.11564338553437999
    ],
    [
      0.11564338553437997,
      0.06814338553437999,
      0.05,
      0.06814338553437999,
      0.11564338553437999,
      0.17435661446562,
      0.22185661446562,
      0.23999999999999994,
      0.22185661446562,
      0.17435661446562
    ],
    [
      0.17435661446561998,
      0.11564338553437997,
      0.06814338553437997,
      0.05,
      0.06814338553438001,
      0.11564338553438003,
      0.17435661446562,
      0.22185661446562,
      0.24,
      0.22185661446562
    ],
    [
      0.22185661446562,
      0.17435661446561998,
      0.11564338553437999,
      0.06814338553438001,
      0.05,
      0.06814338553438,
      0.11564338553437999,
      0.17435661446562,
      0.22185661446562,
      0.24
    ]
  ],
  "score": 1.1622647289044608e-16
}