{
  "k": 3,
  "M_approx": [
    [
      0.2636363636363636,
      0.2506480163225511,
      0.2158066828819725,
      0.17017424050491303,
      0.12823866722265848,
      0.10331421124972295,
      0.10331421124972295,
      0.12823866722265848,
      0.17017424050491306,
      0.21580668288197252,
      0.2506480163225511
    ],
    [
      0.2506480163225512,
      0.26363636363636356,
      0.2506480163225511,
      0.21580668288197252,
      0.17017424050491298,
      0.12823866722265848,
      0.10331421124972298,
      0.10331421124972293,
      0.1282386672226585,
      0.17017424050491303,
      0.21580668288197255
    ],
    [
      0.21580668288197255,
      0.2506480163225511,
      0.2636363636363636,
      0.2506480163225512,
      0.21580668288197247,
      0.170174240504913,
      0.12823866722265856,
      0.10331421124972294,
      0.10331421124972295,
      0.1282386672226585,
      0.1701742405049131
    ],
    [
      0.17017424050491306,
      0.21580668288197252,
      0.2506480163225512,
      0.26363636363636367,
      0.2506480163225512,
      0.2158066828819725,
      0.1701742405049131,
      0.12823866722265848,
      0.10331421124972291,
      0.10331421124972294,
      0.12823866722265856
    ],
    [
      0.1282386672226585,
      0.17017424050491303,
      0.21580668288197252,
      0.2506480163225512,
      0.26363636363636367,
      0.2506480163225512,
      0.2158066828819726,
      0.17017424050491306,
      0.1282386672226585,
      0.10331421124972295,
      0.103314211249723
    ],
    [
      0.10331421124972294,
      0.12823866722265845,
      0.17017424050491292,
      0.21580668288197238,
      0.2506480163225511,
      0.2636363636363636,
      0.25064801632255124,
      0.21580668288197255,
      0.1701742405049131,
      0.12823866722265853,
      0.103314211249723
    ],
    [
      0.10331421124972295,
      0.10331421124972298,
      0.12823866722265848,
      0.170174240504913,
      0.2158066828819726,
      0.2506480163225513,
      0.2636363636363637,
      0.25064801632255124,
      0.21580668288197258,
      0.1701742405049131,
      0.12823866722265853
    ],
    [
      0.12823866722265853,
      0.10331421124972298,
      0.10331421124972293,
      0.12823866722265845,
      0.1701742405049131,
      0.21580668288197258,
      0.2506480163225512,
      0.2636363636363636,
      0.25064801632255124,
      0.21580668288197252,
      0.17017424050491303
    ],
    [
      0.1701742405049131,
      0.12823866722265856,
      0.10331421124972295,
      0.10331421124972293,
      0.12823866722265856,
      0.1701742405049131,
      0.21580668288197247,
      0.2506480163225511,
      0.26363636363636367,
      0.2506480163225512,
      0.2158066828819725
    ],
    [
      0.21580668288197252,
      0.17017424050491306,
      0.1282386672226585,
      0.10331421124972294,
      0.10331421124972298,
      0.12823866722265856,
      0.170174240504913,
      0.21580668288197252,
      0.2506480163225512,
      0.2636363636363636,
      0.2506480163225511
    ],
    [
      0.2506480163225512,
      0.21580668288197252,
      0.17017424050491306,
      0.1282386672226585,
      0.10331421124972294,
      0.10331421124972297,
      0.12823866722265845,
      0.170174240504913,
      0.21580668288197252,
      0.2506480163225512,
      0.2636363636363636
    ]
  ],
  "A": [
    [
      0.10078272842256607,
      0.5632108515959453,
      0.11268936936530907
    ],
    [
      0.01889183466924098,
      0.5329789673896967,
      0.2380388787790286
    ],
    [
      3.4284889823617363e-13,
      0.42252035721115,
      0.36020284832641536
    ],
    [
      0.050105248439921535,
      0.26690484932874914,
      0.44039508084553586
    ],
    [
      0.1532995176351791,
      0.11553926796851928,
      0.4531551091228082
    ],
    [
      0.27681935625248505,
      0.016481115714242305,
      0.3944317143382498
    ],
    [
      0.38144808828031923,
      0.001180655995193211,
      0.2828691594162783
    ],
    [
      0.4339668305711384,
      0.07449567666428758,
      0.15388776728127365
    ],
    [
      0.41770125352730814,
      0.21314917667827016,
      0.04843821859713223
    ],
    [
      0.33781556293316917,
      0.37311964946151777,
      1.6163778338935981e-13
    ],
    [
      0.2196729011070431,
      0.5036176002026982,
      0.023951903646801963
    ]
  ],
  "B": [
    [
      0.18371201511209398,
      0.08412695344244293,
      0.05117253584123349,
      0.09531155705206175,
      0.20253018971191092,
      0.33878727552193566,
      0.4608221524840159,
      0.5298896094199288,
      0.5240612167598526,
      0.4451874479919067,
      0.3183101674044947
    ],
    [
      0.41205523563596647,
      0.3799179340311889,
      0.2973624905061873,
      0.19059967507125938,
      0.09352592727698797,
      0.036961476157728296,
      0.038865135278531845,
      0.09863250631915606,
      0.19728787127026695,
      0.30350884882538565,
      0.3835710291323252
    ],
    [
      0.11578186492429798,
      0.2502061145365267,
      0.3831026283318671,
      0.4722777021821942,
      0.489418880220992,
      0.42908395953471884,
      0.3104288511350884,
      0.17112571356204928,
      0.05540230872610572,
      1.63837689228927e-13,
      0.022508628950702554
    ]
  ],