{
  "k": 8,
  "M_approx": [
    [
      0.1818181818181818,
      0.16738668480283458,
      0.1286740920910806,
      0.07797137833879231,
      0.031376296914065,
      0.0036824569441365937,
      0.0036824569441365963,
      0.031376296914065,
      0.07797137833879227,
      0.1286740920910806,
      0.16738668480283464
    ],
    [
      0.16738668480283458,
      0.18181818181818177,
      0.16738668480283467,
      0.12867409209108063,
      0.07797137833879227,
      0.031376296914064974,
      0.0036824569441365747,
      0.003682456944136598,
      0.031376296914064974,
      0.07797137833879221,
      0.12867409209108058
    ],
    [
      0.12867409209108058,
      0.16738668480283467,
      0.18181818181818185,
      0.1673866848028347,
      0.1286740920910806,
      0.07797137833879225,
      0.03137629691406502,
      0.0036824569441366276,
      0.0036824569441365985,
      0.03137629691406497,
      0.07797137833879227
    ],
    [
      0.07797137833879232,
      0.1286740920910806,
      0.16738668480283467,
      0.18181818181818182,
      0.1673866848028346,
      0.12867409209108052,
      0.07797137833879227,
      0.03137629691406498,
      0.003682456944136597,
      0.003682456944136611,
      0.031376296914065044
    ],
    [
      0.03137629691406497,
      0.07797137833879225,
      0.12867409209108055,
      0.16738668480283467,
      0.18181818181818185,
      0.16738668480283464,
      0.12867409209108066,
      0.07797137833879231,
      0.03137629691406503,
      0.003682456944136596,
      0.003682456944136587
    ],
    [
      0.0036824569441365764,
      0.03137629691406501,
      0.07797137833879221,
      0.12867409209108055,
      0.16738668480283467,
      0.18181818181818174,
      0.16738668480283467,
      0.12867409209108058,
      0.0779713783387923,
      0.03137629691406502,
      0.0036824569441365955
    ],
    [
      0.003682456944136562,
      0.0036824569441365937,
      0.031376296914064974,
      0.07797137833879225,
      0.12867409209108063,
      0.16738668480283464,
      0.18181818181818185,
      0.16738668480283467,
      0.12867409209108063,
      0.07797137833879231,
      0.03137629691406498
    ],
    [
      0.03137629691406493,
      0.0036824569441366,
      0.003682456944136604,
      0.03137629691406497,
      0.0779713783387923,
      0.12867409209108058,
      0.1673866848028347,
      0.1818181818181818,
      0.16738668480283464,
      0.1286740920910806,
      0.07797137833879221
    ],
    [
      0.07797137833879224,
      0.03137629691406499,
      0.003682456944136629,
      0.0036824569441365864,
      0.031376296914065,
      0.07797137833879228,
      0.1286740920910806,
      0.16738668480283464,
      0.18181818181818182,
      0.16738668480283467,
      0.12867409209108055
    ],
    [
      0.12867409209108055,
      0.07797137833879218,
      0.03137629691406497,
      0.0036824569441366076,
      0.0036824569441366046,
      0.031376296914065044,
      0.07797137833879231,
      0.12867409209108058,
      0.1673866848028347,
      0.18181818181818182,
      0.1673866848028346
    ],
    [
      0.16738668480283467,
      0.12867409209108058,
      0.0779713783387923,
      0.031376296914065065,
      0.003682456944136631,
      0.003682456944136604,
      0.03137629691406494,
      0.0779713783387922,
      0.12867409209108052,
      0.16738668480283458,
      0.18181818181818177
    ]
  ],
  "A": [
    [
      0.8892976572144916,
      8.551907545507033e-16,
      0.11643358887385498,
      0.28155623598370083,
      0.0075833928202585135,
      0.0010922398281355754,
      1.2753685747468422e-13,
      0.07069227469820752
    ],
    [
      0.15151715358907786,
      0.0,
      0.41283422042538287,
      0.11718332401548606,
      6.48775382707737e-16,
      1.2502876242070543e-15,
      0.2713450420050244,
      0.22904068015697734
    ],
    [
      1.673824737359571e-12,
      1.50513572800924e-16,
      0.43219756232035705,
      0.01135929310150402,
      1.3616273464236343e-16,
      0.0958022176495352,
      0.5022904062515974,
      0.20636349553297906
    ],
    [
      0.5332032748965427,
      1.2757280592279442e-13,
      0.15434365299675196,
      9.992900432611501e-16,
      0.00656625148481866,
      0.26016638040292556,
      0.6137730902808015,
      9.001855659334961e-16
    ],
    [
      1.3860696959085234e-12,
      0.0695185802879589,
      0.13017575299120757,
      4.627100783214982e-16,
      0.038844271496416644,
      0.34229188269820343,
      0.7336207543431061,
      6.6596330897414776e-15
    ],
    [
      0.024699677708035248,
      0.5567979103406007,
      0.07826736992452536,
      0.004251678201973716,
      6.732883231890403e-05,
      0.19976985698488353,
      0.5668988438401296,
      1.1949682828461349e-15
    ],
    [
      2.8753869890352834e-13,
      0.7538991474219684,
      0.008272813970084213,
      0.0944809765443171,
      3.2797464268925363e-14,
      0.11680646092782122,
      0.3708637298024682,
      4.7923942725383694e-14
    ],
    [
      2.1438228689177354e-14,
      0.8402009725189495,
      5.255125392692565e-17,
      0.19668999151312005,
      7.885724609327825e-14,
      0.007124893489565449,
      0.14072629415825696,
      0.038367628521717996
    ],
    [
      7.253136693937752e-05,
      0.5880605334283431,
      7.703719777548943e-34,
      0.3173504853524601,
      0.03145502198112082,
      2.453641360885768e-13,
      0.0015831523323409028,
      0.06525296093511347
    ],
    [
      0.012371294826012874,
      0.06200680480079947,
      2.0686084500327758e-15,
      0.42181938718077944,
      0.08652710528980374,
      0.10559927313731746,
      3.9234982347776546e-05,
      0.06644132192527712
    ],
    [
      5.622002325111954e-12,
      4.3973908598996964e-15,
      0.18864833042010717,
      0.3612007204504377,
      0.06032200382606382,
      0.016818401322055882,
      0.0,
      0.16916971004139053
    ]
  ],