{
  "k": 3,
  "M_approx": [
    [
      0.5909090909090909,
      0.5836933424014172,
      0.5643370460455404,
      0.538985689169396,
      0.5156881484570325,
      0.5018412284720681,
      0.5018412284720682,
      0.5156881484570324,
      0.5389856891693959,
      0.5643370460455402,
      0.5836933424014175
    ],
    [
      0.5836933424014171,
      0.5909090909090907,
      0.5836933424014173,
      0.5643370460455402,
      0.5389856891693963,
      0.5156881484570325,
      0.5018412284720682,
      0.5018412284720682,
      0.5156881484570323,
      0.5389856891693959,
      0.5643370460455401
    ],
    [
      0.5643370460455402,
      0.5836933424014173,
      0.5909090909090909,
      0.5836933424014171,
      0.5643370460455402,
      0.538985689169396,
      0.5156881484570324,
      0.5018412284720684,
      0.5018412284720682,
      0.5156881484570324,
      0.5389856891693963
    ],
    [
      0.538985689169396,
      0.5643370460455402,
      0.5836933424014173,
      0.5909090909090908,
      0.5836933424014172,
      0.5643370460455404,
      0.538985689169396,
      0.5156881484570326,
      0.5018412284720684,
      0.5018412284720682,
      0.5156881484570325
    ],
    [
      0.5156881484570324,
      0.5389856891693963,
      0.5643370460455405,
      0.5836933424014175,
      0.590909090909091,
      0.5836933424014176,
      0.5643370460455404,
      0.5389856891693963,
      0.5156881484570324,
      0.5018412284720681,
      0.5018412284720681
    ],
    [
      0.5018412284720681,
      0.5156881484570325,
      0.5389856891693962,
      0.5643370460455402,
      0.5836933424014172,
      0.5909090909090908,
      0.5836933424014172,
      0.5643370460455401,
      0.538985689169396,
      0.5156881484570323,
      0.5018412284720681
    ],
    [
      0.5018412284720682,
      0.5018412284720684,
      0.5156881484570325,
      0.5389856891693962,
      0.5643370460455402,
      0.5836933424014173,
      0.590909090909091,
      0.5836933424014173,
      0.5643370460455404,
      0.5389856891693962,
      0.5156881484570325
    ],
    [
      0.5156881484570324,
      0.5018412284720684,
      0.5018412284720682,
      0.5156881484570326,
      0.538985689169396,
      0.5643370460455402,
      0.5836933424014176,
      0.5909090909090908,
      0.5836933424014175,
      0.5643370460455404,
      0.5389856891693962
    ],
    [
      0.538985689169396,
      0.5156881484570325,
      0.5018412284720684,
      0.5018412284720684,
      0.5156881484570325,
      0.538985689169396,
      0.5643370460455405,
      0.5836933424014172,
      0.5909090909090909,
      0.5836933424014173,
      0.5643370460455404
    ],
    [
      0.5643370460455402,
      0.5389856891693962,
      0.5156881484570327,
      0.5018412284720685,
      0.5018412284720684,
      0.5156881484570323,
      0.5389856891693962,
      0.56433704604554,
      0.5836933424014171,
      0.5909090909090908,
      0.5836933424014173
    ],
    [
      0.5836933424014172,
      0.5643370460455401,
      0.5389856891693962,
      0.5156881484570325,
      0.5018412284720682,
      0.5018412284720681,
      0.5156881484570326,
      0.538985689169396,
      0.5643370460455401,
      0.5836933424014173,
      0.5909090909090909
    ]
  ],
  "A": [
    [
      0.3715818288236459,
      0.4803761812203713,
      0.2394044188000818
    ],
    [
      0.5121074746214016,
      0.4898019716344986,
      0.0889831862977432
    ],
    [
      0.6160389488126592,
      0.46075869078445725,
      0.007272701206367417
    ],
    [
      0.650378742686401,
      0.4024673751301183,
      0.0202154652037664
    ],
    [
      0.6042242143211038,
      0.3334351055249797,
      0.12370224216996535
    ],
    [
      0.49222910036043344,
      0.2755791398099637,
      0.2848767116208232
    ],
    [
      0.3499510581672424,
      0.24726833830886827,
      0.4525671183100746
    ],
    [
      0.22256236084926115,
      0.2574911804637268,
      0.5735329429576768
    ],
    [
      0.15050801971942507,
      0.30300198612152285,
      0.60936839094169
    ],
    [
      0.15666477897481082,
      0.369351396049893,
      0.5486959607283661
    ],
    [
      0.23907791105341408,
      0.4354739413991073,
      0.41077872021953116
    ]
  ],
  "B": [
    [
      0.3572371007363459,
      0.43572003896910566,
      0.5498448810752621,
      0.6633777960537138,
      0.7402728855840456,
      0.756116502055118,
      0.7058784091830086,
      0.6055088464892118,
      0.4868744409515657,
      0.38764077809761843,
      0.3393138447319427
    ],
    [
      0.7404127662507132,
      0.6779087858087264,
      0.5407101019983926,
      0.3723763275299131,
      0.22635224640741813,
      0.1489994726304436,
      0.16487696532459897,
      0.26894373274449074,
      0.4281593115349452,
      0.5919738803935172,
      0.7083774711660419
    ],
    [
      0.4281024511961033,
      0.4015651014525018,
      0.41887458102746955,
      0.474535252458894,
      0.5508752458468079,
      0.6236571526831676,
      0.6697732317998085,
      0.6745819539178407,
      0.6365565837415974,
      0.5677699076276076,
      0.4900612092186352
    ]
  ],