{
  "k": 4,
  "M_approx": [
    [
      0.22272727272727275,
      0.2090173505626929,
      0.1722403874865266,
      0.12407280942185267,
      0.07980748206836172,
      0.05349833409692978,
      0.05349833409692975,
      0.07980748206836173,
      0.12407280942185261,
      0.17224038748652656,
      0.20901735056269288
    ],
    [
      0.20901735056269288,
      0.22272727272727266,
      0.20901735056269288,
      0.17224038748652656,
      0.12407280942185267,
      0.07980748206836179,
      0.0534983340969298,
      0.05349833409692979,
      0.0798074820683617,
      0.12407280942185264,
      0.17224038748652648
    ],
    [
      0.17224038748652656,
      0.20901735056269294,
      0.22272727272727277,
      0.2090173505626929,
      0.17224038748652662,
      0.12407280942185267,
      0.0798074820683618,
      0.05349833409692978,
      0.05349833409692976,
      0.07980748206836175,
      0.12407280942185261
    ],
    [
      0.1240728094218527,
      0.1722403874865266,
      0.20901735056269297,
      0.22272727272727272,
      0.2090173505626929,
      0.1722403874865265,
      0.12407280942185266,
      0.07980748206836175,
      0.05349833409692976,
      0.0534983340969298,
      0.07980748206836177
    ],
    [
      0.07980748206836176,
      0.12407280942185259,
      0.17224038748652656,
      0.20901735056269286,
      0.22272727272727275,
      0.2090173505626929,
      0.1722403874865266,
      0.12407280942185273,
      0.07980748206836177,
      0.053498334096929806,
      0.05349833409692978
    ],
    [
      0.053498334096929806,
      0.0798074820683617,
      0.12407280942185267,
      0.17224038748652648,
      0.20901735056269288,
      0.22272727272727266,
      0.2090173505626929,
      0.1722403874865266,
      0.12407280942185266,
      0.07980748206836177,
      0.05349833409692978
    ],
    [
      0.05349833409692979,
      0.05349833409692976,
      0.07980748206836177,
      0.12407280942185263,
      0.1722403874865266,
      0.20901735056269294,
      0.22272727272727277,
      0.20901735056269297,
      0.1722403874865266,
      0.12407280942185267,
      0.07980748206836175
    ],
    [
      0.07980748206836172,
      0.05349833409692975,
      0.05349833409692976,
      0.07980748206836173,
      0.12407280942185267,
      0.17224038748652656,
      0.20901735056269297,
      0.2227272727272727,
      0.20901735056269288,
      0.1722403874865265,
      0.12407280942185259
    ],
    [
      0.12407280942185267,
      0.07980748206836177,
      0.05349833409692976,
      0.053498334096929764,
      0.07980748206836176,
      0.12407280942185267,
      0.1722403874865266,
      0.2090173505626929,
      0.22272727272727277,
      0.20901735056269294,
      0.17224038748652654
    ],
    [
      0.17224038748652654,
      0.12407280942185263,
      0.0798074820683617,
      0.053498334096929764,
      0.053498334096929744,
      0.07980748206836177,
      0.12407280942185267,
      0.17224038748652654,
      0.2090173505626929,
      0.22272727272727272,
      0.20901735056269288
    ],
    [
      0.2090173505626929,
      0.1722403874865265,
      0.12407280942185266,
      0.07980748206836175,
      0.0534983340969297,
      0.053498334096929764,
      0.07980748206836166,
      0.12407280942185259,
      0.17224038748652648,
      0.2090173505626929,
      0.22272727272727266
    ]
  ],
  "A": [
    [
      0.28643951978307686,
      0.5384821255979175,
      1.444643938517319e-14,
      0.15371919782230137
    ],
    [
      0.4129311019148482,
      0.4269358615401389,
      0.10136856813273075,
      0.021346101174630705
    ],
    [
      0.5382934940457903,
      0.17787085847924836,
      0.2034679605067468,
      7.131407895222585e-13
    ],
    [
      0.46243669275596944,
      0.04566600966866355,
      0.36590386750470755,
      1.1931332441051301e-12
    ],
    [
      0.2677856886932116,
      0.008489635881850062,
      0.503610474200452,
      0.05645447779606356
    ],
    [
      0.08759286843175496,
      1.7511753841810729e-12,
      0.5318462754355389,
      0.1944378806929171
    ],
    [
      5.559068016552647e-14,
      1.5307392578245542e-12,
      0.42962964603821463,
      0.38273778075982035
    ],
    [
      6.227434584407268e-13,
      0.04438081855284144,
      0.24825399744059448,
      0.5418215923821532
    ],
    [
      5.046107662025251e-13,
      0.2148495392296414,
      0.09559188010837794,
      0.5684697916426339
    ],
    [
      0.035032988176616146,
      0.4189690245253689,
      0.0,
      0.4753038757506887
    ],
    [
      0.07974196427435438,
      0.6075003765503129,
      1.430699498956165e-14,
      0.2833374793152684
    ]
  ],
  "B": [
    [
      0.22620687444432436,
      0.2786523537791287,
      0.2885816012160131,
      0.2528421508504769,
      0.18278102565068854,
      0.10064213783932513,
      0.032504003930846924,
      1.4701021110983083e-13,
      0.013449917632905968,
      0.06858350301329923,
      0.14789623233835125
    ],
    [
      0.26003856316341983,
      0.22887051555534618,
      0.16635503382124522,
      0.09234034169840735,
      0.030325580973009126,
      4.180686331982646e-15,
      0.01099175646800489,
      0.0598110453624616,
      0.13095808739999582,
      0.20184419943466808,
      0.2499635417528033
    ],
    [
      0.020747326441614516,
      0.08999552703429019,
      0.18575878737425894,
      0.2776329489344443,
      0.33644861457129327,
      0.34353222601674116,
      0.29663478668726506,
      0.21064590220850185,
      0.11286643583403375,
      0.034340677261059514,
      1.3062865277123274e-15
    ],
    [
      0.11648880727859807,
      0.03875652840529946,
      6.360968717302692e-16,
      0.012524145990840278,
      0.07235263851711365,
      0.16049035392965663,
      0.24895419033632557,
      0.309657504733602,
      0.32332742370947504,
      0.2856238445761365,
      0.2085173873076616
    ]
  ],