{
  "k": 6,
  "M_approx": [
    [
      0.19000000000000003,
      0.1757128179548063,
      0.1373873511701698,
      0.08719166455540436,
      0.04106253394492429,
      0.013645632374695243,
      0.013645632374695191,
      0.04106253394492435,
      0.08719166455540432,
      0.13738735117016976,
      0.17571281795480628
    ],
    [
      0.17571281795480637,
      0.19,
      0.1757128179548063,
      0.13738735117016979,
      0.08719166455540427,
      0.041062533944924345,
      0.013645632374695238,
      0.013645632374695264,
      0.04106253394492432,
      0.08719166455540428,
      0.1373873511701697
    ],
    [
      0.13738735117016979,
      0.17571281795480628,
      0.18999999999999997,
      0.1757128179548063,
      0.13738735117016979,
      0.08719166455540434,
      0.041062533944924394,
      0.013645632374695287,
      0.013645632374695257,
      0.041062533944924345,
      0.08719166455540432
    ],
    [
      0.08719166455540436,
      0.13738735117016976,
      0.1757128179548063,
      0.19,
      0.17571281795480628,
      0.13738735117016967,
      0.08719166455540432,
      0.041062533944924345,
      0.01364563237469528,
      0.013645632374695224,
      0.041062533944924394
    ],
    [
      0.041062533944924304,
      0.08719166455540431,
      0.13738735117016973,
      0.1757128179548063,
      0.19000000000000003,
      0.17571281795480628,
      0.13738735117016984,
      0.08719166455540438,
      0.04106253394492438,
      0.0136456323746952,
      0.013645632374695228
    ],
    [
      0.013645632374695202,
      0.04106253394492432,
      0.08719166455540432,
      0.1373873511701697,
      0.1757128179548063,
      0.18999999999999997,
      0.17571281795480637,
      0.1373873511701698,
      0.08719166455540439,
      0.04106253394492436,
      0.013645632374695231
    ],
    [
      0.01364563237469522,
      0.013645632374695243,
      0.04106253394492438,
      0.08719166455540432,
      0.13738735117016984,
      0.17571281795480634,
      0.19000000000000009,
      0.17571281795480634,
      0.13738735117016979,
      0.08719166455540436,
      0.04106253394492428
    ],
    [
      0.04106253394492433,
      0.013645632374695245,
      0.013645632374695255,
      0.0410625339449243,
      0.08719166455540435,
      0.1373873511701698,
      0.17571281795480637,
      0.18999999999999997,
      0.17571281795480628,
      0.13738735117016979,
      0.08719166455540425
    ],
    [
      0.08719166455540431,
      0.041062533944924345,
      0.013645632374695238,
      0.013645632374695222,
      0.04106253394492437,
      0.08719166455540436,
      0.13738735117016984,
      0.17571281795480634,
      0.19,
      0.1757128179548063,
      0.13738735117016973
    ],
    [
      0.1373873511701697,
      0.08719166455540428,
      0.04106253394492432,
      0.01364563237469521,
      0.013645632374695226,
      0.04106253394492437,
      0.08719166455540436,
      0.1373873511701698,
      0.1757128179548063,
      0.19,
      0.17571281795480628
    ],
    [
      0.1757128179548063,
      0.13738735117016973,
      0.08719166455540436,
      0.04106253394492439,
      0.013645632374695231,
      0.013645632374695248,
      0.041062533944924255,
      0.08719166455540431,
      0.13738735117016973,
      0.17571281795480626,
      0.18999999999999997
    ]
  ],
  "A": [
    [
      0.3119515397745264,
      4.226838555016164e-13,
      0.46756091967708396,
      5.809903416779274e-16,
      0.10691413308909664,
      0.20492054685309535
    ],
    [
      0.08999230181503663,
      0.11992078378795039,
      0.5221119113315134,
      1.1651042873433858e-15,
      0.0,
      0.2550399288901141
    ],
    [
      3.2615576254733716e-16,
      0.346388707829477,
      0.42251399643624904,
      9.776880480924253e-16,
      0.012907503465428684,
      0.15540486919324428
    ],
    [
      0.0010388048442655077,
      0.543537095551658,
      0.2392489267355197,
      0.025076978893899867,
      0.07854814891226833,
      0.019567433969973156
    ],
    [
      3.2160023516797217e-13,
      0.5633926683818712,
      0.08237252897195557,
      0.10074190976715723,
      0.09200187497385662,
      3.087790036596158e-15
    ],
    [
      0.00023309093115098605,
      0.4024303029259494,
      3.7133987653330097e-06,
      0.20188226828607492,
      0.05173377376639473,
      0.09935621880191324
    ],
    [
      0.03418463458004416,
      0.14168155541643612,
      0.00011253005305173824,
      0.284653949617724,
      4.9292509119769836e-14,
      0.24776395367760892
    ],
    [
      0.23893426618410832,
      3.9836476525633877e-13,
      4.6309275432782647e-14,
      0.2694330133232383,
      0.08722088032191336,
      0.22384496368764506
    ],
    [
      0.5457078761494345,
      0.018901432090963025,
      0.0018081967028537194,
      0.1624112537272103,
      0.2822901120964513,
      0.039633618352512175
    ],
    [
      0.6480505959990338,
      4.020576370953494e-15,
      0.12184146357367386,
      0.07299061560769804,
      0.33382005736146325,
      5.87335870303609e-16
    ],
    [
      0.5800416919830037,
      0.01056018186998473,
      0.284771076780078,
      0.005543570724002504,
      0.28578061619915485,
      0.03906838268132136
    ]
  ],
  "B": [
    [
      0.11520113221750083,
      0.023776640957156054,
      6.48635604605654e-05,
      3.751909252883363e-13,
      2.352948252529787e-13,
      1.1313785152941695e-14,
      3.150811514968479e-15,
      0.10324190550528528,
      0.2139082681732984,
      0.2543981242914392,
      0.2377023187307438
    ],
    [
      0.014109382648031191,
      0.09027924235729755,
      0.1954573313038502,
      0.2950301804017116,
      0.3050870875445546,
      0.225703345287217,
      0.11378871904992557,
      0.03630619488455083,
      8.639074165398055e-16,
      0.0027606028956094204,
      1.1219227892514963e-13
    ],
    [
      0.30490862291979093,
      0.33907276199737,
      0.28101557582862485,
      0.1088517639597037,
      0.008364027266324448,
      0.001953451979097854,
      4.1440866316846185e-16,
      6.091470414507276e-15,
      1.3489728350872938e-13,
      0.003332821177370299,
      0.1572654842043655
    ],
    [
      0.011748159224874315,
      1.3269573438153529e-05,
      0.027922363071063723,
      0.005246895615768445,
      0.1729886362227971,
      0.4606600325399815,
      0.610840768342284,
      0.5868137343094806,
      0.3825164582568888,
      0.06201309644607666,
      1.6098540884948223e-13
    ],
    [
      0.07406136924607466,
      0.09127404841707891,
      0.014208491837372156,
      3.7576125831731205e-16,
      1.2686148750959125e-14,
      0.021570492776021348,
      0.12763169826456855,
      0.08282748879631473,
      0.027467868708042905,
      0.06052570416582175,
      0.007513724267278909
    ],
    [
      0.01747636456073418,
      2.604317170497685e-12,
      0.021745634030576052,
      0.1771263753054072,
      0.18129876302988418,
      0.05087866587983196,
      2.7101484681801185e-16,
      3.090918313445499e-06,
      0.0855255747976158,
      0.2439878051479104,
      0.13286464579821883
    ]
  ],