{
  "k": 8,
  "M_approx": [
    [
      0.18181818181818182,
      0.16738668480283458,
      0.1286740920910806,
      0.0779713783387923,
      0.031376296914064974,
      0.0036824569441366475,
      0.003682456944136593,
      0.03137629691406499,
      0.07797137833879225,
      0.12867409209108052,
      0.1673866848028346
    ],
    [
      0.16738668480283467,
      0.1818181818181817,
      0.16738668480283467,
      0.1286740920910806,
      0.07797137833879222,
      0.031376296914065016,
      0.0036824569441366146,
      0.003682456944136565,
      0.031376296914064995,
      0.07797137833879214,
      0.12867409209108055
    ],
    [
      0.1286740920910806,
      0.1673866848028346,
      0.18181818181818185,
      0.1673866848028347,
      0.12867409209108058,
      0.0779713783387923,
      0.031376296914064995,
      0.003682456944136611,
      0.003682456944136589,
      0.031376296914064954,
      0.07797137833879231
    ],
    [
      0.0779713783387923,
      0.1286740920910806,
      0.16738668480283467,
      0.1818181818181818,
      0.16738668480283458,
      0.12867409209108052,
      0.07797137833879225,
      0.031376296914065,
      0.0036824569441366597,
      0.0036824569441366007,
      0.03137629691406502
    ],
    [
      0.03137629691406499,
      0.07797137833879228,
      0.1286740920910806,
      0.1673866848028346,
      0.18181818181818182,
      0.1673866848028346,
      0.12867409209108058,
      0.07797137833879228,
      0.031376296914064995,
      0.0036824569441365885,
      0.0036824569441365994
    ],
    [
      0.003682456944136614,
      0.03137629691406504,
      0.07797137833879228,
      0.1286740920910805,
      0.16738668480283464,
      0.18181818181818177,
      0.16738668480283464,
      0.12867409209108058,
      0.07797137833879231,
      0.03137629691406502,
      0.003682456944136589
    ],
    [
      0.0036824569441365963,
      0.0036824569441366393,
      0.03137629691406502,
      0.07797137833879222,
      0.1286740920910806,
      0.16738668480283467,
      0.18181818181818188,
      0.16738668480283467,
      0.12867409209108063,
      0.0779713783387923,
      0.03137629691406497
    ],
    [
      0.03137629691406499,
      0.0036824569441366185,
      0.0036824569441366198,
      0.03137629691406496,
      0.07797137833879227,
      0.12867409209108058,
      0.16738668480283472,
      0.1818181818181818,
      0.1673866848028347,
      0.1286740920910806,
      0.07797137833879224
    ],
    [
      0.07797137833879218,
      0.03137629691406496,
      0.00368245694413657,
      0.0036824569441366102,
      0.03137629691406501,
      0.07797137833879231,
      0.1286740920910806,
      0.16738668480283464,
      0.1818181818181818,
      0.16738668480283464,
      0.12867409209108052
    ],
    [
      0.12867409209108052,
      0.07797137833879224,
      0.03137629691406499,
      0.003682456944136625,
      0.0036824569441365994,
      0.03137629691406506,
      0.07797137833879231,
      0.1286740920910806,
      0.1673866848028347,
      0.18181818181818185,
      0.16738668480283458
    ],
    [
      0.16738668480283467,
      0.12867409209108052,
      0.07797137833879228,
      0.03137629691406501,
      0.003682456944136628,
      0.003682456944136668,
      0.03137629691406496,
      0.07797137833879221,
      0.12867409209108055,
      0.1673866848028346,
      0.18181818181818177
    ]
  ],
  "A": [
    [
      0.41969615016614076,
      0.0,
      1.1936127106257838e-17,
      0.18608027943526056,
      1.3197749370893195e-15,
      0.021075056631158846,
      0.2787661193055899,
      0.0
    ],
    [
      0.18299290871366086,
      1.608012367454028e-14,
      0.0018255922095615248,
      0.3120161467094807,
      0.015151877755629985,
      0.149535402361934,
      0.02741826213873218,
      2.8504537000152e-15
    ],
    [
      0.003560178046825563,
      0.011310785551611831,
      0.0019552844749908377,
      0.29911118506648665,
      0.16839595618668168,
      0.11819684764820369,
      4.3987887056844595e-06,
      0.0021622856360940736
    ],
    [
      1.8156129517915556e-14,
      0.09947655496667822,
      0.0,
      0.1763298498995116,
      0.3269314698643836,
      0.007357843632815412,
      1.681819309877348e-12,
      0.044693440934581934
    ],
    [
      5.424622155537767e-14,
      0.0024032759949771873,
      0.018524859810036022,
      0.022023757378295147,
      0.4890199859027831,
      4.70417324896426e-13,
      1.0242708747684896e-13,
      0.3048518882149232
    ],
    [
      4.243590422296327e-14,
      0.3583553650533971,
      0.15011241793896601,
      3.6673050991097715e-16,
      0.23681997591931703,
      0.012178597262331543,
      1.923505702988486e-14,
      0.030228998916246662
    ],
    [
      4.139189986896782e-06,
      0.4252589518800842,
      0.2522522745796412,
      2.289748049622859e-16,
      0.028071042556177796,
      0.13146927038294434,
      6.813639587206255e-17,
      2.4769479773699064e-16
    ],
    [
      0.0,
      0.06368469035102323,
      0.27359417864756586,
      5.0258570951388396e-17,
      1.8689397257395212e-15,
      0.3371849579963296,
      6.071933559455344e-14,
      0.3537668654464065
    ],
    [
      0.003948561687281492,
      1.5723120499982022e-12,
      0.2777191426889475,
      3.612334787131091e-17,
      3.3813054248577176e-17,
      0.14597764106868621,
      0.5815914265108265,
      0.06146009958109906
    ],
    [
      0.29008606214137245,
      8.516611137260192e-15,
      0.16918176822169487,
      1.9988381856081165e-06,
      0.0,
      5.209088826264422e-15,
      0.6652760046487299,
      0.0018002439906812432
    ],
    [
      0.6843514432915353,
      0.0,
      2.7014335424143425e-07,
      0.024719190442004678,
      0.0,
      0.0,
      0.2281246938705874,
      0.22463076740560614
    ]
  ],