{
  "k": 5,
  "M_approx": [
    [
      0.17500000000000002,
      0.16394709581221614,
      0.13375,
      0.09250000000000004,
      0.05125000000000005,
      0.021052904187783834,
      0.01000000000000002,
      0.02105290418778382,
      0.05124999999999997,
      0.09249999999999997,
      0.13375000000000004,
      0.16394709581221617
    ],
    [
      0.16394709581221623,
      0.17500000000000004,
      0.16394709581221625,
      0.13375000000000006,
      0.09250000000000008,
      0.05125000000000002,
      0.02105290418778383,
      0.010000000000000005,
      0.021052904187783782,
      0.051249999999999976,
      0.09250000000000004,
      0.13374999999999998
    ],
    [
      0.13375,
      0.16394709581221617,
      0.175,
      0.1639470958122162,
      0.13375000000000004,
      0.09249999999999999,
      0.051250000000000025,
      0.021052904187783834,
      0.01,
      0.021052904187783807,
      0.05125000000000002,
      0.09249999999999999
    ],
    [
      0.09250000000000001,
      0.13374999999999998,
      0.1639470958122162,
      0.17500000000000002,
      0.16394709581221625,
      0.13374999999999998,
      0.09249999999999999,
      0.051249999999999976,
      0.021052904187783834,
      0.010000000000000018,
      0.021052904187783817,
      0.05124999999999999
    ],
    [
      0.051250000000000025,
      0.0925,
      0.13374999999999998,
      0.1639470958122162,
      0.17500000000000004,
      0.16394709581221617,
      0.13375000000000004,
      0.09250000000000003,
      0.05125000000000003,
      0.021052904187783827,
      0.009999999999999981,
      0.021052904187783817
    ],
    [
      0.021052904187783814,
      0.051249999999999976,
      0.09249999999999996,
      0.13374999999999995,
      0.16394709581221614,
      0.175,
      0.1639470958122162,
      0.13375000000000004,
      0.09250000000000003,
      0.051250000000000025,
      0.021052904187783807,
      0.01000000000000004
    ],
    [
      0.010000000000000005,
      0.021052904187783814,
      0.05124999999999999,
      0.09249999999999999,
      0.13374999999999998,
      0.16394709581221623,
      0.17500000000000004,
      0.16394709581221625,
      0.13375000000000004,
      0.09250000000000003,
      0.051250000000000004,
      0.021052904187783883
    ],
    [
      0.021052904187783803,
      0.010000000000000002,
      0.021052904187783817,
      0.05124999999999999,
      0.09249999999999997,
      0.13375,
      0.1639470958122162,
      0.175,
      0.1639470958122162,
      0.13374999999999998,
      0.09249999999999999,
      0.051250000000000066
    ],
    [
      0.05124999999999997,
      0.021052904187783786,
      0.009999999999999983,
      0.02105290418778379,
      0.05124999999999997,
      0.09250000000000003,
      0.13375,
      0.1639470958122162,
      0.175,
      0.16394709581221614,
      0.13374999999999995,
      0.09250000000000001
    ],
    [
      0.09250000000000001,
      0.05124999999999999,
      0.0210529041877838,
      0.009999999999999976,
      0.02105290418778378,
      0.05124999999999999,
      0.09250000000000001,
      0.13374999999999998,
      0.16394709581221617,
      0.175,
      0.1639470958122162,
      0.13375000000000004
    ],
    [
      0.13375000000000006,
      0.09250000000000003,
      0.051250000000000025,
      0.021052904187783814,
      0.009999999999999993,
      0.021052904187783807,
      0.05125,
      0.09249999999999996,
      0.13374999999999995,
      0.16394709581221614,
      0.17500000000000002,
      0.16394709581221623
    ],
    [
      0.1639470958122162,
      0.13374999999999998,
      0.09250000000000001,
      0.05125,
      0.021052904187783817,
      0.010000000000000012,
      0.021052904187783845,
      0.05125000000000002,
      0.0925,
      0.13375,
      0.16394709581221625,
      0.17500000000000004
    ]
  ],
  "A": [
    [
      4.4373672609637526e-14,
      0.3484752579965595,
      0.17482055194036802,
      1.6487790131350328e-15,
      0.0730391238617839
    ],
    [
      0.02319339752600429,
      0.3319008260366419,
      0.05930410641005134,
      1.5629828201438123e-14,
      0.17245507562270207
    ],
    [
      0.17083438895498892,
      0.22639383577292804,
      7.416481118129656e-15,
      6.565273898456416e-16,
      0.28152561646597657
    ],
    [
      0.3626319388474019,
      0.07477827502705257,
      0.0015605761203331503,
      0.012742561307490935,
      0.36231830016964717
    ],
    [
      0.3168037518971572,
      4.7225764634513065e-14,
      1.2228070987902369e-14,
      0.10689062295015186,
      0.3439338613468386
    ],
    [
      0.06631161370336756,
      0.014705861598705728,
      0.0014429036938295404,
      0.2507469016075257,
      0.23571965652488602
    ],
    [
      1.0218610625142724e-14,
      1.1309327846685239e-13,
      0.09427086007851183,
      0.3051138881862192,
      0.1354473687428113
    ],
    [
      0.02319339752582875,
      4.2235213026342916e-16,
      0.2225860257394362,
      0.29060184102144443,
      0.04594760215414977
    ],
    [
      0.1708343889541247,
      4.4495796775768445e-14,
      0.3633622720975569,
      0.19822326523613737,
      1.1788554841660147e-13
    ],
    [
      0.3635335883084896,
      0.014231307271843782,
      0.46788935043244695,
      0.065191407081602,
      0.0014018494476565036
    ],
    [
      0.31680375189655324,
      0.12208142222352948,
      0.4439119639594803,
      2.8584773753325134e-16,
      6.981424158238106e-16
    ],
    [
      0.08569493945567094,
      0.2794560455833644,
      0.3095890935654958,
      0.006811938502328687,
      0.0052615390838380805
    ]
  ],
  "B": [
    [
      0.13960850438151112,
      0.12323575081477879,
      0.033471725708170856,
      1.7879295236784345e-13,
      0.009022165113138227,
      0.06645408730717192,
      0.14247933948023023,
      0.12323575081436496,
      0.02376074359788105,
      1.3048130826942006e-15,
      0.006535123087552227,
      0.06645408730701675
    ],
    [
      0.4602810728485113,
      0.43789178402760603,
      0.3054861572564767,
      0.1724496963115186,
      0.05849984470895063,
      4.1794274587266515e-14,
      0.0025305390745950927,
      1.885394263886742e-15,
      2.2316779772818713e-15,
      0.09299239140456322,
      0.21782727274841018,
      0.35843447912041676
    ],
    [
      0.07508185569514178,
      1.1802425274640843e-15,
      0.0075507024767492515,
      2.016542122772973e-15,
      6.615012010217859e-15,
      1.1717617428356012e-14,
      0.013072589492611785,
      0.12042579636150486,
      0.2843413053221072,
      0.34374935753591923,
      0.329653167995978,
      0.22332356117478003
    ],
    [
      0.0005960591070581265,
      1.9953199726647109e-16,
      0.007760127357564795,
      0.10620803850957077,
      0.2507712900228058,
      0.40937352386294634,
      0.5279881912770665,
      0.5001229321965288,
      0.3411403048616713,
      0.19695744684346575,
      0.06482615498288702,
      0.0
    ],
    [
      0.020230019977238677,
      0.15543236006089056,
      0.355639733717269,
      0.443673826752599,
      0.42257149169387664,
      0.28824146669123807,
      0.09355003279673506,
      3.0913287962344856e-15,
      0.02110233505893046,
      1.5535504409647798e-14,
      0.0029085254741658267,
      0.0
    ]
  ],