{
  "k": 3,
  "M_approx": [
    [
      0.25,
      0.239951905283833,
      0.21250000000000008,
      0.17500000000000007,
      0.13750000000000012,
      0.1100480947161672,
      0.10000000000000005,
      0.11004809471616711,
      0.1375,
      0.17500000000000002,
      0.21250000000000005,
      0.2399519052838329
    ],
    [
      0.23995190528383295,
      0.2500000000000001,
      0.23995190528383292,
      0.2125,
      0.17500000000000007,
      0.13750000000000004,
      0.11004809471616708,
      0.1,
      0.11004809471616708,
      0.13750000000000007,
      0.17500000000000007,
      0.2125
    ],
    [
      0.21250000000000005,
      0.23995190528383298,
      0.25,
      0.2399519052838329,
      0.21250000000000002,
      0.17500000000000002,
      0.13749999999999996,
      0.1100480947161671,
      0.09999999999999995,
      0.11004809471616715,
      0.13750000000000004,
      0.175
    ],
    [
      0.1750000000000001,
      0.2125000000000001,
      0.2399519052838329,
      0.25,
      0.23995190528383292,
      0.2125,
      0.17499999999999996,
      0.13749999999999998,
      0.11004809471616703,
      0.10000000000000003,
      0.11004809471616714,
      0.1375
    ],
    [
      0.13750000000000007,
      0.17500000000000004,
      0.21249999999999994,
      0.23995190528383287,
      0.24999999999999994,
      0.23995190528383284,
      0.2124999999999999,
      0.17499999999999996,
      0.13749999999999996,
      0.11004809471616712,
      0.1,
      0.11004809471616711
    ],
    [
      0.11004809471616715,
      0.1375,
      0.175,
      0.21250000000000002,
      0.23995190528383292,
      0.25,
      0.2399519052838329,
      0.21250000000000002,
      0.17500000000000002,
      0.1375,
      0.11004809471616708,
      0.09999999999999999
    ],
    [
      0.10000000000000002,
      0.11004809471616706,
      0.13749999999999993,
      0.175,
      0.2125,
      0.23995190528383295,
      0.25000000000000006,
      0.23995190528383295,
      0.2125000000000001,
      0.17500000000000002,
      0.13749999999999998,
      0.1100480947161671
    ],
    [
      0.11004809471616715,
      0.09999999999999999,
      0.11004809471616707,
      0.1375,
      0.17499999999999996,
      0.2125,
      0.23995190528383292,
      0.25,
      0.23995190528383295,
      0.2125,
      0.17499999999999996,
      0.1375
    ],
    [
      0.1375,
      0.11004809471616708,
      0.09999999999999999,
      0.11004809471616715,
      0.1375,
      0.17500000000000007,
      0.21250000000000008,
      0.23995190528383292,
      0.2500000000000001,
      0.2399519052838329,
      0.2125,
      0.17500000000000002
    ],
    [
      0.17500000000000004,
      0.1375,
      0.1100480947161671,
      0.1,
      0.11004809471616708,
      0.1375,
      0.17500000000000002,
      0.21249999999999997,
      0.23995190528383298,
      0.25,
      0.23995190528383292,
      0.21250000000000005
    ],
    [
      0.21250000000000002,
      0.17500000000000004,
      0.13750000000000004,
      0.11004809471616714,
      0.10000000000000003,
      0.11004809471616715,
      0.13750000000000007,
      0.175,
      0.21250000000000008,
      0.2399519052838329,
      0.25000000000000006,
      0.23995190528383292
    ],
    [
      0.2399519052838329,
      0.21250000000000002,
      0.17500000000000002,
      0.13749999999999998,
      0.11004809471616712,
      0.10000000000000002,
      0.11004809471616712,
      0.13749999999999998,
      0.17500000000000004,
      0.21250000000000002,
      0.23995190528383295,
      0.25
    ]
  ],
  "A": [
    [
      0.41418850672578145,
      0.0,
      0.26262664059806246
    ],
    [
      0.4783893938470867,
      0.03923634766205925,
      0.14504883709034935
    ],
    [
      0.48374113299324256,
      0.1258279839817453,
      0.048920814920893896
    ],
    [
      0.4288097299819346,
      0.2365727499359087,
      2.837380076092276e-15
    ],
    [
      0.32831400988915116,
      0.3417966749211576,
      0.0113946851788014
    ],
    [
      0.2091817197565378,
      0.4133050932132619,
      0.08005167376562353
    ],
    [
      0.10333426051759835,
      0.43193738187882497,
      0.1875743811138776
    ],
    [
      0.0391333733962932,
      0.39270103421676544,
      0.3051521846215907
    ],
    [
      0.03378163425013727,
      0.3061093978970795,
      0.40128020679104615
    ],
    [
      0.0887130372614453,
      0.19536463194291592,
      0.45020102171193727
    ],
    [
      0.18920875735422873,
      0.09014070695766699,
      0.43880633653313866
    ],
    [
      0.308341047486842,
      0.01863228866556286,
      0.37014934794631654
    ]
  ],
  "B": [
    [
      0.40810641122199304,
      0.46064122638111105,
      0.4637817259783561,
      0.4166864156828165,
      0.33197444585547536,
      0.23234432040081796,
      0.14449185097623132,
      0.09195703581711356,
      0.08881653621986822,
      0.13591184651540797,
      0.22062381634274925,
      0.32025394179740646
    ],
    [
      0.0,
      0.06328945367133129,
      0.17363702542928908,
      0.30147517253459327,
      0.41254976670848614,
      0.47709846014245877,
      0.4778254825583939,
      0.4145360288870624,
      0.3041884571291046,
      0.1763503100238005,
      0.06527571584990745,
      0.0007270224159349811
    ],
    [
      0.30829703630356825,
      0.18718437505334587,
      0.07770323461415729,
      0.009188998153121327,
      7.56822019120724e-15,
      0.05259842478919407,
      0.15289056707526905,
      0.2740032283254913,
      0.3834843687646802,
      0.4519986052257159,
      0.4611876033788297,
      0.4085891785896433
    ]
  ],