{
  "k": 3,
  "M_approx": [
    [
      0.5833333333333335,
      0.5777510584910184,
      0.5625,
      0.5416666666666666,
      0.5208333333333334,
      0.505582274842315,
      0.4999999999999999,
      0.5055822748423151,
      0.5208333333333333,
      0.5416666666666667,
      0.5624999999999999,
      0.5777510584910183
    ],
    [
      0.5777510584910184,
      0.5833333333333333,
      0.5777510584910183,
      0.5625,
      0.5416666666666667,
      0.5208333333333333,
      0.5055822748423152,
      0.5000000000000001,
      0.505582274842315,
      0.5208333333333334,
      0.5416666666666666,
      0.5624999999999999
    ],
    [
      0.5625000000000001,
      0.5777510584910183,
      0.5833333333333333,
      0.5777510584910184,
      0.5625000000000001,
      0.5416666666666666,
      0.5208333333333335,
      0.5055822748423152,
      0.5,
      0.5055822748423151,
      0.5208333333333334,
      0.5416666666666666
    ],
    [
      0.5416666666666667,
      0.5625,
      0.5777510584910183,
      0.5833333333333334,
      0.5777510584910183,
      0.5624999999999999,
      0.5416666666666669,
      0.5208333333333334,
      0.5055822748423151,
      0.49999999999999994,
      0.5055822748423151,
      0.5208333333333333
    ],
    [
      0.5208333333333335,
      0.5416666666666667,
      0.5625,
      0.5777510584910184,
      0.5833333333333333,
      0.5777510584910183,
      0.5625000000000001,
      0.5416666666666666,
      0.5208333333333334,
      0.505582274842315,
      0.5000000000000001,
      0.5055822748423151
    ],
    [
      0.505582274842315,
      0.5208333333333333,
      0.5416666666666666,
      0.5625000000000002,
      0.5777510584910184,
      0.5833333333333335,
      0.5777510584910185,
      0.5625,
      0.5416666666666666,
      0.5208333333333331,
      0.505582274842315,
      0.4999999999999999
    ],
    [
      0.5,
      0.505582274842315,
      0.5208333333333334,
      0.5416666666666669,
      0.5625,
      0.5777510584910184,
      0.5833333333333334,
      0.5777510584910182,
      0.5625,
      0.5416666666666666,
      0.5208333333333333,
      0.505582274842315
    ],
    [
      0.5055822748423149,
      0.4999999999999997,
      0.505582274842315,
      0.5208333333333333,
      0.5416666666666665,
      0.5625,
      0.5777510584910182,
      0.5833333333333333,
      0.5777510584910182,
      0.5625,
      0.5416666666666665,
      0.5208333333333331
    ],
    [
      0.5208333333333333,
      0.505582274842315,
      0.5,
      0.505582274842315,
      0.5208333333333333,
      0.5416666666666667,
      0.5624999999999999,
      0.5777510584910183,
      0.5833333333333334,
      0.5777510584910184,
      0.5624999999999999,
      0.5416666666666666
    ],
    [
      0.5416666666666666,
      0.5208333333333334,
      0.5055822748423152,
      0.5,
      0.5055822748423152,
      0.5208333333333335,
      0.5416666666666666,
      0.5625,
      0.5777510584910184,
      0.5833333333333335,
      0.5777510584910182,
      0.5625
    ],
    [
      0.5625,
      0.5416666666666666,
      0.5208333333333334,
      0.5055822748423149,
      0.5,
      0.5055822748423149,
      0.5208333333333331,
      0.5416666666666666,
      0.5624999999999999,
      0.5777510584910184,
      0.5833333333333331,
      0.5777510584910183
    ],
    [
      0.5777510584910184,
      0.5625,
      0.5416666666666667,
      0.5208333333333333,
      0.5055822748423151,
      0.5,
      0.505582274842315,
      0.5208333333333335,
      0.5416666666666666,
      0.5625000000000001,
      0.5777510584910182,
      0.5833333333333334
    ]
  ],
  "A": [
    [
      0.360492503464115,
      0.6712155908366985,
      0.509113800887587
    ],
    [
      0.4293140177763201,
      0.6658044654834082,
      0.4222166400205354
    ],
    [
      0.5059554708100206,
      0.6364042961879516,
      0.3635388503551497
    ],
    [
      0.5698808471180891,
      0.5908928345703842,
      0.34880309824591305
    ],
    [
      0.6039613937429227,
      0.5414648400174936,
      0.3819578165703608
    ],
    [
      0.5990652557387869,
      0.5013645037532161,
      0.4541192253281754
    ],
    [
      0.5565043493299198,
      0.48133667849578204,
      0.5459517333180091
    ],
    [
      0.487682835017715,
      0.4867478038490718,
      0.6328488941850607
    ],
    [
      0.41104138198401413,
      0.5161479731445286,
      0.6915266838504468
    ],
    [
      0.347116005675946,
      0.561659434762096,
      0.7062624359596832
    ],
    [
      0.31303545905111174,
      0.6110874293149869,
      0.6731077176352356
    ],
    [
      0.3179315970552483,
      0.6511877655792642,
      0.6009463088774206
    ]
  ],
  "B": [
    [
      0.1754273572365075,
      0.24993246689202148,
      0.3533912198461597,
      0.4580819267949301,
      0.535952797356364,
      0.5661383946496198,
      0.540550512256917,
      0.46604540260140204,
      0.3625866496472645,
      0.25789594269849425,
      0.18002507213706012,
      0.1498394748438044
    ],
    [
      0.6515165199614213,
      0.6560962385695914,
      0.5972773567254164,
      0.4908203463187452,
      0.3652502773166779,
      0.254213548301836,
      0.18746236114394296,
      0.18288264253577333,
      0.24170152437994705,
      0.34815853478661823,
      0.4737286037886863,
      0.5847653328035272
    ],
    [
      0.16260616018844717,
      0.09284810842785433,
      0.06718191592519947,
      0.0924848182343494,
      0.16197692311540499,
      0.25703787718514887,
      0.35219617456885904,
      0.4219542263294521,
      0.44762041883210785,
      0.4223175165229579,
      0.35282541164190145,
      0.25776445757215866
    ]
  ],