{
  "k": 4,
  "M_approx": [
    [
      0.20833333333333337,
      0.19772701113293475,
      0.16875000000000004,
      0.12916666666666674,
      0.08958333333333336,
      0.06060632220039862,
      0.05000000000000002,
      0.06060632220039859,
      0.08958333333333326,
      0.1291666666666666,
      0.16874999999999998,
      0.19772701113293473
    ],
    [
      0.19772701113293473,
      0.20833333333333334,
      0.1977270111329347,
      0.16875000000000004,
      0.12916666666666668,
      0.08958333333333332,
      0.06060632220039862,
      0.05000000000000002,
      0.06060632220039862,
      0.08958333333333333,
      0.12916666666666668,
      0.16874999999999998
    ],
    [
      0.16875000000000004,
      0.19772701113293473,
      0.2083333333333333,
      0.19772701113293473,
      0.16874999999999996,
      0.12916666666666665,
      0.08958333333333333,
      0.060606322200398605,
      0.05,
      0.06060632220039856,
      0.08958333333333333,
      0.12916666666666665
    ],
    [
      0.1291666666666667,
      0.16875000000000004,
      0.19772701113293475,
      0.2083333333333334,
      0.19772701113293475,
      0.16874999999999996,
      0.1291666666666666,
      0.0895833333333333,
      0.06060632220039862,
      0.049999999999999996,
      0.06060632220039862,
      0.08958333333333333
    ],
    [
      0.08958333333333335,
      0.1291666666666667,
      0.16875000000000004,
      0.19772701113293473,
      0.20833333333333334,
      0.19772701113293473,
      0.16874999999999998,
      0.12916666666666665,
      0.08958333333333339,
      0.06060632220039861,
      0.049999999999999996,
      0.060606322200398605
    ],
    [
      0.060606322200398556,
      0.08958333333333332,
      0.12916666666666668,
      0.16875,
      0.19772701113293473,
      0.20833333333333331,
      0.19772701113293467,
      0.16875,
      0.1291666666666668,
      0.08958333333333342,
      0.06060632220039862,
      0.04999999999999999
    ],
    [
      0.049999999999999996,
      0.06060632220039862,
      0.08958333333333333,
      0.1291666666666666,
      0.16874999999999998,
      0.19772701113293475,
      0.20833333333333331,
      0.19772701113293473,
      0.16875000000000007,
      0.12916666666666668,
      0.08958333333333332,
      0.060606322200398625
    ],
    [
      0.0606063222003986,
      0.05000000000000001,
      0.060606322200398625,
      0.08958333333333332,
      0.12916666666666668,
      0.16875,
      0.1977270111329347,
      0.20833333333333331,
      0.19772701113293478,
      0.16875,
      0.12916666666666665,
      0.08958333333333335
    ],
    [
      0.0895833333333333,
      0.060606322200398584,
      0.05,
      0.06060632220039861,
      0.08958333333333335,
      0.1291666666666667,
      0.16875000000000004,
      0.19772701113293475,
      0.20833333333333337,
      0.19772701113293473,
      0.16875,
      0.12916666666666668
    ],
    [
      0.12916666666666665,
      0.0895833333333333,
      0.060606322200398584,
      0.04999999999999998,
      0.06060632220039859,
      0.08958333333333336,
      0.12916666666666668,
      0.16874999999999998,
      0.1977270111329347,
      0.20833333333333326,
      0.1977270111329347,
      0.16874999999999998
    ],
    [
      0.16875000000000007,
      0.12916666666666668,
      0.08958333333333335,
      0.060606322200398646,
      0.05000000000000002,
      0.06060632220039864,
      0.08958333333333338,
      0.12916666666666665,
      0.16874999999999996,
      0.19772701113293467,
      0.20833333333333334,
      0.19772701113293473
    ],
    [
      0.19772701113293473,
      0.16874999999999998,
      0.12916666666666662,
      0.08958333333333335,
      0.060606322200398584,
      0.05000000000000002,
      0.06060632220039866,
      0.08958333333333338,
      0.12916666666666668,
      0.16875,
      0.19772701113293475,
      0.20833333333333331
    ]
  ],
  "A": [
    [
      0.28163044548540245,
      2.925983134771944e-13,
      0.38318484190170354,
      0.21458271610917506
    ],
    [
      0.422632110956741,
      0.0001203116032403335,
      0.3351219573077384,
      0.10591349589167715
    ],
    [
      0.5259312940026671,
      0.04212881256148969,
      0.24860044935693237,
      0.027370770582654417
    ],
    [
      0.5638490619472308,
      0.11476935896803521,
      0.1468036862326263,
      3.90223186472425e-16
    ],
    [
      0.5262253794908945,
      0.19857797507548822,
      0.05700802840608074,
      0.031135160017553558
    ],
    [
      0.42314148196411927,
      0.2710982098790861,
      0.0032741498757396037,
      0.11243360965239783
    ],
    [
      0.28221861646185636,
      0.31289832502829007,
      6.410594686635158e-16,
      0.22211149497897265
    ],
    [
      0.14121695099051787,
      0.3127780134253422,
      0.0480628845939656,
      0.330780715196471
    ],
    [
      0.03791776794459158,
      0.270769512467093,
      0.13458439254477175,
      0.4093234405054934
    ],
    [
      2.810698740991638e-14,
      0.1981289660605473,
      0.2363811556690778,
      0.4366942110881475
    ],
    [
      0.03762368245636437,
      0.11432034995309442,
      0.3261768134956235,
      0.4055590510705942
    ],
    [
      0.14070757998313968,
      0.04180011514949639,
      0.3799106920259642,
      0.32426060143575075
    ]
  ],
  "B": [
    [
      0.12108566970296727,
      0.20597444168432102,
      0.28435724062985296,
      0.3162845213420897,
      0.28802318159407847,
      0.2101952169196574,
      0.12645812732431058,
      0.06100387108646608,
      0.006511932868026516,
      9.722536391128273e-14,
      9.351987762832212e-14,
      0.04842862959464779
    ],
    [
      6.000408953436245e-16,
      1.3789401344916571e-15,
      0.029825747073016048,
      0.12753435686047018,
      0.2795300875249765,
      0.4376745201482422,
      0.5041708929938468,
      0.45693697561318564,
      0.36904654832742995,
      0.2095681236332314,
      0.1262591461835741,
      0.03956726645824029
    ],
    [
      0.4147894848696465,
      0.35837999454470293,
      0.23139313967735295,
      0.10462657087882322,
      0.02209700245126003,
      1.8564940446088043e-15,
      3.3520031360978206e-14,
      0.01869158831484196,
      0.09931180581726498,
      0.17675306020114329,
      0.31413135536617476,
      0.3932856704019199
    ],
    [
      0.07125867044643133,
      0.011149806730984438,
      3.4280385234967832e-15,
      8.165846482857903e-16,
      3.0278311958715693e-15,
      0.006565997699316481,
      0.06703960844136798,
      0.16899516491386418,
      0.23158713371065284,
      0.28631184445676605,
      0.22545910096956118,
      0.15559001105095158
    ]
  ],