{
  "k": 4,
  "M_approx": [
    [
      0.19615384615384612,
      0.18778332495158068,
      0.16458934687650756,
      0.13188537278788895,
      0.09716348902381466,
      0.06837806071057335,
      0.052123482572711564,
      0.05212348257271158,
      0.06837806071057335,
      0.09716348902381464,
      0.131885372787889,
      0.16458934687650745,
      0.18778332495158068
    ],
    [
      0.18778332495158068,
      0.19615384615384612,
      0.18778332495158073,
      0.1645893468765075,
      0.13188537278788892,
      0.09716348902381465,
      0.06837806071057334,
      0.05212348257271159,
      0.05212348257271158,
      0.06837806071057335,
      0.09716348902381475,
      0.1318853727878889,
      0.16458934687650753
    ],
    [
      0.16458934687650753,
      0.1877833249515807,
      0.19615384615384615,
      0.1877833249515807,
      0.1645893468765075,
      0.131885372787889,
      0.09716348902381468,
      0.06837806071057341,
      0.0521234825727116,
      0.0521234825727116,
      0.06837806071057345,
      0.09716348902381464,
      0.131885372787889
    ],
    [
      0.13188537278788898,
      0.16458934687650753,
      0.1877833249515807,
      0.19615384615384612,
      0.18778332495158065,
      0.16458934687650753,
      0.13188537278788898,
      0.09716348902381472,
      0.06837806071057342,
      0.052123482572711606,
      0.05212348257271163,
      0.06837806071057331,
      0.09716348902381472
    ],
    [
      0.09716348902381472,
      0.13188537278788903,
      0.16458934687650753,
      0.1877833249515807,
      0.1961538461538461,
      0.18778332495158068,
      0.16458934687650753,
      0.131885372787889,
      0.09716348902381475,
      0.06837806071057341,
      0.05212348257271162,
      0.05212348257271156,
      0.06837806071057341
    ],
    [
      0.06837806071057337,
      0.09716348902381468,
      0.13188537278788892,
      0.16458934687650756,
      0.18778332495158073,
      0.19615384615384623,
      0.18778332495158073,
      0.1645893468765075,
      0.131885372787889,
      0.09716348902381473,
      0.0683780607105734,
      0.05212348257271162,
      0.0521234825727116
    ],
    [
      0.052123482572711585,
      0.06837806071057337,
      0.09716348902381464,
      0.13188537278788898,
      0.16458934687650753,
      0.18778332495158076,
      0.19615384615384615,
      0.18778332495158065,
      0.16458934687650756,
      0.131885372787889,
      0.0971634890238147,
      0.06837806071057347,
      0.05212348257271159
    ],
    [
      0.05212348257271158,
      0.052123482572711606,
      0.06837806071057335,
      0.0971634890238147,
      0.13188537278788898,
      0.16458934687650756,
      0.18778332495158073,
      0.1961538461538461,
      0.18778332495158076,
      0.16458934687650753,
      0.13188537278788898,
      0.09716348902381476,
      0.06837806071057335
    ],
    [
      0.06837806071057337,
      0.05212348257271161,
      0.052123482572711585,
      0.0683780607105734,
      0.0971634890238147,
      0.131885372787889,
      0.16458934687650761,
      0.18778332495158073,
      0.19615384615384623,
      0.1877833249515807,
      0.16458934687650753,
      0.13188537278788903,
      0.09716348902381465
    ],
    [
      0.09716348902381469,
      0.0683780607105734,
      0.052123482572711585,
      0.05212348257271157,
      0.06837806071057337,
      0.0971634890238147,
      0.13188537278788903,
      0.16458934687650756,
      0.1877833249515808,
      0.19615384615384615,
      0.1877833249515807,
      0.1645893468765076,
      0.13188537278788892
    ],
    [
      0.13188537278788903,
      0.09716348902381472,
      0.06837806071057341,
      0.05212348257271159,
      0.0521234825727116,
      0.06837806071057338,
      0.09716348902381468,
      0.13188537278788892,
      0.16458934687650748,
      0.18778332495158068,
      0.19615384615384615,
      0.18778332495158082,
      0.16458934687650753
    ],
    [
      0.16458934687650745,
      0.13188537278788884,
      0.09716348902381461,
      0.0683780607105733,
      0.052123482572711564,
      0.052123482572711606,
      0.06837806071057342,
      0.09716348902381473,
      0.13188537278788903,
      0.16458934687650753,
      0.1877833249515808,
      0.19615384615384615,
      0.18778332495158062
    ],
    [
      0.18778332495158073,
      0.16458934687650756,
      0.13188537278788903,
      0.09716348902381469,
      0.06837806071057334,
      0.05212348257271153,
      0.05212348257271155,
      0.06837806071057335,
      0.09716348902381466,
      0.13188537278788892,
      0.16458934687650753,
      0.18778332495158068,
      0.19615384615384612
    ]
  ],
  "A": [
    [
      0.3600329716988895,
      0.10808589697083032,
      0.032306135650170424,
      0.3887084853110612
    ],
    [
      0.2615058394034413,
      0.21799808441008306,
      0.0001872998638105106,
      0.41226995029998703
    ],
    [
      0.16004020303889105,
      0.33396913642497683,
      2.7144199804059374e-14,
      0.38793529330624726
    ],
    [
      0.07888061710288202,
      0.4294314826015828,
      0.03178714420040517,
      0.32127929098269986
    ],
    [
      0.03661976465431518,
      0.4825158498768261,
      0.08826668080525284,
      0.2275720301697607
    ],
    [
      0.042939097690674964,
      0.48106124944392487,
      0.15649982863060144,
      0.1282807150247599
    ],
    [
      0.09639093316954957,
      0.4254009127322206,
      0.22085519580823648,
      0.04615178925735424
    ],
    [
      0.1847300997471769,
      0.3282859521025919,
      0.26658974328401125,
      5.82982520016157e-15
    ],
    [
      0.28771915896298833,
      0.21196423467313846,
      0.2832262373922712,
      0.000398165982218713
    ],
    [
      0.3817645585033517,
      0.10308366407828773,
      0.2669534578243023,
      0.04725507217588829
    ],
    [
      0.44532163070349734,
      0.026587466888200857,
      0.22149930227087303,
      0.12983636605897933
    ],
    [
      0.46383021626812343,
      1.4283469217126836e-14,
      0.15727676998731815,
      0.22922366841535244
    ],
    [
      0.4330502212970103,
      0.029412131664101008,
      0.08899846915438384,
      0.3226485460219987
    ]
  ],
  "B": [
    [
      0.20542741250771915,
      0.09582823991848251,
      0.046558875145619245,
      0.032950487789376176,
      0.0421179523473843,
      0.053078519194305174,
      0.026500095177007917,
      0.0471223205794093,
      0.11466012770137031,
      0.2182827579998043,
      0.2672987485631861,
      0.31373056231200735,
      0.2670735121624705
    ],
    [
      0.04317838176919739,
      0.08891140781807914,
      0.1820889218009966,
      0.27743051916894496,
      0.3424421853995695,
      0.3496610443932801,
      0.2729227758937505,
      0.18216232676036812,
      0.10112686704057638,
      0.051470222208281124,
      4.894853943390649e-15,
      0.0006116914450491489,
      4.001632420880228e-14
    ],
    [
      1.58880935195101e-14,
      0.019628497410184027,
      1.1352732438176127e-13,
      2.636492091471743e-13,
      0.043834996169262085,
      0.15002579381633363,
      0.34994311949980894,
      0.47881662933728536,
      0.5004079176166701,
      0.40274992950929756,
      0.3094914578750878,
      0.14631921230439748,
      0.07142639448311756
    ],
    [
      0.30235056521330034,
      0.3679822134103697,
      0.329669603571966,
      0.231628039111712,
      0.11208998265477561,
      0.017050984727815334,
      0.004574537727823143,
      1.1198442336568907e-13,
      2.028703321842193e-15,
      5.5552659296445385e-14,
      0.06598913571460133,
      0.12050901496947425,
      0.22978799612519463
    ]
  ],