{
  "k": 3,
  "M_approx": [
    [
      0.5769230769230768,
      0.5725175394482006,
      0.5603101825665829,
      0.5430975646252048,
      0.5248228889599027,
      0.5096726635318809,
      0.5011176224066904,
      0.5011176224066904,
      0.5096726635318808,
      0.5248228889599024,
      0.5430975646252046,
      0.5603101825665827,
      0.5725175394482006
    ],
    [
      0.5725175394482003,
      0.5769230769230771,
      0.5725175394482004,
      0.5603101825665828,
      0.5430975646252049,
      0.5248228889599026,
      0.5096726635318808,
      0.5011176224066902,
      0.5011176224066903,
      0.5096726635318807,
      0.5248228889599025,
      0.5430975646252046,
      0.5603101825665832
    ],
    [
      0.5603101825665828,
      0.5725175394482006,
      0.576923076923077,
      0.5725175394482004,
      0.560310182566583,
      0.5430975646252048,
      0.5248228889599027,
      0.5096726635318808,
      0.5011176224066904,
      0.5011176224066903,
      0.5096726635318809,
      0.5248228889599024,
      0.543097564625205
    ],
    [
      0.5430975646252046,
      0.5603101825665832,
      0.5725175394482004,
      0.5769230769230768,
      0.5725175394482004,
      0.5603101825665828,
      0.5430975646252049,
      0.5248228889599025,
      0.5096726635318809,
      0.5011176224066906,
      0.5011176224066906,
      0.5096726635318807,
      0.5248228889599027
    ],
    [
      0.5248228889599024,
      0.5430975646252048,
      0.5603101825665828,
      0.5725175394482002,
      0.5769230769230769,
      0.5725175394482003,
      0.5603101825665829,
      0.5430975646252046,
      0.5248228889599025,
      0.5096726635318808,
      0.5011176224066904,
      0.5011176224066901,
      0.5096726635318808
    ],
    [
      0.5096726635318807,
      0.5248228889599025,
      0.5430975646252048,
      0.5603101825665829,
      0.5725175394482004,
      0.576923076923077,
      0.5725175394482005,
      0.5603101825665828,
      0.5430975646252046,
      0.5248228889599025,
      0.5096726635318808,
      0.5011176224066901,
      0.5011176224066902
    ],
    [
      0.5011176224066901,
      0.5096726635318806,
      0.5248228889599024,
      0.5430975646252045,
      0.5603101825665827,
      0.5725175394482003,
      0.5769230769230769,
      0.5725175394482004,
      0.5603101825665828,
      0.5430975646252049,
      0.5248228889599026,
      0.5096726635318806,
      0.5011176224066902
    ],
    [
      0.5011176224066903,
      0.5011176224066903,
      0.5096726635318808,
      0.5248228889599026,
      0.5430975646252048,
      0.560310182566583,
      0.5725175394482005,
      0.576923076923077,
      0.5725175394482003,
      0.5603101825665829,
      0.5430975646252048,
      0.5248228889599024,
      0.5096726635318806
    ],
    [
      0.5096726635318808,
      0.5011176224066902,
      0.5011176224066903,
      0.5096726635318807,
      0.5248228889599024,
      0.5430975646252048,
      0.5603101825665828,
      0.5725175394482005,
      0.5769230769230768,
      0.5725175394482005,
      0.560310182566583,
      0.5430975646252048,
      0.5248228889599025
    ],
    [
      0.5248228889599025,
      0.5096726635318807,
      0.5011176224066903,
      0.5011176224066903,
      0.5096726635318807,
      0.5248228889599025,
      0.5430975646252046,
      0.5603101825665829,
      0.5725175394482002,
      0.5769230769230769,
      0.5725175394482004,
      0.5603101825665829,
      0.5430975646252048
    ],
    [
      0.5430975646252048,
      0.5248228889599026,
      0.5096726635318809,
      0.5011176224066903,
      0.5011176224066904,
      0.5096726635318809,
      0.5248228889599026,
      0.5430975646252049,
      0.5603101825665828,
      0.5725175394482004,
      0.5769230769230769,
      0.5725175394482005,
      0.560310182566583
    ],
    [
      0.5603101825665828,
      0.5430975646252048,
      0.5248228889599024,
      0.5096726635318807,
      0.5011176224066903,
      0.5011176224066904,
      0.5096726635318809,
      0.5248228889599027,
      0.5430975646252048,
      0.5603101825665828,
      0.5725175394482004,
      0.576923076923077,
      0.5725175394482004
    ],
    [
      0.5725175394482004,
      0.5603101825665829,
      0.5430975646252046,
      0.5248228889599024,
      0.5096726635318808,
      0.5011176224066904,
      0.5011176224066903,
      0.5096726635318808,
      0.5248228889599025,
      0.5430975646252048,
      0.560310182566583,
      0.5725175394482005,
      0.5769230769230772
    ]
  ],
  "A": [
    [
      0.7101765187749579,
      0.532973566262449,
      0.09596913161388665
    ],
    [
      0.7300357981967581,
      0.49346487189809285,
      0.10622966753189923
    ],
    [
      0.7132159349725752,
      0.46467408454140013,
      0.1469147865597127
    ],
    [
      0.6635701570657436,
      0.45319682660918864,
      0.20870401823689091
    ],
    [
      0.5924717138982368,
      0.46166239957777533,
      0.2774421942271569
    ],
    [
      0.5162084019706061,
      0.48813144270127135,
      0.3373822267959621
    ],
    [
      0.45225122697293035,
      0.5265402171866334,
      0.3747925768374927
    ],
    [
      0.4152520069296649,
      0.5680897356751745,
      0.38110298400082526
    ],
    [
      0.41368681726378215,
      0.6032615042071501,
      0.35486781005349105
    ],
    [
      0.44791422406515663,
      0.6239980944776433,
      0.3020972171787041
    ],
    [
      0.5100931409205604,
      0.6255490035586884,
      0.23488031224949343
    ],
    [
      0.5859791273155998,
      0.6075589368702982,
      0.1686156781336235
    ],
    [
      0.6581876182924478,
      0.5741492018869767,
      0.11848374393162851
    ]
  ],
  "B": [
    [
      0.48459009354432764,
      0.5719248581335512,
      0.6311255154718026,
      0.6486299084081518,
      0.6204279914716846,
      0.5529804839626017,
      0.4617387970206552,
      0.3676053015427155,
      0.2921448469111827,
      0.25264451388507747,
      0.25815335273006473,
      0.30740935485546167,
      0.3891285637735168
    ],
    [
      0.4033167926695966,
      0.2563724678691561,
      0.12759120274735516,
      0.04647523316111022,
      0.031607250189224556,
      0.08639332955193944,
      0.19828264071108515,
      0.3416426908924783,
      0.4836314202754509,
      0.5917209221080529,
      0.6411491941401416,
      0.6205928149244185,
      0.5347610032079783
    ],
    [
      0.18569910589571942,
      0.30958065063938933,
      0.4594906923218783,
      0.6010866470055756,
      0.7019305878886841,
      0.7389203834161162,
      0.7035821172078979,
      0.6040113601800555,
      0.4630185728099669,
      0.31290350353683505,
      0.18805570564843507,
      0.11707630506193123,
      0.11622582705718788
    ]
  ],