{
  "k": 8,
  "M_approx": [
    [
      0.15384615384615385,
      0.14503507889640074,
      0.12062036513316583,
      0.08619512925040951,
      0.049645777919804984,
      0.019345327063761446,
      0.002235244813380675,
      0.0022352448133806002,
      0.01934532706376145,
      0.04964577791980492,
      0.08619512925040951,
      0.12062036513316576,
      0.14503507889640074
    ],
    [
      0.1450350788964008,
      0.1538461538461538,
      0.14503507889640074,
      0.1206203651331658,
      0.08619512925040948,
      0.04964577791980491,
      0.019345327063761446,
      0.002235244813380614,
      0.002235244813380578,
      0.019345327063761405,
      0.04964577791980495,
      0.08619512925040931,
      0.12062036513316582
    ],
    [
      0.12062036513316582,
      0.14503507889640074,
      0.15384615384615385,
      0.1450350788964008,
      0.12062036513316587,
      0.08619512925040942,
      0.049645777919804984,
      0.01934532706376143,
      0.002235244813380607,
      0.002235244813380602,
      0.019345327063761457,
      0.04964577791980486,
      0.08619512925040942
    ],
    [
      0.08619512925040947,
      0.12062036513316582,
      0.14503507889640077,
      0.15384615384615388,
      0.14503507889640074,
      0.12062036513316578,
      0.08619512925040948,
      0.049645777919804956,
      0.01934532706376147,
      0.0022352448133806293,
      0.002235244813380584,
      0.01934532706376139,
      0.049645777919804984
    ],
    [
      0.04964577791980497,
      0.08619512925040948,
      0.12062036513316586,
      0.14503507889640077,
      0.15384615384615385,
      0.1450350788964008,
      0.12062036513316576,
      0.08619512925040945,
      0.04964577791980493,
      0.01934532706376148,
      0.0022352448133806436,
      0.0022352448133806293,
      0.019345327063761485
    ],
    [
      0.019345327063761443,
      0.04964577791980496,
      0.08619512925040948,
      0.12062036513316587,
      0.14503507889640074,
      0.15384615384615383,
      0.14503507889640072,
      0.12062036513316583,
      0.0861951292504095,
      0.04964577791980501,
      0.019345327063761443,
      0.002235244813380666,
      0.0022352448133806505
    ],
    [
      0.0022352448133806007,
      0.01934532706376144,
      0.04964577791980494,
      0.08619512925040948,
      0.1206203651331658,
      0.14503507889640074,
      0.1538461538461538,
      0.14503507889640077,
      0.12062036513316583,
      0.08619512925040952,
      0.04964577791980495,
      0.01934532706376154,
      0.0022352448133806193
    ],
    [
      0.0022352448133806093,
      0.0022352448133806137,
      0.019345327063761474,
      0.049645777919804984,
      0.08619512925040948,
      0.12062036513316583,
      0.14503507889640077,
      0.15384615384615383,
      0.14503507889640074,
      0.12062036513316583,
      0.08619512925040942,
      0.04964577791980502,
      0.01934532706376142
    ],
    [
      0.01934532706376145,
      0.002235244813380623,
      0.0022352448133806323,
      0.01934532706376149,
      0.049645777919804956,
      0.08619512925040948,
      0.12062036513316586,
      0.14503507889640083,
      0.15384615384615383,
      0.14503507889640077,
      0.1206203651331658,
      0.08619512925040954,
      0.04964577791980491
    ],
    [
      0.049645777919804936,
      0.019345327063761422,
      0.002235244813380615,
      0.0022352448133806054,
      0.0193453270637614,
      0.049645777919805005,
      0.08619512925040955,
      0.12062036513316587,
      0.1450350788964008,
      0.1538461538461539,
      0.14503507889640074,
      0.12062036513316583,
      0.08619512925040938
    ],
    [
      0.08619512925040952,
      0.049645777919804956,
      0.019345327063761467,
      0.0022352448133806,
      0.002235244813380546,
      0.01934532706376149,
      0.04964577791980496,
      0.08619512925040945,
      0.12062036513316582,
      0.14503507889640077,
      0.1538461538461539,
      0.14503507889640083,
      0.12062036513316582
    ],
    [
      0.12062036513316576,
      0.08619512925040936,
      0.04964577791980488,
      0.01934532706376139,
      0.0022352448133805495,
      0.002235244813380705,
      0.019345327063761526,
      0.04964577791980501,
      0.0861951292504095,
      0.12062036513316583,
      0.14503507889640083,
      0.1538461538461538,
      0.1450350788964007
    ],
    [
      0.14503507889640077,
      0.1206203651331658,
      0.08619512925040948,
      0.04964577791980496,
      0.01934532706376149,
      0.002235244813380642,
      0.002235244813380619,
      0.019345327063761405,
      0.0496457779198049,
      0.08619512925040934,
      0.12062036513316586,
      0.1450350788964007,
      0.15384615384615377
    ]
  ],
  "A": [
    [
      0.08614840032212588,
      0.0,
      0.3628880128890931,
      0.1810006234302481,
      1.3851241398552132e-15,
      0.09965606336248992,
      3.142919286721634e-16,
      0.07122147274090063
    ],
    [
      0.6194348140775267,
      3.0553265091600963e-16,
      0.15304991687148187,
      0.20421392579932784,
      0.013793974208027212,
      1.1349798432047044e-15,
      0.008167891147266034,
      0.1890673095969468
    ],
    [
      0.007503946473029291,
      3.671988927823925e-06,
      0.39558791965926005,
      0.17598751691902698,
      0.2180951909441815,
      0.0029365305701735994,
      0.012591515741963624,
      0.05750767432916791
    ],
    [
      6.386027875407567e-14,
      6.282089127871528e-06,
      0.2891383201771303,
      0.10134042054351128,
      0.3691876968842885,
      1.2300557844723684e-05,
      0.1471503027685915,
      0.0011999425628738372
    ],
    [
      0.31486793457148887,
      0.028602035845223004,
      0.000506903470331843,
      0.010726033762989222,
      0.4451339603200968,
      1.3209331153200574e-06,
      0.3224149619476327,
      0.00039625051425870497
    ],
    [
      6.91567265906129e-14,
      0.24146474184811748,
      0.06555011181433873,
      0.0,
      0.4111415776613059,
      2.062100005822487e-18,
      0.22693958591042354,
      0.0036398095530360735
    ],
    [
      0.004333749036842636,
      0.4358090475624002,
      0.0042355327309395105,
      0.0002830666850394349,
      0.28645551491067467,
      1.9833552802532203e-14,
      0.14363583317079967,
      0.06678013793813653
    ],
    [
      0.00219428626540385,
      0.6166899860105147,
      5.477394994755247e-14,
      0.03451060355990435,
      0.10114578674371971,
      0.002847042349597156,
      0.004005186648989928,
      0.14936777302690987
    ],
    [
      1.4030983980333018e-16,
      0.6089803481520436,
      1.8119569934357016e-17,
      0.03360000330414035,
      2.378316047211179e-15,
      0.058451208449251814,
      0.0033287827685818377,
      0.14341986668202394
    ],
    [
      0.010731887356063221,
      0.4193613858195373,
      0.00033072058792035726,
      1.4265593278243407e-16,
      0.0008737199170046772,
      0.15136509949796909,
      0.13682220021841474,
      0.055896734963391155
    ],
    [
      0.07194522603984486,
      0.21926796226110742,
      0.0312662804450247,
      4.4956269211941514e-15,
      1.888699994633054e-14,
      0.208834775857079,
      0.22139450849793615,
      0.00047942926646114267
    ],
    [
      0.33091166891683693,
      0.025799367437048935,
      8.163291650498706e-15,
      0.02029098983138231,
      2.5613318014213893e-17,
      0.2178479356182523,
      0.2861862139499251,
      1.7866799115905414e-16
    ],
    [
      1.0054936701232648e-13,
      6.807012695560311e-17,
      0.29576656833709153,
      0.11034337887576173,
      9.154523273480953e-18,
      0.18062079028311065,
      0.11317919866144885,
      2.1794619100998962e-14
    ]
  ],