{
  "k": 3,
  "M_approx": [
    [
      0.2384615384615385,
      0.2305315710067607,
      0.20855832861984927,
      0.17757561632536856,
      0.14468120012782446,
      0.11741079435738531,
      0.10201172033204257,
      0.10201172033204262,
      0.11741079435738526,
      0.1446812001278244,
      0.17757561632536853,
      0.20855832861984916,
      0.23053157100676067
    ],
    [
      0.23053157100676064,
      0.2384615384615384,
      0.23053157100676067,
      0.20855832861984924,
      0.17757561632536845,
      0.14468120012782446,
      0.11741079435738533,
      0.10201172033204266,
      0.10201172033204253,
      0.11741079435738529,
      0.14468120012782448,
      0.17757561632536842,
      0.20855832861984924
    ],
    [
      0.20855832861984924,
      0.23053157100676067,
      0.2384615384615385,
      0.23053157100676072,
      0.2085583286198492,
      0.1775756163253685,
      0.14468120012782446,
      0.11741079435738536,
      0.1020117203320425,
      0.10201172033204249,
      0.11741079435738529,
      0.14468120012782434,
      0.17757561632536856
    ],
    [
      0.1775756163253685,
      0.20855832861984921,
      0.23053157100676072,
      0.23846153846153845,
      0.23053157100676058,
      0.20855832861984921,
      0.1775756163253685,
      0.1446812001278245,
      0.11741079435738531,
      0.10201172033204256,
      0.10201172033204256,
      0.11741079435738529,
      0.1446812001278245
    ],
    [
      0.14468120012782446,
      0.17757561632536853,
      0.20855832861984933,
      0.23053157100676072,
      0.2384615384615384,
      0.23053157100676067,
      0.20855832861984921,
      0.1775756163253685,
      0.14468120012782446,
      0.1174107943573853,
      0.10201172033204253,
      0.10201172033204257,
      0.1174107943573854
    ],
    [
      0.11741079435738526,
      0.14468120012782437,
      0.1775756163253685,
      0.2085583286198492,
      0.23053157100676058,
      0.23846153846153845,
      0.2305315710067607,
      0.20855832861984927,
      0.1775756163253686,
      0.14468120012782454,
      0.11741079435738534,
      0.10201172033204259,
      0.1020117203320426
    ],
    [
      0.10201172033204256,
      0.1174107943573853,
      0.14468120012782448,
      0.1775756163253685,
      0.20855832861984916,
      0.23053157100676064,
      0.23846153846153842,
      0.23053157100676064,
      0.2085583286198493,
      0.17757561632536856,
      0.14468120012782446,
      0.1174107943573854,
      0.10201172033204263
    ],
    [
      0.10201172033204255,
      0.10201172033204256,
      0.11741079435738536,
      0.14468120012782446,
      0.1775756163253685,
      0.20855832861984927,
      0.2305315710067607,
      0.2384615384615384,
      0.23053157100676075,
      0.20855832861984921,
      0.1775756163253685,
      0.1446812001278245,
      0.11741079435738531
    ],
    [
      0.11741079435738531,
      0.10201172033204253,
      0.10201172033204256,
      0.11741079435738531,
      0.14468120012782448,
      0.17757561632536858,
      0.20855832861984927,
      0.23053157100676067,
      0.23846153846153856,
      0.23053157100676075,
      0.20855832861984927,
      0.1775756163253686,
      0.14468120012782446
    ],
    [
      0.1446812001278244,
      0.11741079435738527,
      0.10201172033204253,
      0.10201172033204257,
      0.11741079435738538,
      0.1446812001278245,
      0.17757561632536858,
      0.20855832861984927,
      0.23053157100676075,
      0.23846153846153845,
      0.23053157100676067,
      0.20855832861984924,
      0.17757561632536842
    ],
    [
      0.17757561632536856,
      0.14468120012782448,
      0.11741079435738533,
      0.10201172033204259,
      0.10201172033204262,
      0.11741079435738536,
      0.14468120012782448,
      0.17757561632536853,
      0.2085583286198493,
      0.23053157100676067,
      0.2384615384615385,
      0.2305315710067607,
      0.20855832861984924
    ],
    [
      0.20855832861984916,
      0.17757561632536845,
      0.14468120012782437,
      0.1174107943573853,
      0.1020117203320426,
      0.10201172033204262,
      0.11741079435738541,
      0.14468120012782457,
      0.1775756163253686,
      0.20855832861984924,
      0.23053157100676072,
      0.2384615384615384,
      0.23053157100676058
    ],
    [
      0.23053157100676067,
      0.20855832861984921,
      0.1775756163253685,
      0.14468120012782446,
      0.11741079435738533,
      0.10201172033204256,
      0.10201172033204259,
      0.11741079435738537,
      0.14468120012782443,
      0.17757561632536847,
      0.20855832861984927,
      0.2305315710067606,
      0.2384615384615384
    ]
  ],
  "A": [
    [
      0.21807559997286452,
      0.4314716519151086,
      0.12028631790597316
    ],
    [
      0.13917403220696303,
      0.40098900900169043,
      0.2167903570139247
    ],
    [
      0.11117858296841879,
      0.3276720731542659,
      0.3094526167221552
    ],
    [
      0.14050267229604574,
      0.22831687081061997,
      0.377045290032794
    ],
    [
      0.22042850471846998,
      0.12568448146769426,
      0.40408371007039195
    ],
    [
      0.33264603523841213,
      0.04328674866958018,
      0.38437370065261994
    ],
    [
      0.4514475799815986,
      0.0,
      0.3224305874057268
    ],
    [
      0.5496171367611847,
      0.005740707917281829,
      0.2324447910791374
    ],
    [
      0.6046652431903774,
      0.059193745420606805,
      0.1350309731648682
    ],
    [
      0.6039810414878464,
      0.14811366579689714,
      0.05250546538330933
    ],
    [
      0.5477212740181175,
      0.25212998688915234,
      0.003773867027033902
    ],
    [
      0.44877437550480903,
      0.3474138230676941,
      4.0774088967227085e-14
    ],
    [
      0.32980788795792587,
      0.4121367957587261,
      0.04204841175818601
    ]
  ],
  "B": [
    [
      0.11545179229519421,
      0.06659542700270603,
      0.049446377000634305,
      0.06793328297599735,
      0.1178210175612082,
      0.18768090197517096,
      0.2615088786015204,
      0.3223918477187284,
      0.35638225482135966,
      0.355693307271012,
      0.3204828346487525,
      0.258817131900146,
      0.1848230683726185
    ],
    [
      0.45118101878494876,
      0.42511058960358183,
      0.3525793305711568,
      0.25020327903557465,
      0.14143555463847002,
      0.05119353224604438,
      0.0001505716541387336,
      0.0,
      0.05077631143500561,
      0.14084726493028465,
      0.24957869051272855,
      0.3520615289371259,
      0.42481819697253687
    ],
    [
      0.15473497256343996,
      0.2709000120055641,
      0.3794886641386217,
      0.4556245773940494,
      0.481865931582249,
      0.45220114870130473,
      0.3734260730098519,
      0.26358712500622733,
      0.147847083975242,
      0.05272059849839518,
      7.244255227097331e-15,
      0.0017629422439720793,
      0.0576055564079544
    ]
  ],