{
  "k": 6,
  "M_approx": [
    [
      0.1623076923076923,
      0.1535847281074367,
      0.12941416148183416,
      0.09533317795790541,
      0.059149320140606906,
      0.029151873793123853,
      0.012212892365246811,
      0.012212892365246779,
      0.029151873793123815,
      0.05914932014060688,
      0.0953331779579054,
      0.1294141614818341,
      0.15358472810743676
    ],
    [
      0.15358472810743673,
      0.1623076923076923,
      0.15358472810743679,
      0.1294141614818342,
      0.09533317795790537,
      0.05914932014060691,
      0.02915187379312385,
      0.012212892365246824,
      0.012212892365246815,
      0.02915187379312382,
      0.05914932014060693,
      0.09533317795790527,
      0.12941416148183418
    ],
    [
      0.12941416148183418,
      0.15358472810743679,
      0.16230769230769232,
      0.15358472810743676,
      0.12941416148183413,
      0.0953331779579053,
      0.059149320140606865,
      0.02915187379312388,
      0.012212892365246848,
      0.012212892365246796,
      0.02915187379312383,
      0.059149320140606795,
      0.0953331779579054
    ],
    [
      0.09533317795790534,
      0.12941416148183416,
      0.15358472810743673,
      0.1623076923076923,
      0.15358472810743679,
      0.12941416148183416,
      0.09533317795790534,
      0.05914932014060692,
      0.029151873793123877,
      0.012212892365246829,
      0.012212892365246836,
      0.029151873793123805,
      0.059149320140606934
    ],
    [
      0.05914932014060692,
      0.0953331779579054,
      0.12941416148183416,
      0.15358472810743673,
      0.16230769230769226,
      0.15358472810743667,
      0.1294141614818341,
      0.09533317795790532,
      0.059149320140606886,
      0.029151873793123836,
      0.012212892365246785,
      0.012212892365246787,
      0.02915187379312387
    ],
    [
      0.02915187379312383,
      0.059149320140606906,
      0.09533317795790534,
      0.12941416148183416,
      0.15358472810743673,
      0.16230769230769226,
      0.15358472810743673,
      0.12941416148183416,
      0.0953331779579054,
      0.05914932014060694,
      0.029151873793123836,
      0.01221289236524684,
      0.012212892365246824
    ],
    [
      0.012212892365246794,
      0.029151873793123853,
      0.05914932014060687,
      0.09533317795790537,
      0.12941416148183418,
      0.1535847281074367,
      0.16230769230769226,
      0.15358472810743676,
      0.1294141614818342,
      0.09533317795790543,
      0.05914932014060689,
      0.029151873793123884,
      0.012212892365246792
    ],
    [
      0.012212892365246789,
      0.012212892365246817,
      0.0291518737931238,
      0.059149320140606906,
      0.09533317795790539,
      0.12941416148183416,
      0.15358472810743676,
      0.16230769230769232,
      0.15358472810743679,
      0.12941416148183418,
      0.09533317795790534,
      0.059149320140606976,
      0.029151873793123832
    ],
    [
      0.029151873793123808,
      0.012212892365246794,
      0.012212892365246763,
      0.029151873793123857,
      0.059149320140606934,
      0.09533317795790539,
      0.1294141614818342,
      0.15358472810743676,
      0.1623076923076923,
      0.15358472810743676,
      0.12941416148183416,
      0.09533317795790544,
      0.05914932014060688
    ],
    [
      0.05914932014060685,
      0.02915187379312381,
      0.012212892365246787,
      0.012212892365246843,
      0.029151873793123836,
      0.0591493201406069,
      0.09533317795790543,
      0.12941416148183416,
      0.15358472810743676,
      0.16230769230769232,
      0.1535847281074367,
      0.12941416148183416,
      0.09533317795790526
    ],
    [
      0.0953331779579054,
      0.0591493201406069,
      0.02915187379312384,
      0.012212892365246844,
      0.012212892365246779,
      0.029151873793123832,
      0.059149320140606976,
      0.09533317795790533,
      0.12941416148183413,
      0.15358472810743673,
      0.16230769230769232,
      0.15358472810743684,
      0.12941416148183418
    ],
    [
      0.12941416148183404,
      0.09533317795790522,
      0.05914932014060681,
      0.029151873793123863,
      0.01221289236524684,
      0.012212892365246891,
      0.029151873793123943,
      0.05914932014060691,
      0.09533317795790539,
      0.1294141614818342,
      0.1535847281074368,
      0.1623076923076923,
      0.1535847281074367
    ],
    [
      0.15358472810743676,
      0.12941416148183416,
      0.09533317795790539,
      0.059149320140606955,
      0.029151873793123836,
      0.012212892365246824,
      0.01221289236524684,
      0.0291518737931238,
      0.05914932014060686,
      0.09533317795790532,
      0.12941416148183416,
      0.15358472810743665,
      0.16230769230769226
    ]
  ],
  "A": [
    [
      0.0,
      0.33655607330275844,
      0.26452212822536353,
      0.03434710905002697,
      4.871943526655304e-18,
      0.05898179965619456
    ],
    [
      0.03190113299697045,
      0.22446656967116016,
      0.29727370770117106,
      9.802723606879879e-15,
      5.754739693685565e-14,
      0.10889887531232666
    ],
    [
      0.1364380186790455,
      0.0829436224133851,
      0.29962762865458425,
      2.5541272564715683e-16,
      1.8513385401290092e-16,
      0.14679782508918945
    ],
    [
      0.12655783971626064,
      0.0013652919038338836,
      0.2439241727912436,
      0.0012070613594032764,
      0.08009384461357538,
      0.19466727232246744
    ],
    [
      4.4865112587536335e-12,
      5.170914143205394e-16,
      0.14217209165090383,
      0.0024254570673518526,
      0.22415455812819243,
      0.2423916183878877
    ],
    [
      0.012445628398038982,
      5.17630051210432e-15,
      0.05537447423923037,
      0.049435197410361835,
      0.28786250330825996,
      0.23641048023681235
    ],
    [
      0.1649533036109948,
      8.348871793716472e-17,
      0.004065703329715065,
      0.1322613052947417,
      0.25470305759636397,
      0.1773588656934333
    ],
    [
      0.4225853551687517,
      4.834266087006824e-16,
      8.481829704101188e-16,
      0.2319293175669774,
      0.1322726503904786,
      0.07876478800054466
    ],
    [
      0.46104766059803537,
      0.0926347321283916,
      8.552771478355337e-14,
      0.27170746365599213,
      0.0788833780268534,
      0.013098029622451098
    ],
    [
      0.24707749812623817,
      0.26522125511999206,
      2.3582293065170604e-17,
      0.23751493388359446,
      0.11877316814752438,
      1.7372498567065075e-17
    ],
    [
      0.04495198373199131,
      0.4030526568786536,
      0.03579251975801012,
      0.18092175489230172,
      0.13709904793170477,
      0.0019931645035228007
    ],
    [
      1.385324294065216e-17,
      0.4399736883159168,
      0.11564334194152243,
      0.1350127788907576,
      0.0810360805616299,
      0.0
    ],
    [
      0.041656744399986345,
      0.39576381178841086,
      0.20781403438394735,
      0.09387528549674388,
      0.003135915772883939,
      0.009682853611182218
    ]
  ],