{
  "k": 8,
  "M_approx": [
    [
      0.15384615384615385,
      0.14503507889640074,
      0.12062036513316582,
      0.08619512925040954,
      0.04964577791980493,
      0.019345327063761412,
      0.0022352448133806367,
      0.0022352448133805838,
      0.019345327063761422,
      0.04964577791980491,
      0.08619512925040945,
      0.12062036513316574,
      0.14503507889640077
    ],
    [
      0.14503507889640077,
      0.15384615384615383,
      0.1450350788964008,
      0.12062036513316578,
      0.08619512925040941,
      0.04964577791980489,
      0.019345327063761464,
      0.0022352448133806085,
      0.0022352448133806566,
      0.019345327063761426,
      0.04964577791980495,
      0.08619512925040934,
      0.12062036513316585
    ],
    [
      0.1206203651331658,
      0.1450350788964007,
      0.1538461538461538,
      0.14503507889640074,
      0.12062036513316583,
      0.08619512925040951,
      0.04964577791980504,
      0.019345327063761488,
      0.002235244813380647,
      0.0022352448133806067,
      0.01934532706376147,
      0.049645777919804845,
      0.0861951292504095
    ],
    [
      0.08619512925040945,
      0.1206203651331658,
      0.14503507889640077,
      0.15384615384615383,
      0.14503507889640077,
      0.12062036513316585,
      0.0861951292504095,
      0.04964577791980501,
      0.01934532706376149,
      0.0022352448133806245,
      0.0022352448133806197,
      0.019345327063761363,
      0.04964577791980492
    ],
    [
      0.04964577791980499,
      0.08619512925040948,
      0.12062036513316586,
      0.14503507889640074,
      0.15384615384615385,
      0.14503507889640074,
      0.1206203651331658,
      0.0861951292504095,
      0.049645777919804984,
      0.019345327063761485,
      0.0022352448133806284,
      0.002235244813380608,
      0.019345327063761478
    ],
    [
      0.019345327063761443,
      0.04964577791980494,
      0.0861951292504095,
      0.12062036513316586,
      0.14503507889640074,
      0.15384615384615388,
      0.14503507889640074,
      0.12062036513316586,
      0.08619512925040952,
      0.04964577791980502,
      0.01934532706376146,
      0.002235244813380621,
      0.0022352448133806015
    ],
    [
      0.002235244813380626,
      0.019345327063761433,
      0.04964577791980495,
      0.08619512925040944,
      0.12062036513316583,
      0.14503507889640085,
      0.15384615384615385,
      0.14503507889640077,
      0.12062036513316587,
      0.08619512925040951,
      0.04964577791980496,
      0.019345327063761537,
      0.0022352448133806627
    ],
    [
      0.0022352448133806145,
      0.0022352448133805816,
      0.01934532706376148,
      0.0496457779198049,
      0.08619512925040947,
      0.12062036513316585,
      0.14503507889640072,
      0.15384615384615385,
      0.14503507889640072,
      0.12062036513316583,
      0.08619512925040944,
      0.04964577791980501,
      0.019345327063761426
    ],
    [
      0.01934532706376145,
      0.002235244813380565,
      0.0022352448133807915,
      0.019345327063761446,
      0.04964577791980497,
      0.08619512925040952,
      0.12062036513316583,
      0.14503507889640077,
      0.15384615384615388,
      0.14503507889640077,
      0.12062036513316582,
      0.08619512925040952,
      0.04964577791980494
    ],
    [
      0.04964577791980488,
      0.019345327063761422,
      0.0022352448133807143,
      0.002235244813380814,
      0.019345327063761502,
      0.049645777919805,
      0.0861951292504095,
      0.12062036513316583,
      0.14503507889640077,
      0.15384615384615385,
      0.1450350788964007,
      0.12062036513316582,
      0.08619512925040937
    ],
    [
      0.08619512925040948,
      0.04964577791980495,
      0.01934532706376142,
      0.00223524481338071,
      0.002235244813380583,
      0.019345327063761453,
      0.04964577791980496,
      0.08619512925040944,
      0.12062036513316579,
      0.14503507889640077,
      0.15384615384615385,
      0.14503507889640083,
      0.1206203651331659
    ],
    [
      0.12062036513316575,
      0.0861951292504094,
      0.04964577791980489,
      0.019345327063761415,
      0.002235244813380599,
      0.002235244813380618,
      0.019345327063761537,
      0.049645777919805026,
      0.0861951292504095,
      0.12062036513316589,
      0.14503507889640085,
      0.15384615384615383,
      0.1450350788964007
    ],
    [
      0.14503507889640074,
      0.12062036513316587,
      0.08619512925040951,
      0.04964577791980498,
      0.019345327063761478,
      0.002235244813380586,
      0.002235244813380637,
      0.019345327063761426,
      0.04964577791980488,
      0.08619512925040941,
      0.12062036513316587,
      0.1450350788964007,
      0.1538461538461538
    ]
  ],
  "A": [
    [
      0.5670022559713007,
      1.4739587495076501e-16,
      2.2765384743552406e-14,
      0.2035610041865164,
      0.20568739440353326,
      2.467290560939283e-14,
      0.0262673354042575,
      3.4203781254244278e-15
    ],
    [
      0.4891925169126067,
      0.0,
      7.049433299199142e-17,
      0.02352034045818197,
      0.2819200830958588,
      1.471882685380989e-16,
      0.22733536454200998,
      0.0
    ],
    [
      0.45564489605030095,
      1.6736064155875553e-14,
      0.19064248329727113,
      4.4659035619744304e-14,
      0.24678050846209537,
      8.575654670738289e-14,
      0.03000191225689037,
      0.013411084639720185
    ],
    [
      0.1880296690391836,
      0.008776526304453455,
      2.545972345409384e-13,
      8.353475497914191e-16,
      0.2873401978498124,
      8.896960668801328e-17,
      5.851764515133472e-17,
      0.1573847598530766
    ],
    [
      0.003404955439812132,
      0.07940330238879045,
      0.02101911397472128,
      5.764386600899863e-16,
      0.24294685639360214,
      0.003583655153359061,
      5.266588063620078e-15,
      0.18178949246191745
    ],
    [
      1.1602033055411274e-13,
      0.2129854702720412,
      0.3928389854416197,
      1.1406646367034848e-15,
      0.08645680318578237,
      0.0005939740153631229,
      4.8050301374890933e-14,
      0.02160065848554158
    ],
    [
      0.0,
      0.26789373827212404,
      0.371554214993176,
      0.0,
      0.002190485139654156,
      0.09657626619720837,
      0.0,
      0.02172119172843645
    ],
    [
      1.8667323873781344e-13,
      0.24586247594597882,
      0.009042659982315028,
      0.0009789284631465517,
      0.003375135370274893,
      0.24887173454458972,
      0.026769620806099223,
      0.15299162599943547
    ],
    [
      0.0,
      0.3242490873863602,
      6.226083687494043e-16,
      1.1479922467893783e-16,
      0.0,
      0.19261314300382126,
      0.37372163785858026,
      0.02029293621587824
    ],
    [
      7.04190130098769e-14,
      0.29738432288146494,
      0.0,
      0.31962793310775534,
      0.0,
      2.0114867599029098e-16,
      0.17250190923718703,
      0.0
    ],
    [
      0.2608404100083001,
      0.20644184247425396,
      0.0,
      0.3695278090695128,
      2.144736762681391e-17,
      0.04249904075024738,
      0.0,
      0.0
    ],
    [
      0.7679523420833633,
      0.08044359721306003,
      0.0,
      0.04269688053864642,
      0.0,
      0.3678155691439387,
      2.544869759683757e-17,
      2.675788201249315e-17
    ],
    [
      0.8644267316790182,
      0.007046920545299075,
      0.0005372327304467182,
      1.691963487858241e-13,
      0.07584640650046225,
      0.337210715337772,
      0.0014188887045205783,
      0.0005752262368363423
    ]
  ],