{
  "k": 3,
  "M_approx": [
    [
      0.5714285714285713,
      0.5678917452822293,
      0.557981778637812,
      0.5436614619270114,
      0.5277671095015602,
      0.5134467927907596,
      0.5035368261463421,
      0.5000000000000001,
      0.5035368261463421,
      0.5134467927907596,
      0.5277671095015601,
      0.543661461927011,
      0.5579817786378118,
      0.5678917452822293
    ],
    [
      0.5678917452822292,
      0.5714285714285715,
      0.5678917452822292,
      0.557981778637812,
      0.5436614619270111,
      0.5277671095015602,
      0.5134467927907594,
      0.5035368261463422,
      0.5,
      0.5035368261463424,
      0.5134467927907596,
      0.5277671095015601,
      0.5436614619270114,
      0.5579817786378121
    ],
    [
      0.557981778637812,
      0.5678917452822292,
      0.5714285714285714,
      0.5678917452822292,
      0.5579817786378118,
      0.5436614619270113,
      0.52776710950156,
      0.5134467927907594,
      0.5035368261463421,
      0.5000000000000002,
      0.5035368261463422,
      0.5134467927907594,
      0.5277671095015604,
      0.5436614619270114
    ],
    [
      0.5436614619270114,
      0.557981778637812,
      0.5678917452822293,
      0.5714285714285714,
      0.5678917452822292,
      0.5579817786378121,
      0.5436614619270111,
      0.5277671095015601,
      0.5134467927907594,
      0.5035368261463423,
      0.4999999999999999,
      0.5035368261463421,
      0.5134467927907597,
      0.5277671095015602
    ],
    [
      0.5277671095015602,
      0.543661461927011,
      0.5579817786378117,
      0.567891745282229,
      0.5714285714285713,
      0.5678917452822293,
      0.5579817786378116,
      0.5436614619270111,
      0.52776710950156,
      0.5134467927907597,
      0.5035368261463421,
      0.5,
      0.5035368261463423,
      0.5134467927907596
    ],
    [
      0.5134467927907596,
      0.52776710950156,
      0.5436614619270111,
      0.5579817786378117,
      0.5678917452822292,
      0.5714285714285715,
      0.5678917452822292,
      0.557981778637812,
      0.5436614619270111,
      0.5277671095015602,
      0.5134467927907594,
      0.5035368261463422,
      0.5,
      0.503536826146342
    ],
    [
      0.5035368261463424,
      0.5134467927907594,
      0.5277671095015604,
      0.543661461927011,
      0.5579817786378118,
      0.5678917452822293,
      0.5714285714285714,
      0.5678917452822293,
      0.5579817786378117,
      0.5436614619270113,
      0.5277671095015601,
      0.5134467927907598,
      0.5035368261463423,
      0.49999999999999994
    ],
    [
      0.5000000000000003,
      0.5035368261463422,
      0.5134467927907597,
      0.52776710950156,
      0.543661461927011,
      0.5579817786378118,
      0.5678917452822292,
      0.5714285714285713,
      0.5678917452822291,
      0.5579817786378118,
      0.5436614619270111,
      0.5277671095015605,
      0.5134467927907596,
      0.5035368261463421
    ],
    [
      0.5035368261463424,
      0.49999999999999994,
      0.5035368261463423,
      0.5134467927907593,
      0.52776710950156,
      0.5436614619270111,
      0.5579817786378118,
      0.5678917452822293,
      0.5714285714285713,
      0.5678917452822292,
      0.557981778637812,
      0.5436614619270115,
      0.5277671095015602,
      0.5134467927907594
    ],
    [
      0.5134467927907596,
      0.5035368261463421,
      0.5,
      0.503536826146342,
      0.5134467927907593,
      0.5277671095015601,
      0.5436614619270113,
      0.557981778637812,
      0.5678917452822293,
      0.5714285714285714,
      0.5678917452822293,
      0.5579817786378122,
      0.5436614619270111,
      0.52776710950156
    ],
    [
      0.5277671095015602,
      0.5134467927907596,
      0.5035368261463423,
      0.5,
      0.5035368261463421,
      0.5134467927907594,
      0.5277671095015601,
      0.5436614619270113,
      0.5579817786378117,
      0.5678917452822292,
      0.5714285714285714,
      0.5678917452822294,
      0.5579817786378118,
      0.5436614619270111
    ],
    [
      0.543661461927011,
      0.52776710950156,
      0.5134467927907593,
      0.5035368261463421,
      0.4999999999999999,
      0.5035368261463422,
      0.5134467927907597,
      0.5277671095015605,
      0.5436614619270114,
      0.5579817786378121,
      0.5678917452822294,
      0.5714285714285716,
      0.5678917452822291,
      0.5579817786378117
    ],
    [
      0.5579817786378118,
      0.5436614619270113,
      0.5277671095015601,
      0.5134467927907596,
      0.5035368261463421,
      0.49999999999999994,
      0.5035368261463421,
      0.5134467927907596,
      0.5277671095015601,
      0.5436614619270113,
      0.5579817786378118,
      0.5678917452822292,
      0.5714285714285713,
      0.5678917452822292
    ],
    [
      0.5678917452822291,
      0.557981778637812,
      0.5436614619270111,
      0.5277671095015602,
      0.5134467927907596,
      0.5035368261463421,
      0.49999999999999994,
      0.5035368261463422,
      0.5134467927907596,
      0.5277671095015604,
      0.5436614619270111,
      0.5579817786378118,
      0.5678917452822292,
      0.5714285714285714
    ]
  ],
  "A": [
    [
      0.1733970883068531,
      0.6080481679513307,
      0.8130235434878257
    ],
    [
      0.12126531520457044,
      0.6652874493558779,
      0.7653244286115497
    ],
    [
      0.11237491150815655,
      0.7026080457853798,
      0.6799406629392442
    ],
    [
      0.14848673070333224,
      0.7126181554098955,
      0.5737835484254751
    ],
    [
      0.2224483841160962,
      0.6933351532523503,
      0.4678788035312643
    ],
    [
      0.3196108592078967,
      0.6485782743805494,
      0.3832021618193707
    ],
    [
      0.4207299361672465,
      0.5872121675621493,
      0.33652487067169534
    ],
    [
      0.5057777416582522,
      0.5213911428584446,
      0.3370919400594422
    ],
    [
      0.5579095147605356,
      0.4641518614538967,
      0.3847910549357184
    ],
    [
      0.56679991845695,
      0.4268312650243944,
      0.47017482060802374
    ],
    [
      0.5306880992617731,
      0.41682115539987963,
      0.5763319351217931
    ],
    [
      0.4567264458490115,
      0.4361041575574235,
      0.6822366800160021
    ],
    [
      0.3595639707572093,
      0.4808610364292254,
      0.7669133217278964
    ],
    [
      0.2584448937978593,
      0.5422271432476257,
      0.8135906128755722
    ]
  ],
  "B": [
    [
      0.31713048383528347,
      0.29031348176562755,
      0.28533203589149797,
      0.303172782661689,
      0.34030214337596526,
      0.38936619278313805,
      0.44064719416703935,
      0.48398831628337813,
      0.5108053183530333,
      0.5157867642271631,
      0.497946017456972,
      0.4608166567426962,
      0.41175260733552277,
      0.36047160595162153
    ],
    [
      0.4659706466932003,
      0.5277591871167234,
      0.5878448057768132,
      0.6343268089960836,
      0.6579988659726007,
      0.6541724355034377,
      0.6236053890711017,
      0.572351905101741,
      0.5105633646782173,
      0.4504777460181281,
      0.40399574279885675,
      0.38032368582234033,
      0.38415011629150414,
      0.4147171627238393
    ],
    [
      0.2867155234856774,
      0.24187396241740233,
      0.18581021230109646,
      0.1296283864240691,
      0.08445598442614083,
      0.05923995452615635,
      0.058974640700119846,
      0.08371259160513798,
      0.12855415267341386,
      0.1846179027897193,
      0.24079972866674734,
      0.2859721306646748,
      0.3111881605646589,
      0.311453474390696
    ]
  ],