{
  "k": 3,
  "M_approx": [
    [
      0.2285714285714286,
      0.22220514150801265,
      0.20436720154806148,
      0.1785906314686202,
      0.14998079710280834,
      0.12420422702336716,
      0.10636628706341592,
      0.10000000000000005,
      0.10636628706341596,
      0.1242042270233671,
      0.14998079710280837,
      0.17859063146862014,
      0.20436720154806146,
      0.2222051415080127
    ],
    [
      0.22220514150801268,
      0.22857142857142856,
      0.22220514150801268,
      0.2043672015480614,
      0.17859063146862023,
      0.1499807971028084,
      0.12420422702336717,
      0.10636628706341597,
      0.10000000000000006,
      0.10636628706341589,
      0.12420422702336714,
      0.1499807971028083,
      0.17859063146862023,
      0.20436720154806146
    ],
    [
      0.20436720154806148,
      0.22220514150801268,
      0.22857142857142862,
      0.22220514150801268,
      0.20436720154806148,
      0.17859063146862028,
      0.1499807971028084,
      0.12420422702336717,
      0.10636628706341596,
      0.09999999999999995,
      0.10636628706341592,
      0.12420422702336709,
      0.14998079710280837,
      0.17859063146862025
    ],
    [
      0.1785906314686202,
      0.20436720154806146,
      0.22220514150801268,
      0.22857142857142856,
      0.22220514150801265,
      0.20436720154806148,
      0.17859063146862023,
      0.14998079710280843,
      0.12420422702336717,
      0.1063662870634159,
      0.10000000000000002,
      0.10636628706341589,
      0.12420422702336714,
      0.14998079710280837
    ],
    [
      0.14998079710280834,
      0.17859063146862023,
      0.20436720154806146,
      0.22220514150801265,
      0.2285714285714286,
      0.22220514150801268,
      0.20436720154806148,
      0.17859063146862023,
      0.1499807971028084,
      0.12420422702336711,
      0.10636628706341592,
      0.09999999999999999,
      0.10636628706341592,
      0.12420422702336716
    ],
    [
      0.12420422702336713,
      0.14998079710280837,
      0.1785906314686202,
      0.20436720154806143,
      0.22220514150801268,
      0.22857142857142856,
      0.22220514150801268,
      0.20436720154806146,
      0.1785906314686203,
      0.1499807971028084,
      0.1242042270233672,
      0.10636628706341598,
      0.10000000000000006,
      0.10636628706341593
    ],
    [
      0.10636628706341593,
      0.1242042270233672,
      0.14998079710280837,
      0.17859063146862025,
      0.20436720154806146,
      0.22220514150801265,
      0.22857142857142856,
      0.22220514150801263,
      0.20436720154806143,
      0.1785906314686202,
      0.14998079710280837,
      0.12420422702336714,
      0.10636628706341592,
      0.09999999999999999
    ],
    [
      0.1,
      0.10636628706341597,
      0.1242042270233671,
      0.14998079710280837,
      0.17859063146862023,
      0.20436720154806143,
      0.22220514150801265,
      0.22857142857142856,
      0.22220514150801268,
      0.20436720154806146,
      0.17859063146862025,
      0.1499807971028084,
      0.12420422702336713,
      0.10636628706341589
    ],
    [
      0.10636628706341589,
      0.10000000000000002,
      0.10636628706341585,
      0.12420422702336711,
      0.14998079710280834,
      0.17859063146862023,
      0.2043672015480615,
      0.2222051415080127,
      0.22857142857142868,
      0.22220514150801274,
      0.20436720154806148,
      0.17859063146862025,
      0.14998079710280832,
      0.12420422702336704
    ],
    [
      0.12420422702336711,
      0.10636628706341593,
      0.09999999999999995,
      0.1063662870634159,
      0.12420422702336713,
      0.1499807971028084,
      0.1785906314686202,
      0.20436720154806146,
      0.22220514150801268,
      0.2285714285714286,
      0.22220514150801265,
      0.20436720154806143,
      0.17859063146862017,
      0.14998079710280826
    ],
    [
      0.14998079710280837,
      0.12420422702336716,
      0.1063662870634159,
      0.10000000000000002,
      0.10636628706341594,
      0.12420422702336717,
      0.14998079710280837,
      0.17859063146862025,
      0.20436720154806148,
      0.22220514150801265,
      0.22857142857142856,
      0.2222051415080126,
      0.2043672015480614,
      0.17859063146862014
    ],
    [
      0.17859063146862017,
      0.1499807971028083,
      0.12420422702336709,
      0.10636628706341587,
      0.1,
      0.10636628706341596,
      0.12420422702336716,
      0.14998079710280843,
      0.1785906314686203,
      0.20436720154806146,
      0.22220514150801265,
      0.22857142857142848,
      0.22220514150801257,
      0.20436720154806132
    ],
    [
      0.20436720154806148,
      0.1785906314686202,
      0.14998079710280834,
      0.12420422702336709,
      0.10636628706341589,
      0.1,
      0.1063662870634159,
      0.12420422702336717,
      0.14998079710280843,
      0.1785906314686202,
      0.20436720154806143,
      0.22220514150801263,
      0.22857142857142854,
      0.22220514150801263
    ],
    [
      0.22220514150801274,
      0.2043672015480615,
      0.17859063146862034,
      0.14998079710280843,
      0.12420422702336718,
      0.10636628706341597,
      0.09999999999999998,
      0.10636628706341589,
      0.12420422702336709,
      0.14998079710280823,
      0.17859063146862011,
      0.20436720154806132,
      0.22220514150801263,
      0.2285714285714286
    ]
  ],
  "A": [
    [
      0.1343897258450028,
      0.4399679538259861,
      0.27834251398650944
    ],
    [
      0.19148103064279987,
      0.4879956319757584,
      0.16706837978626893
    ],
    [
      0.2762850395586473,
      0.49318704054371787,
      0.07222595254500047
    ],
    [
      0.3720052785738457,
      0.4545139573945319,
      0.012599938143874823
    ],
    [
      0.4596831804197428,
      0.3796360609401363,
      1.1197130802966597e-13
    ],
    [
      0.5219530613368591,
      0.2833838368904594,
      0.03692171039118491
    ],
    [
      0.5464816077195874,
      0.18482121867460047,
      0.11605227175907909
    ],
    [
      0.5284106401339487,
      0.10346974162139537,
      0.2217189059522359
    ],
    [
      0.47131933533615183,
      0.055442063471622886,
      0.3329930401524764
    ],
    [
      0.38651532642030434,
      0.05025065490366361,
      0.4278354673937447
    ],
    [
      0.29079508740510596,
      0.08892373805284956,
      0.48746148179487037
    ],
    [
      0.2031171855592089,
      0.16380163450724497,
      0.5000614199386332
    ],
    [
      0.14084730464209239,
      0.2600538585569219,
      0.46313970954756056
    ],
    [
      0.11631875825936393,
      0.3586164767727814,
      0.38400914817966586
    ]
  ],
  "B": [
    [
      0.021523325804405233,
      0.06323608952529138,
      0.1309973918185742,
      0.21138627572723387,
      0.28848073688819886,
      0.3470112717670226,
      0.3753851901010514,
      0.36798268938095885,
      0.3262699256600729,
      0.2585086233667899,
      0.17811973945813037,
      0.10102527829716543,
      0.042494743418341537,
      0.014120825084312673
    ],
    [
      0.3690031075996583,
      0.3938563274206139,
      0.3797055092533233,
      0.32935339618421366,
      0.25277284173476405,
      0.16513156391255315,
      0.08378799264000526,
      0.024853219821081782,
      1.261149776681562e-13,
      0.014150818167416692,
      0.06450293123652628,
      0.1410834856859758,
      0.22872476350818693,
      0.3100683347807349
    ],
    [
      0.22752317496966878,
      0.14522646115962282,
      0.07079134886835581,
      0.018960624971897162,
      5.3771210471487204e-14,
      0.01766485826530429,
      0.06845645794294644,
      0.1423148997987324,
      0.22461161360877832,
      0.2990467259000453,
      0.35087744979650387,
      0.3698380747683472,
      0.35217321650309674,
      0.3013816168254545
    ]
  ],