{
  "k": 6,
  "M_approx": [
    [
      0.15142857142857138,
      0.14442565565881393,
      0.12480392170286761,
      0.09644969461548229,
      0.06497887681308923,
      0.036624649725703826,
      0.017002915769757466,
      0.01,
      0.017002915769757508,
      0.036624649725703846,
      0.06497887681308918,
      0.09644969461548217,
      0.12480392170286751,
      0.14442565565881393
    ],
    [
      0.14442565565881396,
      0.15142857142857147,
      0.14442565565881388,
      0.1248039217028675,
      0.09644969461548215,
      0.0649788768130892,
      0.036624649725703846,
      0.017002915769757494,
      0.009999999999999974,
      0.017002915769757487,
      0.03662464972570377,
      0.06497887681308911,
      0.09644969461548226,
      0.12480392170286768
    ],
    [
      0.1248039217028676,
      0.144425655658814,
      0.15142857142857144,
      0.1444256556588139,
      0.12480392170286753,
      0.09644969461548225,
      0.06497887681308918,
      0.03662464972570383,
      0.017002915769757505,
      0.01000000000000004,
      0.0170029157697575,
      0.03662464972570379,
      0.06497887681308921,
      0.09644969461548228
    ],
    [
      0.0964496946154822,
      0.12480392170286755,
      0.1444256556588139,
      0.1514285714285714,
      0.1444256556588139,
      0.12480392170286755,
      0.09644969461548218,
      0.06497887681308918,
      0.0366246497257038,
      0.0170029157697575,
      0.010000000000000016,
      0.017002915769757505,
      0.03662464972570386,
      0.06497887681308924
    ],
    [
      0.06497887681308917,
      0.0964496946154822,
      0.12480392170286754,
      0.14442565565881388,
      0.1514285714285714,
      0.14442565565881388,
      0.12480392170286757,
      0.0964496946154823,
      0.06497887681308918,
      0.03662464972570382,
      0.017002915769757505,
      0.010000000000000012,
      0.017002915769757498,
      0.036624649725703895
    ],
    [
      0.036624649725703826,
      0.06497887681308918,
      0.09644969461548222,
      0.12480392170286758,
      0.14442565565881393,
      0.1514285714285714,
      0.14442565565881393,
      0.12480392170286764,
      0.09644969461548221,
      0.06497887681308917,
      0.03662464972570387,
      0.017002915769757543,
      0.01,
      0.017002915769757536
    ],
    [
      0.017002915769757515,
      0.03662464972570386,
      0.06497887681308921,
      0.0964496946154822,
      0.12480392170286757,
      0.14442565565881393,
      0.15142857142857144,
      0.14442565565881396,
      0.12480392170286762,
      0.09644969461548228,
      0.06497887681308925,
      0.036624649725703895,
      0.017002915769757525,
      0.00999999999999998
    ],
    [
      0.010000000000000018,
      0.017002915769757508,
      0.03662464972570385,
      0.06497887681308917,
      0.09644969461548222,
      0.1248039217028676,
      0.14442565565881396,
      0.15142857142857138,
      0.1444256556588139,
      0.12480392170286758,
      0.09644969461548226,
      0.06497887681308925,
      0.03662464972570388,
      0.017002915769757473
    ],
    [
      0.017002915769757532,
      0.010000000000000031,
      0.01700291576975752,
      0.03662464972570384,
      0.06497887681308918,
      0.09644969461548221,
      0.1248039217028676,
      0.14442565565881393,
      0.15142857142857144,
      0.1444256556588139,
      0.1248039217028676,
      0.09644969461548225,
      0.06497887681308917,
      0.0366246497257038
    ],
    [
      0.03662464972570386,
      0.017002915769757515,
      0.009999999999999993,
      0.01700291576975752,
      0.03662464972570386,
      0.06497887681308917,
      0.09644969461548225,
      0.1248039217028676,
      0.14442565565881393,
      0.15142857142857138,
      0.14442565565881396,
      0.12480392170286762,
      0.0964496946154822,
      0.06497887681308914
    ],
    [
      0.06497887681308917,
      0.036624649725703805,
      0.017002915769757453,
      0.009999999999999998,
      0.017002915769757522,
      0.036624649725703846,
      0.06497887681308925,
      0.09644969461548226,
      0.12480392170286761,
      0.14442565565881396,
      0.15142857142857147,
      0.14442565565881396,
      0.12480392170286753,
      0.09644969461548217
    ],
    [
      0.09644969461548217,
      0.06497887681308911,
      0.03662464972570374,
      0.017002915769757456,
      0.009999999999999992,
      0.01700291576975755,
      0.03662464972570393,
      0.06497887681308923,
      0.09644969461548226,
      0.12480392170286761,
      0.14442565565881396,
      0.1514285714285714,
      0.1444256556588139,
      0.12480392170286751
    ],
    [
      0.12480392170286761,
      0.09644969461548224,
      0.06497887681308913,
      0.036624649725703805,
      0.01700291576975747,
      0.010000000000000005,
      0.017002915769757543,
      0.03662464972570385,
      0.0649788768130892,
      0.09644969461548222,
      0.12480392170286757,
      0.1444256556588139,
      0.1514285714285714,
      0.14442565565881393
    ],
    [
      0.14442565565881396,
      0.12480392170286765,
      0.09644969461548224,
      0.0649788768130892,
      0.03662464972570384,
      0.017002915769757505,
      0.010000000000000007,
      0.017002915769757508,
      0.03662464972570381,
      0.06497887681308913,
      0.09644969461548214,
      0.1248039217028675,
      0.14442565565881388,
      0.15142857142857147
    ]
  ],
  "A": [
    [
      0.26590296859583307,
      0.05688312258067149,
      0.007855606287382142,
      0.1259300584726606,
      1.9001613730729314e-14,
      0.19112014873393987
    ],
    [
      0.13856183873422367,
      0.1396692441649726,
      0.0,
      0.1342608515815715,
      7.521635934017092e-16,
      0.1936361508405274
    ],
    [
      0.03218762895429031,
      0.1992529850227491,
      0.0032317952606735908,
      0.13965872480454322,
      0.04721116182811766,
      0.1683987698899835
    ],
    [
      0.0,
      0.18183409718433682,
      2.2879017431763248e-17,
      0.1640406217426411,
      0.18217211871850683,
      0.10138134849763564
    ],
    [
      1.6846625476619978e-14,
      0.1540539702017032,
      0.016388736977941402,
      0.16799273052497343,
      0.30308894856560864,
      0.03448274972855859
    ],
    [
      3.3951573927846106e-15,
      0.16346167815800994,
      0.06608220698923756,
      0.1277200012620958,
      0.33606628236450764,
      9.716124392242837e-16
    ],
    [
      0.00321903027361209,
      0.20398887191355308,
      0.13754484909617337,
      0.05350036168460341,
      0.27956760040360984,
      0.002857978731215897
    ],
    [
      0.07836374576609853,
      0.17702389794811618,
      0.18014862991654368,
      0.009611016072600348,
      0.2523862370257059,
      0.0014563799669299801
    ],
    [
      0.20391420862311652,
      0.09657693465956911,
      0.18894609913868737,
      0.0,
      0.24960761652853025,
      0.0
    ],
    [
      0.31783850440332057,
      0.02713047434814232,
      0.18174307631885023,
      1.8882207380719003e-14,
      0.2141121023680938,
      0.020769638895940218
    ],
    [
      0.3841294572274977,
      2.4971823671995217e-15,
      0.16703705476441405,
      2.466650213026104e-16,
      0.13207008265829825,
      0.06760651476207866
    ],
    [
      0.3992031227560708,
      0.008089313627487958,
      0.142719804659257,
      0.00682468707485071,
      0.03454341742483128,
      0.12558531455182026
    ],
    [
      0.3981938686034505,
      8.107734958439735e-16,
      0.09355718660183197,
      0.04637585820375516,
      5.611158910185949e-16,
      0.1606652875731118
    ],
    [
      0.35856456722885494,
      0.007035746466266663,
      0.041245779597076114,
      0.09456426748654682,
      3.735079724477379e-13,
      0.17935298387282542
    ]
  ],