{
  "k": 10,
  "M_approx": [
    [
      0.14285714285714285,
      0.1357834905644586,
      0.11596355727562382,
      0.08732292385402243,
      0.055534219003120396,
      0.026893585581519032,
      0.007073652292684376,
      6.083852518643378e-17,
      0.007073652292684406,
      0.026893585581519008,
      0.055534219003120354,
      0.08732292385402239,
      0.11596355727562378,
      0.13578349056445857
    ],
    [
      0.1357834905644585,
      0.14285714285714288,
      0.13578349056445843,
      0.11596355727562378,
      0.08732292385402245,
      0.05553421900312041,
      0.026893585581519077,
      0.007073652292684407,
      3.436209831922039e-17,
      0.007073652292684348,
      0.026893585581519004,
      0.055534219003120354,
      0.08732292385402246,
      0.11596355727562391
    ],
    [
      0.11596355727562382,
      0.13578349056445851,
      0.14285714285714288,
      0.13578349056445851,
      0.11596355727562382,
      0.08732292385402247,
      0.0555342190031204,
      0.026893585581519018,
      0.007073652292684362,
      4.490193509834378e-17,
      0.007073652292684381,
      0.026893585581518983,
      0.055534219003120354,
      0.08732292385402254
    ],
    [
      0.08732292385402238,
      0.11596355727562384,
      0.13578349056445851,
      0.14285714285714282,
      0.13578349056445851,
      0.11596355727562377,
      0.0873229238540224,
      0.05553421900312039,
      0.026893585581519032,
      0.007073652292684373,
      5.820569078481623e-17,
      0.007073652292684308,
      0.026893585581518956,
      0.05553421900312049
    ],
    [
      0.05553421900312043,
      0.08732292385402245,
      0.11596355727562382,
      0.13578349056445851,
      0.14285714285714288,
      0.13578349056445851,
      0.11596355727562381,
      0.08732292385402245,
      0.05553421900312039,
      0.026893585581519042,
      0.007073652292684341,
      5.641677680104374e-17,
      0.007073652292684387,
      0.026893585581519087
    ],
    [
      0.026893585581519063,
      0.05553421900312041,
      0.08732292385402247,
      0.1159635572756238,
      0.1357834905644585,
      0.14285714285714285,
      0.1357834905644585,
      0.11596355727562381,
      0.08732292385402246,
      0.05553421900312042,
      0.026893585581519053,
      0.0070736522926844415,
      3.596011265603746e-17,
      0.007073652292684368
    ],
    [
      0.0070736522926843435,
      0.026893585581519067,
      0.055534219003120396,
      0.08732292385402243,
      0.11596355727562384,
      0.13578349056445851,
      0.14285714285714288,
      0.13578349056445854,
      0.11596355727562377,
      0.08732292385402245,
      0.05553421900312043,
      0.026893585581519087,
      0.007073652292684343,
      8.821399663875744e-17
    ],
    [
      5.444488826341746e-17,
      0.007073652292684357,
      0.026893585581519067,
      0.0555342190031204,
      0.0873229238540224,
      0.11596355727562384,
      0.13578349056445851,
      0.14285714285714282,
      0.13578349056445846,
      0.11596355727562385,
      0.08732292385402252,
      0.05553421900312049,
      0.026893585581519053,
      0.007073652292684329
    ],
    [
      0.007073652292684362,
      2.3797602650587704e-17,
      0.00707365229268433,
      0.026893585581519,
      0.05553421900312036,
      0.08732292385402245,
      0.11596355727562382,
      0.13578349056445854,
      0.14285714285714288,
      0.1357834905644585,
      0.11596355727562385,
      0.08732292385402254,
      0.055534219003120416,
      0.026893585581518983
    ],
    [
      0.02689358558151904,
      0.007073652292684328,
      2.2317271103392117e-17,
      0.007073652292684359,
      0.02689358558151903,
      0.055534219003120416,
      0.08732292385402246,
      0.11596355727562382,
      0.13578349056445851,
      0.14285714285714285,
      0.13578349056445854,
      0.11596355727562385,
      0.08732292385402243,
      0.055534219003120354
    ],
    [
      0.05553421900312039,
      0.026893585581519,
      0.007073652292684382,
      1.8616504613469356e-17,
      0.007073652292684425,
      0.026893585581519063,
      0.055534219003120416,
      0.08732292385402246,
      0.11596355727562385,
      0.13578349056445854,
      0.14285714285714285,
      0.13578349056445851,
      0.11596355727562378,
      0.0873229238540224
    ],
    [
      0.0873229238540224,
      0.055534219003120354,
      0.026893585581518956,
      0.007073652292684286,
      1.0739330741825004e-16,
      0.007073652292684369,
      0.026893585581519098,
      0.055534219003120486,
      0.08732292385402253,
      0.11596355727562388,
      0.1357834905644585,
      0.14285714285714288,
      0.1357834905644585,
      0.1159635572756238
    ],
    [
      0.11596355727562377,
      0.0873229238540224,
      0.055534219003120416,
      0.02689358558151903,
      0.007073652292684372,
      3.076958316627487e-17,
      0.007073652292684384,
      0.026893585581519042,
      0.05553421900312044,
      0.08732292385402249,
      0.11596355727562382,
      0.13578349056445846,
      0.1428571428571428,
      0.1357834905644585
    ],
    [
      0.13578349056445851,
      0.11596355727562391,
      0.08732292385402247,
      0.05553421900312042,
      0.02689358558151908,
      0.007073652292684373,
      6.063382302306023e-17,
      0.0070736522926843366,
      0.026893585581518956,
      0.05553421900312035,
      0.08732292385402239,
      0.11596355727562377,
      0.1357834905644585,
      0.14285714285714293
    ]
  ],