{
  "k": 10,
  "M_approx": [
    [
      0.14285714285714285,
      0.13578349056445854,
      0.11596355727562382,
      0.08732292385402239,
      0.05553421900312048,
      0.026893585581519015,
      0.007073652292684443,
      1.424084771639471e-16,
      0.007073652292684374,
      0.026893585581519018,
      0.05553421900312037,
      0.08732292385402242,
      0.1159635572756238,
      0.13578349056445857
    ],
    [
      0.13578349056445857,
      0.14285714285714288,
      0.1357834905644585,
      0.11596355727562382,
      0.08732292385402239,
      0.05553421900312042,
      0.026893585581519046,
      0.007073652292684353,
      1.324242733586479e-16,
      0.007073652292684456,
      0.026893585581518976,
      0.055534219003120354,
      0.0873229238540224,
      0.11596355727562392
    ],
    [
      0.1159635572756238,
      0.13578349056445857,
      0.14285714285714288,
      0.13578349056445857,
      0.11596355727562385,
      0.08732292385402242,
      0.05553421900312041,
      0.026893585581519056,
      0.007073652292684352,
      7.486100236208201e-17,
      0.007073652292684388,
      0.026893585581519035,
      0.055534219003120396,
      0.0873229238540225
    ],
    [
      0.08732292385402245,
      0.11596355727562382,
      0.13578349056445851,
      0.14285714285714282,
      0.13578349056445851,
      0.11596355727562378,
      0.08732292385402242,
      0.055534219003120396,
      0.026893585581519025,
      0.007073652292684405,
      1.6149725016012106e-17,
      0.007073652292684341,
      0.026893585581519042,
      0.05553421900312043
    ],
    [
      0.05553421900312038,
      0.08732292385402247,
      0.11596355727562384,
      0.1357834905644585,
      0.14285714285714282,
      0.1357834905644585,
      0.1159635572756238,
      0.08732292385402243,
      0.05553421900312036,
      0.02689358558151905,
      0.007073652292684351,
      2.7481074419751305e-17,
      0.007073652292684374,
      0.026893585581519084
    ],
    [
      0.026893585581519053,
      0.0555342190031204,
      0.08732292385402245,
      0.11596355727562378,
      0.1357834905644585,
      0.14285714285714288,
      0.13578349056445846,
      0.1159635572756238,
      0.08732292385402245,
      0.055534219003120444,
      0.026893585581519077,
      0.007073652292684413,
      6.733351161958846e-17,
      0.007073652292684376
    ],
    [
      0.00707365229268435,
      0.026893585581518994,
      0.05553421900312039,
      0.0873229238540224,
      0.11596355727562377,
      0.13578349056445857,
      0.14285714285714288,
      0.1357834905644585,
      0.11596355727562384,
      0.08732292385402246,
      0.0555342190031204,
      0.026893585581519112,
      0.007073652292684383,
      1.1319036527779207e-16
    ],
    [
      2.0531449703308254e-17,
      0.0070736522926844085,
      0.026893585581519046,
      0.05553421900312037,
      0.08732292385402242,
      0.11596355727562384,
      0.13578349056445851,
      0.14285714285714288,
      0.13578349056445851,
      0.11596355727562382,
      0.08732292385402249,
      0.055534219003120465,
      0.02689358558151902,
      0.007073652292684336
    ],
    [
      0.007073652292684397,
      5.52868952013825e-17,
      0.007073652292684364,
      0.026893585581519042,
      0.05553421900312037,
      0.08732292385402246,
      0.1159635572756238,
      0.1357834905644585,
      0.14285714285714285,
      0.1357834905644585,
      0.11596355727562382,
      0.08732292385402249,
      0.05553421900312038,
      0.026893585581519008
    ],
    [
      0.026893585581519074,
      0.007073652292684495,
      2.5977444410813e-17,
      0.007073652292684337,
      0.026893585581519067,
      0.05553421900312035,
      0.08732292385402247,
      0.1159635572756239,
      0.13578349056445843,
      0.1428571428571428,
      0.13578349056445854,
      0.11596355727562385,
      0.08732292385402246,
      0.05553421900312034
    ],
    [
      0.05553421900312041,
      0.026893585581518973,
      0.007073652292684463,
      8.297777554027496e-17,
      0.007073652292684235,
      0.02689358558151918,
      0.05553421900312038,
      0.08732292385402236,
      0.11596355727562384,
      0.13578349056445851,
      0.14285714285714285,
      0.1357834905644586,
      0.1159635572756238,
      0.08732292385402235
    ],
    [
      0.08732292385402238,
      0.05553421900312034,
      0.02689358558151889,
      0.007073652292684407,
      1.0464345979234107e-16,
      0.0070736522926843435,
      0.026893585581519084,
      0.055534219003120486,
      0.08732292385402247,
      0.11596355727562388,
      0.13578349056445857,
      0.14285714285714282,
      0.13578349056445851,
      0.11596355727562378
    ],
    [
      0.1159635572756238,
      0.08732292385402246,
      0.05553421900312038,
      0.026893585581519032,
      0.007073652292684333,
      4.8596368603283456e-17,
      0.007073652292684391,
      0.026893585581519053,
      0.05553421900312041,
      0.08732292385402243,
      0.11596355727562382,
      0.13578349056445854,
      0.14285714285714285,
      0.13578349056445851
    ],
    [
      0.13578349056445857,
      0.1159635572756239,
      0.08732292385402254,
      0.055534219003120416,
      0.026893585581519105,
      0.007073652292684394,
      3.8553417619105726e-17,
      0.007073652292684392,
      0.02689358558151904,
      0.05553421900312035,
      0.0873229238540224,
      0.11596355727562378,
      0.1357834905644585,
      0.14285714285714293
    ]
  ],