{
  "k": 4,
  "M_approx": [
    [
      0.1857142857142857,
      0.17899431603623558,
      0.1601653794118426,
      0.13295677766132133,
      0.10275750805296438,
      0.07554890630244308,
      0.05671996967805013,
      0.04999999999999998,
      0.056719969678050125,
      0.07554890630244306,
      0.10275750805296434,
      0.13295677766132127,
      0.1601653794118426,
      0.17899431603623558
    ],
    [
      0.1789943160362356,
      0.18571428571428575,
      0.1789943160362356,
      0.1601653794118426,
      0.13295677766132133,
      0.1027575080529644,
      0.07554890630244307,
      0.05671996967805013,
      0.05000000000000002,
      0.056719969678050125,
      0.07554890630244308,
      0.10275750805296435,
      0.13295677766132133,
      0.16016537941184267
    ],
    [
      0.16016537941184264,
      0.17899431603623564,
      0.18571428571428575,
      0.17899431603623558,
      0.16016537941184264,
      0.13295677766132138,
      0.1027575080529644,
      0.07554890630244313,
      0.05671996967805019,
      0.05000000000000001,
      0.05671996967805013,
      0.07554890630244303,
      0.10275750805296435,
      0.13295677766132136
    ],
    [
      0.13295677766132133,
      0.1601653794118426,
      0.17899431603623558,
      0.18571428571428572,
      0.17899431603623556,
      0.16016537941184264,
      0.13295677766132133,
      0.10275750805296434,
      0.07554890630244307,
      0.05671996967805009,
      0.049999999999999996,
      0.056719969678050146,
      0.07554890630244311,
      0.10275750805296446
    ],
    [
      0.10275750805296438,
      0.13295677766132133,
      0.16016537941184264,
      0.17899431603623553,
      0.18571428571428567,
      0.17899431603623558,
      0.1601653794118426,
      0.13295677766132127,
      0.10275750805296435,
      0.07554890630244306,
      0.05671996967805013,
      0.05000000000000001,
      0.056719969678050146,
      0.07554890630244313
    ],
    [
      0.0755489063024431,
      0.10275750805296442,
      0.13295677766132138,
      0.16016537941184264,
      0.17899431603623556,
      0.18571428571428572,
      0.1789943160362356,
      0.16016537941184264,
      0.13295677766132136,
      0.10275750805296441,
      0.0755489063024431,
      0.056719969678050146,
      0.05,
      0.05671996967805013
    ],
    [
      0.05671996967805012,
      0.07554890630244306,
      0.10275750805296441,
      0.13295677766132136,
      0.16016537941184264,
      0.1789943160362356,
      0.18571428571428572,
      0.17899431603623556,
      0.16016537941184258,
      0.13295677766132133,
      0.10275750805296437,
      0.0755489063024431,
      0.05671996967805011,
      0.049999999999999975
    ],
    [
      0.049999999999999996,
      0.0567199696780501,
      0.07554890630244307,
      0.10275750805296435,
      0.13295677766132133,
      0.1601653794118426,
      0.17899431603623558,
      0.1857142857142857,
      0.17899431603623556,
      0.16016537941184267,
      0.13295677766132136,
      0.10275750805296444,
      0.07554890630244308,
      0.056719969678050104
    ],
    [
      0.05671996967805014,
      0.050000000000000024,
      0.05671996967805014,
      0.07554890630244306,
      0.10275750805296437,
      0.13295677766132127,
      0.16016537941184258,
      0.17899431603623553,
      0.18571428571428564,
      0.17899431603623556,
      0.16016537941184258,
      0.1329567776613213,
      0.10275750805296432,
      0.07554890630244301
    ],
    [
      0.07554890630244308,
      0.056719969678050125,
      0.049999999999999975,
      0.05671996967805011,
      0.0755489063024431,
      0.10275750805296434,
      0.13295677766132133,
      0.1601653794118426,
      0.17899431603623553,
      0.1857142857142857,
      0.17899431603623556,
      0.1601653794118426,
      0.13295677766132127,
      0.1027575080529643
    ],
    [
      0.10275750805296435,
      0.07554890630244306,
      0.05671996967805007,
      0.04999999999999998,
      0.056719969678050174,
      0.0755489063024431,
      0.10275750805296441,
      0.13295677766132136,
      0.1601653794118426,
      0.1789943160362356,
      0.1857142857142857,
      0.17899431603623558,
      0.1601653794118426,
      0.13295677766132127
    ],
    [
      0.13295677766132127,
      0.1027575080529643,
      0.075548906302443,
      0.05671996967805011,
      0.05000000000000005,
      0.056719969678050174,
      0.07554890630244315,
      0.10275750805296441,
      0.13295677766132133,
      0.16016537941184264,
      0.17899431603623556,
      0.18571428571428567,
      0.17899431603623553,
      0.16016537941184256
    ],
    [
      0.16016537941184258,
      0.1329567776613213,
      0.10275750805296432,
      0.07554890630244307,
      0.056719969678050174,
      0.05000000000000003,
      0.05671996967805017,
      0.0755489063024431,
      0.10275750805296437,
      0.13295677766132133,
      0.16016537941184258,
      0.17899431603623553,
      0.18571428571428567,
      0.17899431603623553
    ],
    [
      0.17899431603623564,
      0.1601653794118427,
      0.13295677766132136,
      0.10275750805296441,
      0.07554890630244313,
      0.056719969678050146,
      0.04999999999999998,
      0.05671996967805007,
      0.07554890630244301,
      0.10275750805296431,
      0.1329567776613213,
      0.16016537941184258,
      0.1789943160362356,
      0.18571428571428583
    ]
  ],
  "A": [
    [
      0.37918891605599825,
      0.1005225019368687,
      0.025110084419008135,
      0.168219823549677
    ],
    [
      0.29645304413598583,
      0.15921922642148068,
      1.3771657696367121e-14,
      0.1920806288172881
    ],
    [
      0.1985652000464146,
      0.21250313032264168,
      0.025081810715743818,
      0.1974513395201846
    ],
    [
      0.10491327182484872,
      0.24982068298853058,
      0.09538775634572569,
      0.18326822053621317
    ],
    [
      0.034046172421093326,
      0.2637806854439186,
      0.19699288211210428,
      0.1523404125246895
    ],
    [
      2.4199484151394007e-16,
      0.251618187994322,
      0.3097730467517561,
      0.11079354716696879
    ],
    [
      0.009518016558470302,
      0.21574212242287596,
      0.411390755499848,
      0.06685649068601231
    ],
    [
      0.06071506218628563,
      0.16325818350707466,
      0.4817193748794092,
      0.029231515970509585
    ],
    [
      0.1434509341062979,
      0.10456145902246242,
      0.5068294592984036,
      0.0053707107028988345
    ],
    [
      0.241338778195869,
      0.05127755512130149,
      0.4817476485826737,
      2.3069160661350797e-15
    ],
    [
      0.33499070641743534,
      0.013960002455412936,
      0.4114417029526915,
      0.014183118983973208
    ],
    [
      0.4058578058211906,
      2.486960979787392e-14,
      0.309836577186313,
      0.0451109269954969
    ],
    [
      0.43990397824228344,
      0.012162497449621312,
      0.19705641254666142,
      0.08665779235321794
    ],
    [
      0.43038596168381377,
      0.048038563021067585,
      0.09543870379856896,
      0.13059484883417424
    ]
  ],