{
  "k": 8,
  "M_approx": [
    [
      0.13333333333333333,
      0.12756969717617342,
      0.11127537375725718,
      0.08726779962499649,
      0.059698102448823086,
      0.03333333333333333,
      0.012732200375003505,
      0.0014568266177463233,
      0.0014568266177462687,
      0.012732200375003501,
      0.03333333333333329,
      0.059698102448823044,
      0.08726779962499646,
      0.11127537375725725,
      0.1275696971761734
    ],
    [
      0.12756969717617336,
      0.13333333333333336,
      0.12756969717617342,
      0.11127537375725724,
      0.08726779962499653,
      0.05969810244882314,
      0.03333333333333332,
      0.012732200375003477,
      0.0014568266177462895,
      0.0014568266177463047,
      0.01273220037500348,
      0.03333333333333328,
      0.05969810244882313,
      0.08726779962499656,
      0.11127537375725724
    ],
    [
      0.11127537375725716,
      0.1275696971761734,
      0.13333333333333328,
      0.1275696971761734,
      0.11127537375725724,
      0.08726779962499649,
      0.059698102448823086,
      0.03333333333333333,
      0.012732200375003533,
      0.0014568266177463058,
      0.0014568266177463014,
      0.012732200375003503,
      0.03333333333333336,
      0.05969810244882313,
      0.0872677996249965
    ],
    [
      0.08726779962499646,
      0.11127537375725724,
      0.1275696971761733,
      0.1333333333333333,
      0.12756969717617334,
      0.11127537375725723,
      0.08726779962499648,
      0.0596981024488231,
      0.03333333333333335,
      0.012732200375003591,
      0.0014568266177463003,
      0.0014568266177462624,
      0.012732200375003496,
      0.033333333333333416,
      0.05969810244882314
    ],
    [
      0.05969810244882312,
      0.08726779962499656,
      0.1112753737572572,
      0.12756969717617345,
      0.13333333333333336,
      0.1275696971761734,
      0.1112753737572572,
      0.08726779962499646,
      0.05969810244882308,
      0.03333333333333332,
      0.012732200375003498,
      0.00145682661774627,
      0.001456826617746281,
      0.012732200375003513,
      0.03333333333333339
    ],
    [
      0.033333333333333326,
      0.05969810244882314,
      0.08726779962499646,
      0.11127537375725725,
      0.12756969717617345,
      0.1333333333333333,
      0.1275696971761734,
      0.11127537375725721,
      0.08726779962499658,
      0.05969810244882313,
      0.03333333333333339,
      0.01273220037500352,
      0.0014568266177463305,
      0.0014568266177462795,
      0.012732200375003553
    ],
    [
      0.012732200375003515,
      0.03333333333333334,
      0.05969810244882307,
      0.08726779962499646,
      0.1112753737572572,
      0.1275696971761734,
      0.1333333333333333,
      0.1275696971761734,
      0.11127537375725728,
      0.08726779962499652,
      0.059698102448823155,
      0.03333333333333337,
      0.012732200375003538,
      0.0014568266177462773,
      0.0014568266177463457
    ],
    [
      0.0014568266177463216,
      0.012732200375003513,
      0.03333333333333332,
      0.05969810244882313,
      0.08726779962499649,
      0.11127537375725718,
      0.12756969717617334,
      0.13333333333333328,
      0.1275696971761734,
      0.11127537375725718,
      0.08726779962499653,
      0.05969810244882316,
      0.03333333333333335,
      0.012732200375003463,
      0.0014568266177463342
    ],
    [
      0.0014568266177462845,
      0.0014568266177462828,
      0.012732200375003538,
      0.03333333333333336,
      0.05969810244882312,
      0.08726779962499659,
      0.11127537375725725,
      0.12756969717617345,
      0.1333333333333334,
      0.12756969717617345,
      0.11127537375725724,
      0.08726779962499649,
      0.05969810244882306,
      0.03333333333333329,
      0.012732200375003498
    ],
    [
      0.012732200375003508,
      0.001456826617746308,
      0.0014568266177463227,
      0.012732200375003548,
      0.03333333333333338,
      0.05969810244882315,
      0.08726779962499649,
      0.11127537375725723,
      0.12756969717617345,
      0.13333333333333333,
      0.12756969717617345,
      0.11127537375725725,
      0.08726779962499652,
      0.059698102448823065,
      0.03333333333333333
    ],
    [
      0.03333333333333332,
      0.012732200375003493,
      0.0014568266177462704,
      0.001456826617746268,
      0.012732200375003484,
      0.033333333333333375,
      0.05969810244882311,
      0.08726779962499655,
      0.11127537375725725,
      0.12756969717617345,
      0.13333333333333336,
      0.1275696971761734,
      0.11127537375725724,
      0.08726779962499646,
      0.05969810244882307
    ],
    [
      0.05969810244882305,
      0.033333333333333284,
      0.012732200375003375,
      0.001456826617746298,
      0.001456826617746277,
      0.0127322003750035,
      0.03333333333333336,
      0.05969810244882316,
      0.08726779962499649,
      0.11127537375725721,
      0.12756969717617342,
      0.1333333333333334,
      0.1275696971761734,
      0.11127537375725711,
      0.08726779962499641
    ],
    [
      0.0872677996249965,
      0.059698102448823114,
      0.03333333333333329,
      0.01273220037500351,
      0.001456826617746298,
      0.0014568266177463053,
      0.012732200375003517,
      0.033333333333333395,
      0.059698102448823114,
      0.08726779962499648,
      0.11127537375725718,
      0.12756969717617336,
      0.13333333333333333,
      0.12756969717617336,
      0.11127537375725718
    ],
    [
      0.11127537375725727,
      0.08726779962499658,
      0.059698102448823134,
      0.033333333333333354,
      0.012732200375003522,
      0.0014568266177463012,
      0.001456826617746287,
      0.012732200375003512,
      0.03333333333333332,
      0.059698102448823065,
      0.08726779962499644,
      0.11127537375725713,
      0.12756969717617342,
      0.1333333333333334,
      0.12756969717617345
    ],
    [
      0.12756969717617345,
      0.11127537375725728,
      0.08726779962499648,
      0.05969810244882312,
      0.03333333333333334,
      0.012732200375003506,
      0.001456826617746303,
      0.001456826617746293,
      0.012732200375003482,
      0.03333333333333332,
      0.05969810244882306,
      0.0872677996249964,
      0.11127537375725721,
      0.12756969717617345,
      0.1333333333333334
    ]
  ],