{
  "k": 3,
  "M_approx": [
    [
      0.5666666666666667,
      0.5637848485880868,
      0.5556376868786288,
      0.5436338998124982,
      0.5298490512244116,
      0.5166666666666668,
      0.5063661001875018,
      0.5007284133088732,
      0.5007284133088731,
      0.5063661001875018,
      0.5166666666666666,
      0.5298490512244116,
      0.5436338998124981,
      0.5556376868786286,
      0.5637848485880865
    ],
    [
      0.5637848485880869,
      0.5666666666666669,
      0.563784848588087,
      0.5556376868786286,
      0.5436338998124983,
      0.5298490512244117,
      0.5166666666666667,
      0.5063661001875018,
      0.500728413308873,
      0.5007284133088733,
      0.5063661001875016,
      0.5166666666666666,
      0.5298490512244115,
      0.5436338998124983,
      0.5556376868786286
    ],
    [
      0.5556376868786288,
      0.5637848485880869,
      0.5666666666666668,
      0.5637848485880866,
      0.5556376868786286,
      0.5436338998124983,
      0.5298490512244115,
      0.5166666666666667,
      0.5063661001875016,
      0.5007284133088734,
      0.5007284133088733,
      0.5063661001875019,
      0.5166666666666667,
      0.5298490512244117,
      0.5436338998124982
    ],
    [
      0.5436338998124984,
      0.5556376868786286,
      0.5637848485880866,
      0.5666666666666664,
      0.5637848485880865,
      0.5556376868786286,
      0.5436338998124982,
      0.5298490512244115,
      0.5166666666666666,
      0.5063661001875019,
      0.5007284133088732,
      0.5007284133088732,
      0.5063661001875017,
      0.5166666666666668,
      0.5298490512244115
    ],
    [
      0.5298490512244116,
      0.5436338998124981,
      0.5556376868786285,
      0.5637848485880864,
      0.5666666666666664,
      0.5637848485880866,
      0.5556376868786286,
      0.5436338998124983,
      0.5298490512244114,
      0.5166666666666667,
      0.5063661001875018,
      0.5007284133088732,
      0.500728413308873,
      0.5063661001875018,
      0.5166666666666665
    ],
    [
      0.5166666666666669,
      0.5298490512244116,
      0.5436338998124982,
      0.5556376868786286,
      0.5637848485880866,
      0.5666666666666668,
      0.5637848485880868,
      0.5556376868786287,
      0.5436338998124981,
      0.5298490512244115,
      0.5166666666666667,
      0.5063661001875018,
      0.5007284133088731,
      0.5007284133088733,
      0.5063661001875017
    ],
    [
      0.5063661001875019,
      0.5166666666666667,
      0.5298490512244116,
      0.5436338998124982,
      0.5556376868786286,
      0.5637848485880868,
      0.5666666666666668,
      0.5637848485880868,
      0.5556376868786286,
      0.5436338998124982,
      0.5298490512244117,
      0.5166666666666668,
      0.5063661001875018,
      0.5007284133088733,
      0.5007284133088731
    ],
    [
      0.5007284133088734,
      0.5063661001875018,
      0.5166666666666667,
      0.5298490512244115,
      0.5436338998124982,
      0.5556376868786285,
      0.5637848485880866,
      0.5666666666666667,
      0.5637848485880866,
      0.5556376868786285,
      0.5436338998124983,
      0.5298490512244117,
      0.5166666666666668,
      0.5063661001875019,
      0.5007284133088732
    ],
    [
      0.5007284133088732,
      0.5007284133088731,
      0.5063661001875017,
      0.5166666666666667,
      0.5298490512244115,
      0.5436338998124982,
      0.5556376868786287,
      0.5637848485880868,
      0.5666666666666667,
      0.5637848485880865,
      0.5556376868786287,
      0.5436338998124983,
      0.5298490512244116,
      0.5166666666666666,
      0.5063661001875016
    ],
    [
      0.5063661001875017,
      0.5007284133088732,
      0.5007284133088732,
      0.5063661001875018,
      0.5166666666666668,
      0.5298490512244115,
      0.5436338998124983,
      0.5556376868786287,
      0.5637848485880868,
      0.5666666666666664,
      0.5637848485880868,
      0.5556376868786288,
      0.5436338998124984,
      0.5298490512244115,
      0.5166666666666665
    ],
    [
      0.5166666666666665,
      0.5063661001875017,
      0.5007284133088732,
      0.5007284133088731,
      0.5063661001875018,
      0.5166666666666666,
      0.5298490512244116,
      0.5436338998124983,
      0.5556376868786287,
      0.5637848485880866,
      0.5666666666666668,
      0.563784848588087,
      0.5556376868786288,
      0.5436338998124982,
      0.5298490512244113
    ],
    [
      0.5298490512244114,
      0.5166666666666667,
      0.5063661001875018,
      0.5007284133088732,
      0.5007284133088733,
      0.5063661001875018,
      0.5166666666666668,
      0.5298490512244117,
      0.5436338998124983,
      0.5556376868786286,
      0.5637848485880868,
      0.566666666666667,
      0.5637848485880869,
      0.5556376868786285,
      0.5436338998124981
    ],
    [
      0.5436338998124982,
      0.5298490512244117,
      0.5166666666666669,
      0.5063661001875018,
      0.5007284133088733,
      0.5007284133088731,
      0.5063661001875017,
      0.5166666666666666,
      0.5298490512244113,
      0.5436338998124979,
      0.5556376868786285,
      0.5637848485880868,
      0.5666666666666668,
      0.5637848485880868,
      0.5556376868786286
    ],
    [
      0.5556376868786286,
      0.5436338998124983,
      0.5298490512244117,
      0.5166666666666666,
      0.5063661001875019,
      0.5007284133088732,
      0.5007284133088732,
      0.5063661001875018,
      0.5166666666666666,
      0.5298490512244115,
      0.5436338998124982,
      0.5556376868786287,
      0.5637848485880868,
      0.5666666666666667,
      0.5637848485880865
    ],
    [
      0.5637848485880866,
      0.5556376868786287,
      0.5436338998124983,
      0.5298490512244114,
      0.5166666666666666,
      0.5063661001875016,
      0.5007284133088731,
      0.5007284133088732,
      0.5063661001875016,
      0.5166666666666667,
      0.5298490512244115,
      0.5436338998124983,
      0.5556376868786287,
      0.5637848485880868,
      0.5666666666666665
    ]
  ],
  "A": [
    [
      0.7402268153893979,
      0.4670804803560454,
      0.21008384701815386
    ],
    [
      0.7131577121337772,
      0.43786988720096565,
      0.26605364092232636
    ],
    [
      0.7006822479550241,
      0.3927808472307686,
      0.32108371519863343
    ],
    [
      0.7049575439456782,
      0.3396096650773705,
      0.3656588700721716
    ],
    [
      0.7252443625891111,
      0.2875501211801189,
      0.39207165631273716
    ],
    [
      0.7580349286419115,
      0.24560378362495827,
      0.39575506322670617
    ],
    [
      0.79765945534061,
      0.22102355524568862,
      0.3760721962959516
    ],
    [
      0.837266502041477,
      0.2180595808334507,
      0.33642640202603363
    ],
    [
      0.8700076505512098,
      0.23722435849098136,
      0.2836727984169558
    ],
    [
      0.8902216588484789,
      0.275204124054756,
      0.22693296278417002
    ],
    [
      0.8944133412601866,
      0.3254318310234589,
      0.17601772817380948
    ],
    [
      0.8818579178171088,
      0.3792226525578087,
      0.13973080120039139
    ],
    [
      0.8547263352949944,
      0.4272756669402447,
      0.12434652119400158
    ],
    [
      0.817709890794608,
      0.4612820714361109,
      0.13252496992954169
    ],
    [
      0.777209063853906,
      0.4753618497695877,
      0.1628520193217618
    ]
  ],