{
  "k": 9,
  "M_approx": [
    [
      0.1333333333333334,
      0.12756969717617345,
      0.11127537375725723,
      0.08726779962499649,
      0.05969810244882314,
      0.033333333333333375,
      0.012732200375003536,
      0.0014568266177463357,
      0.0014568266177464313,
      0.012732200375003503,
      0.033333333333333326,
      0.059698102448823044,
      0.08726779962499646,
      0.11127537375725721,
      0.12756969717617342
    ],
    [
      0.12756969717617345,
      0.13333333333333344,
      0.12756969717617342,
      0.11127537375725727,
      0.08726779962499652,
      0.059698102448823155,
      0.03333333333333335,
      0.012732200375003498,
      0.0014568266177463422,
      0.0014568266177462379,
      0.012732200375003458,
      0.0333333333333333,
      0.05969810244882309,
      0.08726779962499656,
      0.11127537375725727
    ],
    [
      0.11127537375725723,
      0.12756969717617345,
      0.13333333333333333,
      0.12756969717617345,
      0.11127537375725721,
      0.08726779962499652,
      0.05969810244882312,
      0.03333333333333333,
      0.012732200375003567,
      0.0014568266177463114,
      0.0014568266177462895,
      0.012732200375003479,
      0.0333333333333333,
      0.05969810244882313,
      0.08726779962499652
    ],
    [
      0.08726779962499648,
      0.11127537375725727,
      0.12756969717617342,
      0.13333333333333336,
      0.12756969717617342,
      0.11127537375725724,
      0.08726779962499653,
      0.059698102448823044,
      0.03333333333333332,
      0.012732200375003493,
      0.001456826617746318,
      0.0014568266177462843,
      0.012732200375003493,
      0.03333333333333335,
      0.05969810244882312
    ],
    [
      0.059698102448823134,
      0.08726779962499648,
      0.11127537375725717,
      0.12756969717617336,
      0.13333333333333333,
      0.12756969717617347,
      0.11127537375725721,
      0.08726779962499645,
      0.05969810244882312,
      0.03333333333333333,
      0.012732200375003519,
      0.0014568266177462821,
      0.0014568266177462953,
      0.012732200375003562,
      0.03333333333333338
    ],
    [
      0.03333333333333335,
      0.05969810244882314,
      0.08726779962499649,
      0.1112753737572572,
      0.1275696971761734,
      0.13333333333333336,
      0.12756969717617336,
      0.11127537375725717,
      0.0872677996249965,
      0.05969810244882313,
      0.03333333333333338,
      0.012732200375003517,
      0.001456826617746307,
      0.0014568266177462934,
      0.012732200375003515
    ],
    [
      0.012732200375003569,
      0.03333333333333336,
      0.059698102448823114,
      0.08726779962499645,
      0.11127537375725721,
      0.1275696971761734,
      0.1333333333333333,
      0.12756969717617334,
      0.11127537375725727,
      0.08726779962499649,
      0.059698102448823155,
      0.03333333333333337,
      0.012732200375003569,
      0.001456826617746302,
      0.0014568266177463212
    ],
    [
      0.0014568266177462893,
      0.012732200375003463,
      0.033333333333333305,
      0.05969810244882309,
      0.08726779962499644,
      0.11127537375725718,
      0.1275696971761734,
      0.13333333333333333,
      0.12756969717617336,
      0.11127537375725723,
      0.08726779962499653,
      0.05969810244882315,
      0.03333333333333334,
      0.01273220037500346,
      0.001456826617746277
    ],
    [
      0.0014568266177462873,
      0.0014568266177463027,
      0.012732200375003536,
      0.03333333333333339,
      0.05969810244882309,
      0.08726779962499649,
      0.11127537375725721,
      0.1275696971761734,
      0.1333333333333333,
      0.12756969717617342,
      0.11127537375725725,
      0.08726779962499653,
      0.05969810244882311,
      0.033333333333333263,
      0.01273220037500348
    ],
    [
      0.012732200375003512,
      0.0014568266177463352,
      0.001456826617746291,
      0.01273220037500348,
      0.03333333333333332,
      0.0596981024488231,
      0.08726779962499648,
      0.11127537375725721,
      0.1275696971761734,
      0.1333333333333334,
      0.1275696971761734,
      0.1112753737572572,
      0.0872677996249965,
      0.05969810244882303,
      0.0333333333333333
    ],
    [
      0.03333333333333329,
      0.012732200375003505,
      0.001456826617746225,
      0.0014568266177462626,
      0.012732200375003519,
      0.03333333333333338,
      0.05969810244882317,
      0.08726779962499653,
      0.11127537375725724,
      0.12756969717617336,
      0.1333333333333333,
      0.12756969717617336,
      0.11127537375725723,
      0.08726779962499644,
      0.059698102448823044
    ],
    [
      0.05969810244882306,
      0.03333333333333332,
      0.01273220037500346,
      0.0014568266177463166,
      0.0014568266177462708,
      0.012732200375003527,
      0.03333333333333336,
      0.05969810244882317,
      0.08726779962499648,
      0.1112753737572572,
      0.12756969717617336,
      0.1333333333333333,
      0.12756969717617342,
      0.11127537375725713,
      0.08726779962499645
    ],
    [
      0.08726779962499646,
      0.0596981024488231,
      0.03333333333333332,
      0.012732200375003513,
      0.0014568266177462793,
      0.001456826617746377,
      0.012732200375003434,
      0.03333333333333335,
      0.05969810244882311,
      0.08726779962499648,
      0.11127537375725721,
      0.1275696971761734,
      0.13333333333333336,
      0.1275696971761734,
      0.11127537375725718
    ],
    [
      0.11127537375725723,
      0.08726779962499653,
      0.05969810244882309,
      0.03333333333333334,
      0.012732200375003533,
      0.0014568266177463383,
      0.001456826617746395,
      0.012732200375003522,
      0.03333333333333327,
      0.05969810244882307,
      0.08726779962499646,
      0.11127537375725713,
      0.12756969717617336,
      0.13333333333333333,
      0.12756969717617342
    ],
    [
      0.12756969717617342,
      0.11127537375725728,
      0.08726779962499652,
      0.05969810244882309,
      0.03333333333333334,
      0.012732200375003472,
      0.0014568266177463853,
      0.0014568266177462771,
      0.012732200375003461,
      0.033333333333333326,
      0.059698102448823114,
      0.08726779962499645,
      0.1112753737572572,
      0.12756969717617342,
      0.1333333333333334
    ]
  ],