{
  "k": 3,
  "M_approx": [
    [
      0.22000000000000003,
      0.21481272745855604,
      0.2001478363815315,
      0.17854101966249686,
      0.15372829220394077,
      0.13,
      0.11145898033750316,
      0.10131114395597167,
      0.10131114395597164,
      0.11145898033750315,
      0.12999999999999998,
      0.15372829220394077,
      0.17854101966249675,
      0.20014783638153147,
      0.21481272745855604
    ],
    [
      0.21481272745855612,
      0.22000000000000006,
      0.21481272745855612,
      0.2001478363815315,
      0.17854101966249686,
      0.1537282922039408,
      0.13000000000000003,
      0.11145898033750318,
      0.10131114395597163,
      0.10131114395597166,
      0.11145898033750314,
      0.13,
      0.15372829220394077,
      0.1785410196624969,
      0.20014783638153155
    ],
    [
      0.20014783638153152,
      0.2148127274585561,
      0.22000000000000003,
      0.2148127274585561,
      0.20014783638153152,
      0.17854101966249689,
      0.15372829220394085,
      0.13000000000000006,
      0.11145898033750314,
      0.1013111439559717,
      0.10131114395597166,
      0.11145898033750318,
      0.12999999999999998,
      0.15372829220394085,
      0.1785410196624969
    ],
    [
      0.17854101966249686,
      0.20014783638153152,
      0.2148127274585561,
      0.22000000000000003,
      0.21481272745855606,
      0.2001478363815315,
      0.17854101966249686,
      0.1537282922039408,
      0.12999999999999995,
      0.11145898033750316,
      0.10131114395597164,
      0.10131114395597167,
      0.11145898033750315,
      0.1300000000000001,
      0.15372829220394083
    ],
    [
      0.15372829220394083,
      0.17854101966249689,
      0.20014783638153152,
      0.21481272745855606,
      0.22000000000000003,
      0.21481272745855604,
      0.2001478363815315,
      0.17854101966249683,
      0.15372829220394071,
      0.12999999999999998,
      0.11145898033750312,
      0.10131114395597167,
      0.10131114395597168,
      0.11145898033750325,
      0.1300000000000001
    ],
    [
      0.13,
      0.1537282922039408,
      0.17854101966249683,
      0.20014783638153147,
      0.21481272745855604,
      0.21999999999999995,
      0.21481272745855604,
      0.20014783638153144,
      0.17854101966249677,
      0.15372829220394074,
      0.12999999999999998,
      0.11145898033750315,
      0.10131114395597168,
      0.10131114395597174,
      0.11145898033750323
    ],
    [
      0.11145898033750315,
      0.12999999999999998,
      0.15372829220394077,
      0.17854101966249683,
      0.20014783638153147,
      0.214812727458556,
      0.22,
      0.21481272745855604,
      0.2001478363815315,
      0.17854101966249686,
      0.15372829220394085,
      0.13000000000000006,
      0.11145898033750322,
      0.10131114395597172,
      0.10131114395597171
    ],
    [
      0.10131114395597164,
      0.11145898033750314,
      0.12999999999999995,
      0.15372829220394077,
      0.17854101966249683,
      0.20014783638153147,
      0.21481272745855606,
      0.21999999999999997,
      0.21481272745855606,
      0.2001478363815315,
      0.1785410196624969,
      0.15372829220394083,
      0.13000000000000006,
      0.11145898033750318,
      0.10131114395597168
    ],
    [
      0.10131114395597164,
      0.10131114395597167,
      0.11145898033750314,
      0.13,
      0.1537282922039408,
      0.17854101966249683,
      0.20014783638153152,
      0.214812727458556,
      0.22000000000000003,
      0.21481272745855606,
      0.20014783638153155,
      0.17854101966249689,
      0.15372829220394083,
      0.12999999999999998,
      0.11145898033750315
    ],
    [
      0.11145898033750314,
      0.10131114395597167,
      0.10131114395597166,
      0.11145898033750316,
      0.13000000000000003,
      0.1537282922039408,
      0.17854101966249689,
      0.20014783638153147,
      0.21481272745855612,
      0.22,
      0.21481272745855612,
      0.20014783638153155,
      0.17854101966249689,
      0.15372829220394074,
      0.13
    ],
    [
      0.12999999999999998,
      0.11145898033750316,
      0.10131114395597166,
      0.10131114395597168,
      0.11145898033750318,
      0.13000000000000003,
      0.15372829220394085,
      0.17854101966249683,
      0.20014783638153155,
      0.21481272745855606,
      0.22000000000000006,
      0.2148127274585561,
      0.20014783638153147,
      0.17854101966249677,
      0.15372829220394077
    ],
    [
      0.15372829220394077,
      0.13,
      0.11145898033750316,
      0.1013111439559717,
      0.1013111439559717,
      0.1114589803375032,
      0.1300000000000001,
      0.15372829220394083,
      0.1785410196624969,
      0.20014783638153152,
      0.2148127274585561,
      0.22000000000000003,
      0.214812727458556,
      0.20014783638153139,
      0.1785410196624968
    ],
    [
      0.17854101966249683,
      0.1537282922039408,
      0.13,
      0.11145898033750314,
      0.10131114395597164,
      0.10131114395597164,
      0.11145898033750318,
      0.12999999999999998,
      0.15372829220394083,
      0.17854101966249686,
      0.20014783638153152,
      0.2148127274585561,
      0.21999999999999997,
      0.21481272745855598,
      0.20014783638153147
    ],
    [
      0.2001478363815315,
      0.17854101966249686,
      0.15372829220394077,
      0.12999999999999998,
      0.11145898033750314,
      0.10131114395597166,
      0.10131114395597168,
      0.11145898033750315,
      0.13000000000000003,
      0.1537282922039408,
      0.17854101966249686,
      0.20014783638153152,
      0.214812727458556,
      0.21999999999999995,
      0.21481272745855604
    ],
    [
      0.21481272745855612,
      0.20014783638153152,
      0.1785410196624969,
      0.1537282922039408,
      0.12999999999999998,
      0.11145898033750315,
      0.1013111439559717,
      0.10131114395597168,
      0.11145898033750318,
      0.13000000000000003,
      0.15372829220394085,
      0.1785410196624969,
      0.2001478363815315,
      0.2148127274585561,
      0.22000000000000006
    ]
  ],
  "A": [
    [
      0.48204929781815303,
      0.15905980992825322,
      0.026035142444869645
    ],
    [
      0.5080913602678478,
      0.09092313241846595,
      0.08669350718794432
    ],
    [
      0.49426423789249374,
      0.04122232466205686,
      0.1755013456228158
    ],
    [
      0.44295876576625304,
      0.01855110783777283,
      0.27710297569021036
    ],
    [
      0.3630461261153346,
      0.026829541296071516,
      0.3739305525296435
    ],
    [
      0.26834394031892195,
      0.06462620868480617,
      0.44924170845465716
    ],
    [
      0.17522707664356366,
      0.12540572284052112,
      0.49001446042544383
    ],
    [
      0.09979628675887876,
      0.19865875360114132,
      0.489198829217431
    ],
    [
      0.05509423950314231,
      0.2717191864652631,
      0.4469358448762612
    ],
    [
      0.04885032495222126,
      0.3319542088574843,
      0.3705331613416819
    ],
    [
      0.08214417265615279,
      0.3689486381881904,
      0.2732014966934116
    ],
    [
      0.14921897388181624,
      0.37630580154226284,
      0.17177037997955044
    ],
    [
      0.23847688614185514,
      0.3527535785380518,
      0.08377817275269171
    ],
    [
      0.3344844055238323,
      0.30236436249821397,
      0.02443952702646695
    ],
    [
      0.42064095972567206,
      0.23385090664769417,
      0.004014633721612912
    ]
  ],