{
  "k": 4,
  "M_approx": [
    [
      0.1766666666666666,
      0.1711912123173647,
      0.15571160506939433,
      0.1329044096437467,
      0.10671319732638196,
      0.08166666666666669,
      0.062095590356253345,
      0.05138398528685901,
      0.05138398528685898,
      0.06209559035625332,
      0.08166666666666667,
      0.10671319732638188,
      0.13290440964374664,
      0.15571160506939435,
      0.17119121231736473
    ],
    [
      0.1711912123173647,
      0.1766666666666667,
      0.17119121231736473,
      0.15571160506939444,
      0.1329044096437467,
      0.10671319732638196,
      0.08166666666666665,
      0.062095590356253325,
      0.051383985286859,
      0.05138398528685897,
      0.06209559035625336,
      0.08166666666666664,
      0.10671319732638193,
      0.13290440964374667,
      0.15571160506939438
    ],
    [
      0.15571160506939433,
      0.17119121231736473,
      0.1766666666666666,
      0.17119121231736478,
      0.15571160506939435,
      0.13290440964374667,
      0.10671319732638194,
      0.08166666666666667,
      0.062095590356253345,
      0.05138398528685898,
      0.051383985286858995,
      0.06209559035625331,
      0.08166666666666665,
      0.10671319732638197,
      0.1329044096437467
    ],
    [
      0.13290440964374664,
      0.15571160506939435,
      0.1711912123173647,
      0.17666666666666672,
      0.17119121231736475,
      0.15571160506939435,
      0.1329044096437467,
      0.10671319732638196,
      0.08166666666666669,
      0.06209559035625335,
      0.051383985286858995,
      0.05138398528685898,
      0.06209559035625333,
      0.08166666666666672,
      0.10671319732638199
    ],
    [
      0.1067131973263819,
      0.13290440964374664,
      0.1557116050693943,
      0.17119121231736475,
      0.17666666666666667,
      0.17119121231736473,
      0.15571160506939438,
      0.13290440964374667,
      0.10671319732638199,
      0.08166666666666669,
      0.06209559035625334,
      0.05138398528685899,
      0.05138398528685897,
      0.06209559035625336,
      0.08166666666666668
    ],
    [
      0.08166666666666667,
      0.10671319732638196,
      0.13290440964374667,
      0.1557116050693944,
      0.17119121231736475,
      0.17666666666666667,
      0.17119121231736475,
      0.15571160506939433,
      0.1329044096437467,
      0.10671319732638196,
      0.08166666666666668,
      0.06209559035625337,
      0.05138398528685898,
      0.051383985286859,
      0.06209559035625335
    ],
    [
      0.06209559035625333,
      0.08166666666666667,
      0.10671319732638192,
      0.13290440964374672,
      0.1557116050693943,
      0.17119121231736464,
      0.1766666666666666,
      0.1711912123173647,
      0.15571160506939438,
      0.1329044096437467,
      0.106713197326382,
      0.08166666666666675,
      0.06209559035625336,
      0.05138398528685898,
      0.051383985286858995
    ],
    [
      0.051383985286859,
      0.06209559035625335,
      0.08166666666666668,
      0.10671319732638197,
      0.13290440964374667,
      0.15571160506939435,
      0.17119121231736475,
      0.1766666666666667,
      0.17119121231736475,
      0.15571160506939438,
      0.13290440964374667,
      0.10671319732638199,
      0.08166666666666668,
      0.06209559035625334,
      0.05138398528685899
    ],
    [
      0.051383985286858995,
      0.05138398528685898,
      0.062095590356253345,
      0.08166666666666669,
      0.10671319732638194,
      0.13290440964374667,
      0.15571160506939435,
      0.17119121231736475,
      0.1766666666666667,
      0.1711912123173647,
      0.15571160506939433,
      0.1329044096437467,
      0.10671319732638194,
      0.08166666666666662,
      0.062095590356253325
    ],
    [
      0.062095590356253345,
      0.051383985286858974,
      0.05138398528685899,
      0.06209559035625332,
      0.08166666666666667,
      0.10671319732638196,
      0.1329044096437467,
      0.15571160506939438,
      0.1711912123173647,
      0.17666666666666667,
      0.1711912123173647,
      0.15571160506939435,
      0.13290440964374667,
      0.10671319732638193,
      0.08166666666666667
    ],
    [
      0.08166666666666662,
      0.06209559035625327,
      0.05138398528685895,
      0.051383985286858946,
      0.06209559035625334,
      0.08166666666666673,
      0.10671319732638206,
      0.1329044096437468,
      0.15571160506939444,
      0.17119121231736475,
      0.1766666666666667,
      0.17119121231736475,
      0.15571160506939435,
      0.1329044096437466,
      0.1067131973263819
    ],
    [
      0.10671319732638193,
      0.08166666666666664,
      0.062095590356253325,
      0.051383985286858946,
      0.05138398528685897,
      0.062095590356253366,
      0.0816666666666667,
      0.106713197326382,
      0.13290440964374667,
      0.15571160506939435,
      0.17119121231736473,
      0.17666666666666664,
      0.17119121231736473,
      0.15571160506939433,
      0.13290440964374667
    ],
    [
      0.13290440964374667,
      0.10671319732638192,
      0.08166666666666667,
      0.062095590356253304,
      0.05138398528685896,
      0.051383985286859,
      0.06209559035625334,
      0.08166666666666672,
      0.10671319732638196,
      0.13290440964374667,
      0.15571160506939433,
      0.1711912123173647,
      0.17666666666666667,
      0.17119121231736467,
      0.15571160506939435
    ],
    [
      0.15571160506939435,
      0.1329044096437467,
      0.106713197326382,
      0.08166666666666669,
      0.06209559035625335,
      0.051383985286859016,
      0.05138398528685898,
      0.06209559035625335,
      0.08166666666666664,
      0.1067131973263819,
      0.13290440964374664,
      0.1557116050693943,
      0.17119121231736473,
      0.17666666666666667,
      0.17119121231736478
    ],
    [
      0.17119121231736473,
      0.15571160506939435,
      0.13290440964374667,
      0.10671319732638193,
      0.08166666666666667,
      0.06209559035625334,
      0.05138398528685898,
      0.051383985286859,
      0.06209559035625331,
      0.08166666666666665,
      0.10671319732638196,
      0.1329044096437466,
      0.15571160506939435,
      0.17119121231736475,
      0.17666666666666672
    ]
  ],