{
  "k": 5,
  "M_approx": [
    [
      0.14200000000000002,
      0.1362940002044117,
      0.12016262001968461,
      0.09639512162874653,
      0.06910112142433489,
      0.04299999999999998,
      0.022604878371253464,
      0.011442258351568839,
      0.011442258351568828,
      0.02260487837125346,
      0.042999999999999976,
      0.06910112142433479,
      0.0963951216287465,
      0.12016262001968468,
      0.1362940002044117
    ],
    [
      0.1362940002044117,
      0.14200000000000007,
      0.1362940002044117,
      0.12016262001968471,
      0.09639512162874658,
      0.06910112142433487,
      0.043,
      0.022604878371253464,
      0.011442258351568816,
      0.011442258351568814,
      0.022604878371253453,
      0.042999999999999955,
      0.06910112142433486,
      0.09639512162874658,
      0.12016262001968468
    ],
    [
      0.12016262001968468,
      0.13629400020441165,
      0.142,
      0.13629400020441165,
      0.12016262001968461,
      0.0963951216287465,
      0.06910112142433487,
      0.043000000000000024,
      0.0226048783712535,
      0.011442258351568837,
      0.011442258351568828,
      0.022604878371253453,
      0.04299999999999999,
      0.06910112142433493,
      0.09639512162874657
    ],
    [
      0.09639512162874657,
      0.12016262001968467,
      0.1362940002044117,
      0.14200000000000007,
      0.13629400020441168,
      0.12016262001968465,
      0.09639512162874654,
      0.06910112142433487,
      0.04300000000000002,
      0.022604878371253478,
      0.011442258351568835,
      0.011442258351568833,
      0.022604878371253457,
      0.04300000000000003,
      0.06910112142433486
    ],
    [
      0.06910112142433492,
      0.09639512162874653,
      0.12016262001968464,
      0.13629400020441168,
      0.14199999999999996,
      0.13629400020441162,
      0.12016262001968464,
      0.09639512162874654,
      0.06910112142433489,
      0.043,
      0.022604878371253488,
      0.011442258351568847,
      0.011442258351568839,
      0.02260487837125352,
      0.04300000000000002
    ],
    [
      0.043000000000000066,
      0.0691011214243349,
      0.09639512162874654,
      0.1201626200196847,
      0.13629400020441165,
      0.14200000000000002,
      0.13629400020441168,
      0.12016262001968467,
      0.09639512162874656,
      0.06910112142433487,
      0.04300000000000003,
      0.02260487837125348,
      0.011442258351568839,
      0.011442258351568861,
      0.022604878371253502
    ],
    [
      0.022604878371253495,
      0.04300000000000003,
      0.06910112142433489,
      0.0963951216287466,
      0.12016262001968463,
      0.13629400020441168,
      0.14199999999999996,
      0.13629400020441162,
      0.12016262001968464,
      0.09639512162874651,
      0.06910112142433492,
      0.04300000000000002,
      0.02260487837125349,
      0.011442258351568821,
      0.01144225835156881
    ],
    [
      0.011442258351568835,
      0.02260487837125347,
      0.04299999999999999,
      0.0691011214243349,
      0.0963951216287465,
      0.12016262001968467,
      0.13629400020441168,
      0.14200000000000004,
      0.13629400020441168,
      0.12016262001968465,
      0.09639512162874658,
      0.0691011214243349,
      0.04300000000000002,
      0.022604878371253447,
      0.011442258351568807
    ],
    [
      0.01144225835156883,
      0.011442258351568826,
      0.022604878371253464,
      0.04300000000000002,
      0.06910112142433485,
      0.09639512162874656,
      0.12016262001968467,
      0.1362940002044117,
      0.14200000000000004,
      0.13629400020441168,
      0.12016262001968468,
      0.09639512162874656,
      0.06910112142433487,
      0.04299999999999997,
      0.02260487837125345
    ],
    [
      0.022604878371253467,
      0.011442258351568809,
      0.011442258351568826,
      0.022604878371253474,
      0.042999999999999955,
      0.06910112142433492,
      0.09639512162874654,
      0.12016262001968468,
      0.13629400020441168,
      0.14199999999999996,
      0.13629400020441168,
      0.12016262001968467,
      0.09639512162874654,
      0.06910112142433483,
      0.042999999999999976
    ],
    [
      0.04299999999999997,
      0.022604878371253422,
      0.011442258351568826,
      0.011442258351568828,
      0.02260487837125344,
      0.04300000000000005,
      0.06910112142433489,
      0.0963951216287466,
      0.12016262001968468,
      0.13629400020441165,
      0.14200000000000004,
      0.13629400020441168,
      0.12016262001968463,
      0.09639512162874649,
      0.06910112142433482
    ],
    [
      0.06910112142433478,
      0.042999999999999934,
      0.022604878371253457,
      0.011442258351568821,
      0.011442258351568809,
      0.0226048783712535,
      0.04299999999999999,
      0.06910112142433489,
      0.09639512162874656,
      0.12016262001968467,
      0.1362940002044117,
      0.14200000000000002,
      0.13629400020441165,
      0.12016262001968457,
      0.09639512162874644
    ],
    [
      0.09639512162874651,
      0.06910112142433487,
      0.04299999999999998,
      0.022604878371253447,
      0.011442258351568807,
      0.01144225835156883,
      0.02260487837125345,
      0.043000000000000024,
      0.06910112142433489,
      0.09639512162874654,
      0.12016262001968467,
      0.13629400020441168,
      0.14200000000000002,
      0.13629400020441165,
      0.12016262001968465
    ],
    [
      0.12016262001968463,
      0.09639512162874657,
      0.06910112142433487,
      0.043000000000000024,
      0.02260487837125351,
      0.011442258351568842,
      0.011442258351568807,
      0.022604878371253467,
      0.042999999999999976,
      0.06910112142433486,
      0.09639512162874651,
      0.1201626200196846,
      0.13629400020441165,
      0.14200000000000002,
      0.1362940002044117
    ],
    [
      0.13629400020441165,
      0.12016262001968472,
      0.09639512162874653,
      0.06910112142433487,
      0.04300000000000003,
      0.022604878371253464,
      0.011442258351568818,
      0.011442258351568835,
      0.022604878371253457,
      0.04299999999999997,
      0.06910112142433482,
      0.09639512162874644,
      0.1201626200196846,
      0.13629400020441168,
      0.14200000000000004
    ]
  ],