{
  "k": 3,
  "M_approx": [
    [
      0.21250000000000002,
      0.20821822370375992,
      0.1960247564417433,
      0.17777594307053632,
      0.15625000000000003,
      0.1347240569294637,
      0.1164752435582567,
      0.1042817762962401,
      0.10000000000000002,
      0.10428177629624014,
      0.11647524355825671,
      0.13472405692946374,
      0.15625000000000006,
      0.17777594307053632,
      0.19602475644174336,
      0.2082182237037599
    ],
    [
      0.2082182237037599,
      0.21250000000000002,
      0.2082182237037599,
      0.19602475644174333,
      0.17777594307053635,
      0.15625000000000003,
      0.1347240569294637,
      0.1164752435582567,
      0.10428177629624015,
      0.10000000000000002,
      0.10428177629624015,
      0.11647524355825672,
      0.13472405692946374,
      0.15625000000000003,
      0.17777594307053632,
      0.19602475644174328
    ],
    [
      0.1960247564417433,
      0.20821822370375992,
      0.21250000000000005,
      0.20821822370375995,
      0.1960247564417434,
      0.17777594307053635,
      0.15625000000000003,
      0.1347240569294637,
      0.11647524355825674,
      0.10428177629624012,
      0.1,
      0.10428177629624012,
      0.11647524355825671,
      0.1347240569294637,
      0.15625,
      0.17777594307053626
    ],
    [
      0.17777594307053635,
      0.19602475644174333,
      0.20821822370375995,
      0.21250000000000008,
      0.20821822370375997,
      0.19602475644174333,
      0.17777594307053632,
      0.15625000000000003,
      0.1347240569294637,
      0.11647524355825667,
      0.10428177629624012,
      0.09999999999999998,
      0.1042817762962401,
      0.1164752435582567,
      0.13472405692946368,
      0.15624999999999994
    ],
    [
      0.15625000000000006,
      0.17777594307053635,
      0.19602475644174336,
      0.20821822370375995,
      0.21250000000000005,
      0.20821822370375984,
      0.19602475644174325,
      0.17777594307053626,
      0.15624999999999997,
      0.13472405692946363,
      0.11647524355825667,
      0.1042817762962401,
      0.09999999999999998,
      0.10428177629624012,
      0.11647524355825668,
      0.13472405692946368
    ],
    [
      0.13472405692946376,
      0.15625000000000003,
      0.17777594307053632,
      0.1960247564417433,
      0.20821822370375992,
      0.21249999999999997,
      0.20821822370375984,
      0.19602475644174328,
      0.1777759430705363,
      0.15624999999999994,
      0.1347240569294637,
      0.11647524355825672,
      0.10428177629624014,
      0.10000000000000005,
      0.10428177629624014,
      0.1164752435582567
    ],
    [
      0.11647524355825675,
      0.1347240569294637,
      0.15625000000000003,
      0.17777594307053632,
      0.1960247564417433,
      0.2082182237037598,
      0.21249999999999997,
      0.20821822370375984,
      0.19602475644174328,
      0.17777594307053626,
      0.15625000000000003,
      0.1347240569294637,
      0.1164752435582567,
      0.10428177629624014,
      0.09999999999999999,
      0.10428177629624012
    ],
    [
      0.10428177629624014,
      0.11647524355825671,
      0.1347240569294637,
      0.15625,
      0.17777594307053632,
      0.19602475644174328,
      0.2082182237037599,
      0.21250000000000002,
      0.20821822370375995,
      0.1960247564417433,
      0.17777594307053635,
      0.15625000000000003,
      0.13472405692946368,
      0.1164752435582567,
      0.1042817762962401,
      0.09999999999999999
    ],
    [
      0.10000000000000003,
      0.10428177629624015,
      0.11647524355825671,
      0.13472405692946368,
      0.15625000000000003,
      0.17777594307053626,
      0.1960247564417433,
      0.20821822370375995,
      0.21250000000000005,
      0.2082182237037599,
      0.19602475644174336,
      0.17777594307053635,
      0.15625000000000003,
      0.13472405692946374,
      0.11647524355825671,
      0.10428177629624016
    ],
    [
      0.10428177629624015,
      0.10000000000000005,
      0.10428177629624015,
      0.11647524355825671,
      0.13472405692946374,
      0.15625,
      0.17777594307053635,
      0.19602475644174333,
      0.2082182237037599,
      0.21249999999999997,
      0.2082182237037599,
      0.19602475644174328,
      0.17777594307053626,
      0.15624999999999997,
      0.1347240569294637,
      0.11647524355825674
    ],
    [
      0.1164752435582567,
      0.10428177629624012,
      0.09999999999999998,
      0.1042817762962401,
      0.1164752435582567,
      0.1347240569294637,
      0.15625000000000003,
      0.17777594307053632,
      0.19602475644174333,
      0.2082182237037599,
      0.21250000000000002,
      0.2082182237037599,
      0.19602475644174328,
      0.17777594307053626,
      0.15624999999999997,
      0.1347240569294637
    ],
    [
      0.1347240569294637,
      0.11647524355825672,
      0.10428177629624012,
      0.1,
      0.10428177629624015,
      0.11647524355825671,
      0.13472405692946374,
      0.15625000000000006,
      0.17777594307053635,
      0.1960247564417433,
      0.20821822370375986,
      0.21249999999999997,
      0.20821822370375986,
      0.19602475644174325,
      0.1777759430705363,
      0.15625000000000003
    ],
    [
      0.15624999999999997,
      0.13472405692946368,
      0.11647524355825666,
      0.10428177629624007,
      0.09999999999999996,
      0.1042817762962401,
      0.11647524355825672,
      0.1347240569294637,
      0.15625000000000003,
      0.17777594307053632,
      0.1960247564417433,
      0.2082182237037599,
      0.2125,
      0.20821822370375984,
      0.1960247564417433,
      0.17777594307053632
    ],
    [
      0.17777594307053632,
      0.15625000000000006,
      0.1347240569294637,
      0.1164752435582567,
      0.10428177629624012,
      0.10000000000000002,
      0.10428177629624014,
      0.11647524355825668,
      0.1347240569294637,
      0.15625,
      0.1777759430705363,
      0.1960247564417433,
      0.2082182237037599,
      0.2125,
      0.20821822370375995,
      0.19602475644174336
    ],
    [
      0.1960247564417433,
      0.17777594307053632,
      0.15624999999999997,
      0.13472405692946368,
      0.11647524355825667,
      0.1042817762962401,
      0.09999999999999998,
      0.10428177629624007,
      0.11647524355825671,
      0.1347240569294637,
      0.15624999999999997,
      0.1777759430705363,
      0.1960247564417433,
      0.20821822370375986,
      0.21250000000000005,
      0.20821822370375992
    ],
    [
      0.2082182237037599,
      0.19602475644174333,
      0.1777759430705363,
      0.15624999999999997,
      0.13472405692946368,
      0.11647524355825667,
      0.10428177629624007,
      0.09999999999999992,
      0.10428177629624011,
      0.11647524355825668,
      0.13472405692946368,
      0.15625,
      0.17777594307053632,
      0.1960247564417433,
      0.20821822370375995,
      0.21250000000000002
    ]
  ],