{
  "k": 5,
  "M_approx": [
    [
      0.13374999999999998,
      0.12904004607413588,
      0.11562723208591762,
      0.09555353737758994,
      0.07187500000000004,
      0.04819646262241008,
      0.02812276791408237,
      0.014709953925864135,
      0.009999999999999993,
      0.014709953925864102,
      0.028122767914082376,
      0.04819646262241003,
      0.07187500000000001,
      0.09555353737758993,
      0.11562723208591762,
      0.12904004607413586
    ],
    [
      0.12904004607413583,
      0.13374999999999998,
      0.12904004607413583,
      0.11562723208591759,
      0.09555353737758993,
      0.07187499999999998,
      0.048196462622410056,
      0.028122767914082365,
      0.014709953925864131,
      0.009999999999999978,
      0.014709953925864144,
      0.02812276791408233,
      0.048196462622410084,
      0.07187500000000001,
      0.09555353737758991,
      0.11562723208591762
    ],
    [
      0.11562723208591759,
      0.12904004607413586,
      0.13374999999999998,
      0.12904004607413586,
      0.11562723208591764,
      0.09555353737758994,
      0.07187500000000001,
      0.048196462622410084,
      0.028122767914082383,
      0.014709953925864118,
      0.00999999999999999,
      0.014709953925864067,
      0.028122767914082355,
      0.04819646262241004,
      0.07187499999999995,
      0.09555353737758987
    ],
    [
      0.09555353737758991,
      0.1156272320859176,
      0.12904004607413583,
      0.13374999999999998,
      0.12904004607413586,
      0.1156272320859176,
      0.09555353737758991,
      0.07187499999999997,
      0.048196462622410056,
      0.028122767914082362,
      0.014709953925864107,
      0.00999999999999996,
      0.014709953925864135,
      0.02812276791408237,
      0.04819646262241005,
      0.07187499999999997
    ],
    [
      0.071875,
      0.0955535373775899,
      0.11562723208591763,
      0.12904004607413583,
      0.13374999999999998,
      0.12904004607413586,
      0.11562723208591762,
      0.0955535373775899,
      0.07187499999999998,
      0.04819646262241006,
      0.02812276791408233,
      0.014709953925864109,
      0.010000000000000012,
      0.014709953925864147,
      0.02812276791408237,
      0.048196462622410056
    ],
    [
      0.0481964626224101,
      0.07187499999999998,
      0.09555353737758995,
      0.1156272320859176,
      0.12904004607413583,
      0.13374999999999998,
      0.12904004607413583,
      0.1156272320859176,
      0.09555353737758993,
      0.07187500000000002,
      0.04819646262241004,
      0.028122767914082383,
      0.014709953925864145,
      0.010000000000000002,
      0.014709953925864118,
      0.02812276791408236
    ],
    [
      0.02812276791408239,
      0.048196462622410056,
      0.07187500000000002,
      0.09555353737758991,
      0.11562723208591763,
      0.12904004607413588,
      0.13375,
      0.12904004607413588,
      0.11562723208591763,
      0.09555353737758997,
      0.07187499999999995,
      0.048196462622410084,
      0.028122767914082376,
      0.01470995392586414,
      0.009999999999999995,
      0.014709953925864123
    ],
    [
      0.014709953925864152,
      0.028122767914082376,
      0.04819646262241009,
      0.071875,
      0.09555353737758991,
      0.1156272320859176,
      0.12904004607413586,
      0.13374999999999998,
      0.12904004607413586,
      0.11562723208591766,
      0.09555353737758987,
      0.07187500000000004,
      0.04819646262241007,
      0.028122767914082362,
      0.014709953925864123,
      0.009999999999999998
    ],
    [
      0.010000000000000018,
      0.014709953925864157,
      0.028122767914082383,
      0.048196462622410084,
      0.071875,
      0.0955535373775899,
      0.11562723208591762,
      0.12904004607413586,
      0.13375000000000004,
      0.12904004607413588,
      0.1156272320859176,
      0.09555353737758997,
      0.07187500000000001,
      0.048196462622410056,
      0.028122767914082365,
      0.014709953925864145
    ],
    [
      0.014709953925864123,
      0.010000000000000024,
      0.014709953925864104,
      0.02812276791408238,
      0.048196462622410056,
      0.07187499999999998,
      0.09555353737758993,
      0.11562723208591762,
      0.12904004607413588,
      0.13375,
      0.12904004607413583,
      0.11562723208591764,
      0.09555353737758993,
      0.071875,
      0.04819646262241007,
      0.02812276791408239
    ],
    [
      0.02812276791408235,
      0.014709953925864171,
      0.009999999999999962,
      0.014709953925864145,
      0.02812276791408235,
      0.04819646262241002,
      0.07187499999999997,
      0.09555353737758988,
      0.11562723208591763,
      0.12904004607413586,
      0.13374999999999998,
      0.12904004607413588,
      0.1156272320859176,
      0.09555353737758988,
      0.07187499999999998,
      0.04819646262241008
    ],
    [
      0.04819646262241001,
      0.02812276791408236,
      0.014709953925864062,
      0.01000000000000001,
      0.014709953925864137,
      0.028122767914082383,
      0.04819646262241012,
      0.07187500000000005,
      0.09555353737758998,
      0.11562723208591767,
      0.12904004607413588,
      0.13375000000000004,
      0.12904004607413586,
      0.1156272320859176,
      0.0955535373775899,
      0.07187499999999997
    ],
    [
      0.071875,
      0.048196462622410084,
      0.028122767914082338,
      0.014709953925864154,
      0.010000000000000009,
      0.014709953925864137,
      0.02812276791408239,
      0.04819646262241008,
      0.071875,
      0.09555353737758991,
      0.11562723208591762,
      0.12904004607413588,
      0.13375,
      0.12904004607413586,
      0.11562723208591764,
      0.09555353737758994
    ],
    [
      0.09555353737758994,
      0.07187500000000001,
      0.04819646262241004,
      0.028122767914082386,
      0.014709953925864133,
      0.009999999999999988,
      0.014709953925864121,
      0.028122767914082362,
      0.04819646262241005,
      0.07187499999999998,
      0.09555353737758994,
      0.11562723208591764,
      0.1290400460741359,
      0.13375,
      0.1290400460741359,
      0.11562723208591766
    ],
    [
      0.11562723208591762,
      0.09555353737758994,
      0.07187499999999998,
      0.04819646262241008,
      0.028122767914082376,
      0.014709953925864123,
      0.00999999999999999,
      0.01470995392586412,
      0.028122767914082348,
      0.04819646262241004,
      0.071875,
      0.09555353737758991,
      0.11562723208591764,
      0.12904004607413588,
      0.13375,
      0.12904004607413588
    ],
    [
      0.12904004607413588,
      0.11562723208591763,
      0.0955535373775899,
      0.07187499999999998,
      0.048196462622410056,
      0.028122767914082344,
      0.014709953925864104,
      0.009999999999999988,
      0.014709953925864125,
      0.028122767914082365,
      0.048196462622410105,
      0.07187500000000001,
      0.09555353737758998,
      0.11562723208591766,
      0.1290400460741359,
      0.13375
    ]
  ],