{
  "k": 3,
  "M_approx": [
    [
      0.5624999999999999,
      0.5601212353909779,
      0.5533470869120795,
      0.543208857261409,
      0.53125,
      0.519291142738591,
      0.5091529130879203,
      0.5023787646090221,
      0.49999999999999983,
      0.5023787646090223,
      0.5091529130879202,
      0.5192911427385908,
      0.5312499999999998,
      0.5432088572614089,
      0.5533470869120796,
      0.5601212353909776
    ],
    [
      0.5601212353909777,
      0.5625000000000002,
      0.5601212353909776,
      0.5533470869120796,
      0.5432088572614091,
      0.53125,
      0.5192911427385909,
      0.5091529130879202,
      0.5023787646090222,
      0.5000000000000002,
      0.5023787646090222,
      0.5091529130879204,
      0.519291142738591,
      0.5312500000000001,
      0.5432088572614091,
      0.5533470869120796
    ],
    [
      0.5533470869120795,
      0.5601212353909778,
      0.5624999999999999,
      0.5601212353909777,
      0.5533470869120797,
      0.5432088572614092,
      0.53125,
      0.5192911427385909,
      0.5091529130879204,
      0.5023787646090226,
      0.5000000000000001,
      0.5023787646090224,
      0.5091529130879204,
      0.519291142738591,
      0.53125,
      0.543208857261409
    ],
    [
      0.543208857261409,
      0.5533470869120798,
      0.5601212353909775,
      0.5624999999999999,
      0.5601212353909776,
      0.5533470869120795,
      0.5432088572614089,
      0.5312499999999998,
      0.5192911427385908,
      0.5091529130879205,
      0.5023787646090223,
      0.5000000000000001,
      0.5023787646090223,
      0.5091529130879205,
      0.519291142738591,
      0.53125
    ],
    [
      0.53125,
      0.5432088572614093,
      0.5533470869120797,
      0.5601212353909778,
      0.5625000000000001,
      0.5601212353909777,
      0.5533470869120795,
      0.5432088572614089,
      0.5312499999999999,
      0.519291142738591,
      0.5091529130879202,
      0.5023787646090222,
      0.49999999999999983,
      0.5023787646090223,
      0.5091529130879204,
      0.519291142738591
    ],
    [
      0.5192911427385909,
      0.53125,
      0.543208857261409,
      0.5533470869120796,
      0.5601212353909777,
      0.5625,
      0.5601212353909777,
      0.5533470869120796,
      0.5432088572614091,
      0.5312500000000002,
      0.519291142738591,
      0.5091529130879204,
      0.5023787646090223,
      0.5000000000000001,
      0.5023787646090223,
      0.5091529130879205
    ],
    [
      0.5091529130879203,
      0.5192911427385909,
      0.53125,
      0.543208857261409,
      0.5533470869120797,
      0.5601212353909777,
      0.5625,
      0.5601212353909776,
      0.5533470869120797,
      0.5432088572614091,
      0.53125,
      0.5192911427385909,
      0.5091529130879203,
      0.5023787646090223,
      0.49999999999999994,
      0.5023787646090224
    ],
    [
      0.5023787646090224,
      0.5091529130879204,
      0.5192911427385911,
      0.53125,
      0.5432088572614091,
      0.5533470869120796,
      0.5601212353909777,
      0.5624999999999999,
      0.5601212353909777,
      0.5533470869120796,
      0.543208857261409,
      0.53125,
      0.5192911427385909,
      0.5091529130879204,
      0.5023787646090223,
      0.5000000000000002
    ],
    [
      0.49999999999999994,
      0.5023787646090222,
      0.5091529130879204,
      0.5192911427385909,
      0.53125,
      0.5432088572614089,
      0.5533470869120797,
      0.5601212353909776,
      0.5624999999999999,
      0.5601212353909776,
      0.5533470869120795,
      0.5432088572614089,
      0.5312499999999998,
      0.5192911427385908,
      0.5091529130879202,
      0.5023787646090224
    ],
    [
      0.5023787646090224,
      0.49999999999999994,
      0.5023787646090223,
      0.5091529130879203,
      0.5192911427385909,
      0.5312499999999999,
      0.5432088572614091,
      0.5533470869120795,
      0.5601212353909776,
      0.5624999999999999,
      0.5601212353909777,
      0.5533470869120796,
      0.543208857261409,
      0.53125,
      0.5192911427385909,
      0.5091529130879207
    ],
    [
      0.5091529130879205,
      0.5023787646090223,
      0.5000000000000001,
      0.5023787646090224,
      0.5091529130879205,
      0.519291142738591,
      0.5312500000000002,
      0.5432088572614091,
      0.5533470869120796,
      0.5601212353909777,
      0.5625,
      0.5601212353909776,
      0.5533470869120796,
      0.543208857261409,
      0.53125,
      0.5192911427385912
    ],
    [
      0.519291142738591,
      0.5091529130879203,
      0.5023787646090223,
      0.49999999999999994,
      0.5023787646090223,
      0.5091529130879204,
      0.519291142738591,
      0.53125,
      0.5432088572614091,
      0.5533470869120797,
      0.5601212353909778,
      0.5624999999999999,
      0.5601212353909778,
      0.5533470869120797,
      0.543208857261409,
      0.5312500000000001
    ],
    [
      0.53125,
      0.5192911427385908,
      0.5091529130879201,
      0.5023787646090221,
      0.4999999999999998,
      0.5023787646090221,
      0.5091529130879203,
      0.5192911427385908,
      0.5312499999999999,
      0.5432088572614091,
      0.5533470869120796,
      0.5601212353909777,
      0.5625000000000001,
      0.5601212353909778,
      0.5533470869120796,
      0.5432088572614091
    ],
    [
      0.5432088572614091,
      0.53125,
      0.5192911427385909,
      0.5091529130879203,
      0.5023787646090223,
      0.5,
      0.5023787646090222,
      0.5091529130879202,
      0.5192911427385908,
      0.53125,
      0.5432088572614089,
      0.5533470869120795,
      0.5601212353909777,
      0.5624999999999999,
      0.5601212353909777,
      0.5533470869120797
    ],
    [
      0.5533470869120796,
      0.5432088572614091,
      0.5312499999999999,
      0.5192911427385909,
      0.5091529130879205,
      0.5023787646090225,
      0.5000000000000001,
      0.5023787646090223,
      0.5091529130879204,
      0.5192911427385911,
      0.5312499999999999,
      0.543208857261409,
      0.5533470869120796,
      0.5601212353909776,
      0.5624999999999999,
      0.5601212353909776
    ],
    [
      0.5601212353909775,
      0.5533470869120796,
      0.5432088572614087,
      0.5312499999999998,
      0.5192911427385909,
      0.5091529130879204,
      0.5023787646090223,
      0.5,
      0.5023787646090223,
      0.5091529130879207,
      0.5192911427385909,
      0.53125,
      0.543208857261409,
      0.5533470869120796,
      0.5601212353909777,
      0.5624999999999998
    ]
  ],