{
  "k": 4,
  "M_approx": [
    [
      0.16874999999999998,
      0.1642303472428577,
      0.15135946513295123,
      0.13209682879667722,
      0.10937500000000001,
      0.08665317120332282,
      0.06739053486704875,
      0.05451965275714232,
      0.049999999999999996,
      0.054519652757142316,
      0.0673905348670487,
      0.08665317120332273,
      0.10937499999999996,
      0.1320968287966772,
      0.15135946513295123,
      0.16423034724285762
    ],
    [
      0.16423034724285762,
      0.16875000000000004,
      0.16423034724285762,
      0.15135946513295132,
      0.13209682879667722,
      0.10937500000000003,
      0.08665317120332282,
      0.06739053486704871,
      0.05451965275714236,
      0.049999999999999975,
      0.05451965275714233,
      0.0673905348670487,
      0.08665317120332278,
      0.10937499999999999,
      0.13209682879667722,
      0.15135946513295126
    ],
    [
      0.15135946513295123,
      0.1642303472428577,
      0.16875,
      0.1642303472428577,
      0.15135946513295126,
      0.13209682879667725,
      0.109375,
      0.08665317120332275,
      0.06739053486704873,
      0.054519652757142344,
      0.04999999999999998,
      0.05451965275714233,
      0.06739053486704878,
      0.08665317120332282,
      0.10937499999999999,
      0.13209682879667722
    ],
    [
      0.13209682879667714,
      0.15135946513295126,
      0.1642303472428576,
      0.16875,
      0.1642303472428576,
      0.15135946513295123,
      0.1320968287966772,
      0.10937499999999996,
      0.08665317120332278,
      0.06739053486704874,
      0.05451965275714234,
      0.04999999999999998,
      0.054519652757142364,
      0.06739053486704874,
      0.08665317120332276,
      0.10937499999999996
    ],
    [
      0.10937500000000001,
      0.13209682879667725,
      0.1513594651329513,
      0.16423034724285768,
      0.16874999999999998,
      0.16423034724285768,
      0.15135946513295126,
      0.13209682879667717,
      0.109375,
      0.0866531712033228,
      0.06739053486704873,
      0.054519652757142364,
      0.05000000000000004,
      0.054519652757142364,
      0.06739053486704873,
      0.08665317120332279
    ],
    [
      0.08665317120332279,
      0.109375,
      0.1320968287966772,
      0.1513594651329513,
      0.16423034724285762,
      0.16874999999999996,
      0.16423034724285765,
      0.1513594651329512,
      0.1320968287966772,
      0.10937499999999999,
      0.08665317120332276,
      0.06739053486704875,
      0.05451965275714237,
      0.049999999999999996,
      0.054519652757142316,
      0.06739053486704871
    ],
    [
      0.06739053486704875,
      0.08665317120332279,
      0.10937500000000001,
      0.13209682879667722,
      0.15135946513295123,
      0.16423034724285765,
      0.16875,
      0.16423034724285768,
      0.1513594651329513,
      0.13209682879667722,
      0.109375,
      0.08665317120332285,
      0.06739053486704878,
      0.05451965275714236,
      0.04999999999999997,
      0.05451965275714233
    ],
    [
      0.05451965275714237,
      0.06739053486704871,
      0.0866531712033228,
      0.10937499999999999,
      0.13209682879667717,
      0.15135946513295123,
      0.16423034724285768,
      0.16875,
      0.16423034724285768,
      0.15135946513295126,
      0.1320968287966772,
      0.10937500000000006,
      0.08665317120332282,
      0.06739053486704874,
      0.05451965275714234,
      0.05
    ],
    [
      0.05000000000000003,
      0.05451965275714234,
      0.06739053486704875,
      0.08665317120332278,
      0.10937499999999997,
      0.13209682879667717,
      0.15135946513295123,
      0.16423034724285765,
      0.16875,
      0.16423034724285765,
      0.15135946513295123,
      0.13209682879667725,
      0.10937500000000003,
      0.0866531712033228,
      0.06739053486704873,
      0.05451965275714235
    ],
    [
      0.05451965275714235,
      0.049999999999999954,
      0.05451965275714233,
      0.06739053486704871,
      0.08665317120332279,
      0.10937499999999997,
      0.13209682879667722,
      0.1513594651329513,
      0.1642303472428577,
      0.16875,
      0.16423034724285762,
      0.1513594651329513,
      0.13209682879667717,
      0.10937499999999994,
      0.08665317120332276,
      0.06739053486704871
    ],
    [
      0.06739053486704875,
      0.05451965275714232,
      0.049999999999999975,
      0.05451965275714231,
      0.06739053486704873,
      0.08665317120332273,
      0.10937499999999999,
      0.1320968287966772,
      0.15135946513295126,
      0.16423034724285765,
      0.16874999999999998,
      0.16423034724285768,
      0.15135946513295126,
      0.1320968287966772,
      0.109375,
      0.0866531712033228
    ],
    [
      0.08665317120332278,
      0.06739053486704871,
      0.05451965275714234,
      0.049999999999999996,
      0.05451965275714237,
      0.06739053486704875,
      0.08665317120332283,
      0.10937500000000006,
      0.13209682879667725,
      0.1513594651329513,
      0.16423034724285765,
      0.16875,
      0.16423034724285762,
      0.15135946513295123,
      0.13209682879667714,
      0.10937499999999996
    ],
    [
      0.10937500000000001,
      0.0866531712033228,
      0.06739053486704873,
      0.05451965275714234,
      0.05000000000000001,
      0.05451965275714232,
      0.06739053486704875,
      0.0866531712033228,
      0.10937500000000003,
      0.1320968287966772,
      0.15135946513295126,
      0.16423034724285765,
      0.16874999999999998,
      0.16423034724285765,
      0.1513594651329513,
      0.13209682879667722
    ],
    [
      0.13209682879667722,
      0.10937500000000004,
      0.08665317120332279,
      0.06739053486704875,
      0.05451965275714236,
      0.04999999999999998,
      0.05451965275714233,
      0.0673905348670487,
      0.08665317120332278,
      0.10937499999999997,
      0.13209682879667717,
      0.15135946513295123,
      0.16423034724285762,
      0.16875,
      0.16423034724285765,
      0.1513594651329513
    ],
    [
      0.1513594651329512,
      0.1320968287966772,
      0.10937499999999994,
      0.08665317120332279,
      0.06739053486704875,
      0.05451965275714236,
      0.050000000000000024,
      0.054519652757142364,
      0.06739053486704878,
      0.0866531712033228,
      0.10937499999999999,
      0.13209682879667717,
      0.15135946513295123,
      0.16423034724285762,
      0.16875,
      0.16423034724285765
    ],
    [
      0.16423034724285762,
      0.15135946513295126,
      0.1320968287966771,
      0.10937499999999997,
      0.08665317120332278,
      0.06739053486704871,
      0.054519652757142344,
      0.05000000000000001,
      0.054519652757142385,
      0.06739053486704873,
      0.0866531712033228,
      0.109375,
      0.13209682879667717,
      0.15135946513295126,
      0.1642303472428577,
      0.16875000000000004
    ]
  ],