{
  "k": 4,
  "M_approx": [
    [
      0.16176470588235295,
      0.15799109517259638,
      0.14717991007997797,
      0.13079126105810068,
      0.11103852597000805,
      0.09058942114303066,
      0.07220571149645333,
      0.058370218885698016,
      0.050951503252958434,
      0.050951503252958434,
      0.058370218885698016,
      0.07220571149645326,
      0.09058942114303066,
      0.11103852597000807,
      0.13079126105810066,
      0.147179910079978,
      0.15799109517259638
    ],
    [
      0.15799109517259635,
      0.16176470588235295,
      0.15799109517259632,
      0.14717991007997802,
      0.13079126105810066,
      0.11103852597000809,
      0.09058942114303072,
      0.07220571149645336,
      0.05837021888569807,
      0.050951503252958455,
      0.05095150325295843,
      0.058370218885697996,
      0.07220571149645329,
      0.09058942114303063,
      0.11103852597000799,
      0.13079126105810057,
      0.147179910079978
    ],
    [
      0.147179910079978,
      0.15799109517259632,
      0.1617647058823529,
      0.15799109517259638,
      0.147179910079978,
      0.13079126105810068,
      0.11103852597000807,
      0.09058942114303067,
      0.07220571149645334,
      0.058370218885698065,
      0.05095150325295843,
      0.050951503252958434,
      0.05837021888569805,
      0.07220571149645334,
      0.09058942114303066,
      0.11103852597000799,
      0.13079126105810068
    ],
    [
      0.13079126105810068,
      0.14717991007997802,
      0.1579910951725963,
      0.16176470588235298,
      0.15799109517259632,
      0.147179910079978,
      0.13079126105810068,
      0.11103852597000807,
      0.09058942114303069,
      0.07220571149645336,
      0.05837021888569803,
      0.05095150325295847,
      0.05095150325295845,
      0.05837021888569805,
      0.07220571149645331,
      0.09058942114303059,
      0.11103852597000807
    ],
    [
      0.11103852597000809,
      0.13079126105810066,
      0.147179910079978,
      0.15799109517259638,
      0.16176470588235292,
      0.15799109517259635,
      0.14717991007997802,
      0.1307912610581007,
      0.11103852597000807,
      0.09058942114303072,
      0.07220571149645334,
      0.058370218885698114,
      0.050951503252958476,
      0.05095150325295846,
      0.05837021888569805,
      0.07220571149645327,
      0.0905894211430307
    ],
    [
      0.09058942114303069,
      0.11103852597000803,
      0.1307912610581006,
      0.147179910079978,
      0.1579910951725963,
      0.16176470588235292,
      0.15799109517259635,
      0.14717991007997802,
      0.13079126105810068,
      0.11103852597000807,
      0.09058942114303066,
      0.07220571149645338,
      0.058370218885698065,
      0.05095150325295845,
      0.05095150325295847,
      0.05837021888569801,
      0.07220571149645336
    ],
    [
      0.07220571149645333,
      0.09058942114303066,
      0.11103852597000805,
      0.13079126105810068,
      0.14717991007997805,
      0.15799109517259635,
      0.16176470588235295,
      0.15799109517259638,
      0.14717991007997802,
      0.13079126105810068,
      0.11103852597000805,
      0.09058942114303073,
      0.07220571149645333,
      0.05837021888569802,
      0.050951503252958455,
      0.05095150325295842,
      0.05837021888569806
    ],
    [
      0.05837021888569808,
      0.07220571149645334,
      0.09058942114303069,
      0.11103852597000807,
      0.13079126105810068,
      0.14717991007997802,
      0.15799109517259638,
      0.16176470588235295,
      0.15799109517259635,
      0.14717991007997802,
      0.13079126105810066,
      0.1110385259700081,
      0.09058942114303067,
      0.0722057114964533,
      0.05837021888569807,
      0.050951503252958455,
      0.05095150325295847
    ],
    [
      0.05095150325295845,
      0.05837021888569803,
      0.07220571149645333,
      0.09058942114303063,
      0.11103852597000802,
      0.13079126105810063,
      0.147179910079978,
      0.15799109517259638,
      0.16176470588235295,
      0.15799109517259638,
      0.14717991007997802,
      0.13079126105810077,
      0.11103852597000807,
      0.09058942114303066,
      0.07220571149645337,
      0.058370218885698065,
      0.050951503252958455
    ],
    [
      0.05095150325295845,
      0.05095150325295844,
      0.058370218885698065,
      0.07220571149645334,
      0.0905894211430307,
      0.11103852597000809,
      0.13079126105810068,
      0.14717991007997802,
      0.15799109517259638,
      0.16176470588235298,
      0.15799109517259635,
      0.14717991007997805,
      0.13079126105810066,
      0.11103852597000802,
      0.0905894211430307,
      0.07220571149645337,
      0.058370218885698044
    ],
    [
      0.05837021888569805,
      0.050951503252958434,
      0.05095150325295845,
      0.05837021888569801,
      0.0722057114964533,
      0.09058942114303063,
      0.11103852597000805,
      0.13079126105810066,
      0.147179910079978,
      0.15799109517259635,
      0.16176470588235295,
      0.15799109517259638,
      0.147179910079978,
      0.13079126105810066,
      0.1110385259700081,
      0.09058942114303073,
      0.07220571149645333
    ],
    [
      0.07220571149645329,
      0.058370218885698,
      0.05095150325295843,
      0.05095150325295842,
      0.058370218885698065,
      0.07220571149645336,
      0.0905894211430307,
      0.11103852597000806,
      0.1307912610581007,
      0.14717991007997802,
      0.15799109517259632,
      0.16176470588235292,
      0.1579910951725963,
      0.14717991007997794,
      0.13079126105810066,
      0.11103852597000806,
      0.09058942114303059
    ],
    [
      0.09058942114303065,
      0.07220571149645331,
      0.058370218885698044,
      0.05095150325295842,
      0.050951503252958434,
      0.058370218885698044,
      0.07220571149645333,
      0.09058942114303065,
      0.11103852597000803,
      0.13079126105810063,
      0.14717991007997797,
      0.15799109517259627,
      0.1617647058823529,
      0.1579910951725963,
      0.147179910079978,
      0.13079126105810068,
      0.11103852597000803
    ],
    [
      0.11103852597000807,
      0.09058942114303069,
      0.07220571149645333,
      0.058370218885698044,
      0.05095150325295846,
      0.05095150325295844,
      0.058370218885698,
      0.07220571149645325,
      0.09058942114303063,
      0.11103852597000805,
      0.1307912610581006,
      0.14717991007997794,
      0.15799109517259632,
      0.16176470588235292,
      0.15799109517259638,
      0.1471799100799781,
      0.1307912610581007
    ],
    [
      0.1307912610581006,
      0.111038525970008,
      0.0905894211430306,
      0.07220571149645331,
      0.05837021888569806,
      0.05095150325295847,
      0.050951503252958434,
      0.058370218885698,
      0.07220571149645334,
      0.0905894211430307,
      0.11103852597000803,
      0.1307912610581006,
      0.147179910079978,
      0.15799109517259635,
      0.16176470588235292,
      0.15799109517259635,
      0.14717991007997797
    ],
    [
      0.14717991007997797,
      0.13079126105810063,
      0.11103852597000799,
      0.09058942114303062,
      0.07220571149645323,
      0.058370218885698,
      0.050951503252958434,
      0.05095150325295844,
      0.05837021888569808,
      0.07220571149645336,
      0.09058942114303072,
      0.11103852597000806,
      0.13079126105810068,
      0.14717991007997805,
      0.15799109517259632,
      0.16176470588235292,
      0.15799109517259632
    ],
    [
      0.1579910951725963,
      0.147179910079978,
      0.1307912610581006,
      0.11103852597000806,
      0.09058942114303065,
      0.07220571149645334,
      0.05837021888569804,
      0.05095150325295841,
      0.05095150325295844,
      0.05837021888569804,
      0.07220571149645329,
      0.09058942114303059,
      0.11103852597000803,
      0.13079126105810066,
      0.14717991007997797,
      0.15799109517259632,
      0.16176470588235292
    ]
