{
  "k": 3,
  "M_approx": [
    [
      0.20588235294117646,
      0.20230735332140706,
      0.19206517797050546,
      0.17653908942346377,
      0.15782597197158657,
      0.1384531358197132,
      0.12103698983874518,
      0.10792968104960857,
      0.10090142413438163,
      0.1009014241343816,
      0.10792968104960864,
      0.12103698983874518,
      0.13845313581971322,
      0.15782597197158663,
      0.17653908942346375,
      0.19206517797050546,
      0.20230735332140706
    ],
    [
      0.20230735332140704,
      0.2058823529411764,
      0.202307353321407,
      0.19206517797050546,
      0.17653908942346377,
      0.15782597197158654,
      0.13845313581971325,
      0.12103698983874522,
      0.10792968104960868,
      0.10090142413438168,
      0.10090142413438172,
      0.10792968104960866,
      0.12103698983874525,
      0.1384531358197133,
      0.15782597197158654,
      0.17653908942346372,
      0.19206517797050546
    ],
    [
      0.19206517797050549,
      0.20230735332140706,
      0.20588235294117643,
      0.2023073533214071,
      0.19206517797050554,
      0.1765390894234638,
      0.1578259719715866,
      0.13845313581971325,
      0.12103698983874528,
      0.1079296810496087,
      0.1009014241343817,
      0.1009014241343817,
      0.10792968104960868,
      0.12103698983874528,
      0.13845313581971325,
      0.15782597197158652,
      0.17653908942346377
    ],
    [
      0.17653908942346383,
      0.19206517797050549,
      0.20230735332140706,
      0.2058823529411765,
      0.20230735332140712,
      0.19206517797050549,
      0.17653908942346383,
      0.15782597197158654,
      0.13845313581971325,
      0.12103698983874525,
      0.10792968104960866,
      0.1009014241343817,
      0.10090142413438168,
      0.10792968104960866,
      0.12103698983874525,
      0.13845313581971322,
      0.15782597197158657
    ],
    [
      0.1578259719715866,
      0.1765390894234638,
      0.19206517797050546,
      0.2023073533214071,
      0.20588235294117654,
      0.2023073533214071,
      0.19206517797050554,
      0.17653908942346377,
      0.15782597197158657,
      0.1384531358197133,
      0.12103698983874527,
      0.1079296810496087,
      0.10090142413438168,
      0.10090142413438166,
      0.10792968104960865,
      0.12103698983874518,
      0.13845313581971322
    ],
    [
      0.13845313581971336,
      0.15782597197158663,
      0.17653908942346383,
      0.1920651779705055,
      0.20230735332140712,
      0.20588235294117652,
      0.2023073533214071,
      0.19206517797050543,
      0.17653908942346372,
      0.15782597197158657,
      0.13845313581971322,
      0.12103698983874529,
      0.10792968104960868,
      0.10090142413438166,
      0.10090142413438169,
      0.10792968104960866,
      0.12103698983874528
    ],
    [
      0.12103698983874527,
      0.13845313581971322,
      0.15782597197158652,
      0.17653908942346372,
      0.19206517797050546,
      0.20230735332140706,
      0.2058823529411765,
      0.20230735332140704,
      0.19206517797050546,
      0.17653908942346386,
      0.1578259719715866,
      0.13845313581971336,
      0.1210369898387453,
      0.10792968104960866,
      0.10090142413438169,
      0.10090142413438165,
      0.10792968104960864
    ],
    [
      0.10792968104960873,
      0.12103698983874527,
      0.13845313581971327,
      0.15782597197158657,
      0.17653908942346383,
      0.1920651779705055,
      0.20230735332140712,
      0.2058823529411764,
      0.20230735332140704,
      0.1920651779705055,
      0.17653908942346377,
      0.15782597197158663,
      0.13845313581971325,
      0.12103698983874522,
      0.10792968104960868,
      0.10090142413438169,
      0.1009014241343817
    ],
    [
      0.10090142413438172,
      0.10792968104960864,
      0.12103698983874522,
      0.1384531358197132,
      0.15782597197158657,
      0.17653908942346375,
      0.19206517797050546,
      0.20230735332140698,
      0.20588235294117638,
      0.20230735332140704,
      0.19206517797050543,
      0.17653908942346383,
      0.15782597197158657,
      0.13845313581971325,
      0.12103698983874525,
      0.10792968104960868,
      0.10090142413438169
    ],
    [
      0.10090142413438172,
      0.10090142413438166,
      0.10792968104960868,
      0.12103698983874525,
      0.1384531358197133,
      0.15782597197158663,
      0.17653908942346383,
      0.19206517797050546,
      0.20230735332140704,
      0.20588235294117652,
      0.20230735332140704,
      0.19206517797050549,
      0.17653908942346377,
      0.15782597197158652,
      0.13845313581971322,
      0.12103698983874525,
      0.10792968104960866
    ],
    [
      0.1079296810496087,
      0.10090142413438168,
      0.10090142413438169,
      0.10792968104960865,
      0.12103698983874527,
      0.13845313581971325,
      0.1578259719715866,
      0.17653908942346377,
      0.19206517797050546,
      0.20230735332140706,
      0.20588235294117643,
      0.2023073533214071,
      0.19206517797050549,
      0.1765390894234638,
      0.15782597197158657,
      0.1384531358197133,
      0.12103698983874528
    ],
    [
      0.12103698983874522,
      0.10792968104960862,
      0.10090142413438168,
      0.10090142413438166,
      0.1079296810496087,
      0.12103698983874528,
      0.13845313581971333,
      0.1578259719715866,
      0.17653908942346377,
      0.1920651779705055,
      0.20230735332140706,
      0.20588235294117643,
      0.20230735332140704,
      0.19206517797050543,
      0.17653908942346372,
      0.15782597197158654,
      0.13845313581971325
    ],
    [
      0.13845313581971325,
      0.12103698983874521,
      0.10792968104960864,
      0.10090142413438163,
      0.10090142413438168,
      0.10792968104960865,
      0.12103698983874527,
      0.13845313581971325,
      0.1578259719715866,
      0.1765390894234638,
      0.1920651779705055,
      0.20230735332140706,
      0.20588235294117646,
      0.20230735332140712,
      0.19206517797050546,
      0.17653908942346377,
      0.1578259719715866
    ],
    [
      0.1578259719715866,
      0.13845313581971327,
      0.12103698983874527,
      0.10792968104960868,
      0.1009014241343817,
      0.10090142413438166,
      0.10792968104960866,
      0.12103698983874522,
      0.13845313581971327,
      0.1578259719715866,
      0.17653908942346383,
      0.19206517797050546,
      0.20230735332140706,
      0.20588235294117654,
      0.2023073533214071,
      0.19206517797050554,
      0.17653908942346386
    ],
    [
      0.17653908942346377,
      0.15782597197158654,
      0.13845313581971322,
      0.12103698983874522,
      0.10792968104960866,
      0.10090142413438163,
      0.10090142413438166,
      0.10792968104960866,
      0.1210369898387453,
      0.13845313581971327,
      0.15782597197158663,
      0.1765390894234638,
      0.1920651779705055,
      0.20230735332140715,
      0.20588235294117646,
      0.2023073533214071,
      0.1920651779705055
    ],
    [
      0.19206517797050546,
      0.17653908942346375,
      0.15782597197158652,
      0.13845313581971322,
      0.1210369898387452,
      0.10792968104960857,
      0.10090142413438158,
      0.10090142413438159,
      0.10792968104960865,
      0.12103698983874522,
      0.13845313581971327,
      0.15782597197158654,
      0.17653908942346377,
      0.19206517797050554,
      0.20230735332140706,
      0.2058823529411765,
      0.2023073533214071
    ],
    [
      0.20230735332140704,
      0.19206517797050546,
      0.17653908942346377,
      0.15782597197158657,
      0.13845313581971327,
      0.12103698983874521,
      0.10792968104960862,
      0.10090142413438162,
      0.10090142413438166,
      0.10792968104960862,
      0.12103698983874524,
      0.1384531358197132,
      0.15782597197158654,
      0.17653908942346383,
      0.19206517797050543,
      0.20230735332140704,
      0.20588235294117646
    ]
  ],