{
  "k": 3,
  "M_approx": [
    [
      0.5588235294117647,
      0.556837418511893,
      0.5511473210947255,
      0.5425217163463688,
      0.532125539984215,
      0.5213628532331743,
      0.5116872165770808,
      0.5044053783608937,
      0.5005007911857676,
      0.5005007911857674,
      0.5044053783608938,
      0.5116872165770805,
      0.521362853233174,
      0.5321255399842147,
      0.5425217163463685,
      0.5511473210947251,
      0.556837418511893
    ],
    [
      0.5568374185118928,
      0.5588235294117647,
      0.556837418511893,
      0.5511473210947252,
      0.5425217163463687,
      0.532125539984215,
      0.5213628532331741,
      0.5116872165770806,
      0.5044053783608937,
      0.5005007911857675,
      0.5005007911857677,
      0.5044053783608936,
      0.5116872165770807,
      0.5213628532331741,
      0.5321255399842146,
      0.5425217163463687,
      0.5511473210947254
    ],
    [
      0.5511473210947253,
      0.556837418511893,
      0.558823529411765,
      0.556837418511893,
      0.5511473210947254,
      0.542521716346369,
      0.5321255399842149,
      0.521362853233174,
      0.5116872165770807,
      0.5044053783608936,
      0.5005007911857676,
      0.5005007911857675,
      0.5044053783608936,
      0.5116872165770807,
      0.521362853233174,
      0.5321255399842146,
      0.5425217163463689
    ],
    [
      0.5425217163463688,
      0.5511473210947252,
      0.5568374185118928,
      0.5588235294117646,
      0.5568374185118927,
      0.5511473210947253,
      0.5425217163463688,
      0.5321255399842147,
      0.5213628532331741,
      0.5116872165770807,
      0.5044053783608938,
      0.5005007911857677,
      0.5005007911857676,
      0.5044053783608938,
      0.5116872165770807,
      0.521362853233174,
      0.5321255399842147
    ],
    [
      0.5321255399842147,
      0.5425217163463688,
      0.5511473210947254,
      0.556837418511893,
      0.5588235294117647,
      0.5568374185118931,
      0.5511473210947254,
      0.5425217163463688,
      0.5321255399842149,
      0.521362853233174,
      0.5116872165770806,
      0.5044053783608937,
      0.5005007911857675,
      0.5005007911857676,
      0.5044053783608937,
      0.5116872165770807,
      0.5213628532331741
    ],
    [
      0.5213628532331741,
      0.5321255399842149,
      0.5425217163463688,
      0.5511473210947254,
      0.5568374185118928,
      0.5588235294117648,
      0.556837418511893,
      0.5511473210947252,
      0.5425217163463687,
      0.5321255399842147,
      0.521362853233174,
      0.5116872165770807,
      0.5044053783608937,
      0.5005007911857676,
      0.5005007911857678,
      0.5044053783608938,
      0.5116872165770807
    ],
    [
      0.5116872165770805,
      0.5213628532331739,
      0.5321255399842145,
      0.5425217163463687,
      0.5511473210947252,
      0.5568374185118927,
      0.5588235294117647,
      0.5568374185118927,
      0.5511473210947254,
      0.5425217163463688,
      0.5321255399842146,
      0.5213628532331741,
      0.5116872165770806,
      0.5044053783608937,
      0.5005007911857677,
      0.5005007911857676,
      0.5044053783608934
    ],
    [
      0.5044053783608937,
      0.5116872165770808,
      0.521362853233174,
      0.5321255399842149,
      0.5425217163463688,
      0.5511473210947252,
      0.5568374185118927,
      0.5588235294117645,
      0.5568374185118928,
      0.5511473210947252,
      0.5425217163463686,
      0.5321255399842147,
      0.5213628532331739,
      0.5116872165770807,
      0.5044053783608938,
      0.5005007911857677,
      0.5005007911857674
    ],
    [
      0.5005007911857676,
      0.5044053783608938,
      0.5116872165770806,
      0.5213628532331741,
      0.5321255399842147,
      0.5425217163463687,
      0.5511473210947252,
      0.5568374185118927,
      0.5588235294117647,
      0.5568374185118927,
      0.5511473210947251,
      0.5425217163463688,
      0.5321255399842146,
      0.5213628532331741,
      0.5116872165770808,
      0.5044053783608939,
      0.5005007911857674
    ],
    [
      0.5005007911857677,
      0.5005007911857677,
      0.5044053783608936,
      0.5116872165770807,
      0.5213628532331741,
      0.5321255399842146,
      0.5425217163463687,
      0.5511473210947251,
      0.5568374185118928,
      0.5588235294117645,
      0.5568374185118927,
      0.5511473210947253,
      0.5425217163463687,
      0.5321255399842149,
      0.5213628532331742,
      0.511687216577081,
      0.5044053783608936
    ],
    [
      0.5044053783608937,
      0.5005007911857677,
      0.5005007911857675,
      0.5044053783608937,
      0.5116872165770807,
      0.5213628532331739,
      0.5321255399842147,
      0.5425217163463687,
      0.5511473210947254,
      0.5568374185118928,
      0.5588235294117648,
      0.556837418511893,
      0.5511473210947253,
      0.5425217163463689,
      0.532125539984215,
      0.5213628532331743,
      0.5116872165770805
    ],
    [
      0.5116872165770806,
      0.5044053783608938,
      0.5005007911857676,
      0.5005007911857676,
      0.5044053783608938,
      0.5116872165770807,
      0.521362853233174,
      0.5321255399842146,
      0.5425217163463688,
      0.551147321094725,
      0.5568374185118927,
      0.5588235294117645,
      0.5568374185118925,
      0.5511473210947252,
      0.5425217163463686,
      0.5321255399842149,
      0.5213628532331738
    ],
    [
      0.5213628532331739,
      0.5116872165770807,
      0.5044053783608936,
      0.5005007911857674,
      0.5005007911857675,
      0.5044053783608936,
      0.5116872165770806,
      0.521362853233174,
      0.5321255399842149,
      0.5425217163463687,
      0.5511473210947254,
      0.5568374185118928,
      0.5588235294117647,
      0.556837418511893,
      0.5511473210947252,
      0.5425217163463689,
      0.5321255399842146
    ],
    [
      0.5321255399842147,
      0.5213628532331741,
      0.5116872165770806,
      0.5044053783608935,
      0.5005007911857675,
      0.5005007911857675,
      0.5044053783608935,
      0.5116872165770805,
      0.5213628532331739,
      0.5321255399842144,
      0.5425217163463688,
      0.5511473210947251,
      0.5568374185118927,
      0.5588235294117647,
      0.5568374185118926,
      0.5511473210947253,
      0.5425217163463687
    ],
    [
      0.5425217163463686,
      0.5321255399842147,
      0.521362853233174,
      0.5116872165770806,
      0.5044053783608937,
      0.5005007911857676,
      0.5005007911857675,
      0.5044053783608936,
      0.5116872165770806,
      0.5213628532331738,
      0.5321255399842149,
      0.5425217163463686,
      0.5511473210947251,
      0.5568374185118928,
      0.5588235294117643,
      0.5568374185118927,
      0.5511473210947252
    ],
    [
      0.5511473210947251,
      0.5425217163463688,
      0.5321255399842147,
      0.5213628532331739,
      0.5116872165770807,
      0.5044053783608938,
      0.5005007911857676,
      0.5005007911857676,
      0.5044053783608937,
      0.5116872165770805,
      0.5213628532331742,
      0.5321255399842146,
      0.5425217163463687,
      0.5511473210947253,
      0.5568374185118924,
      0.5588235294117645,
      0.5568374185118928
    ],
    [
      0.5568374185118928,
      0.5511473210947253,
      0.542521716346369,
      0.5321255399842147,
      0.5213628532331741,
      0.5116872165770808,
      0.5044053783608937,
      0.5005007911857675,
      0.5005007911857675,
      0.5044053783608935,
      0.5116872165770808,
      0.5213628532331739,
      0.5321255399842147,
      0.5425217163463688,
      0.551147321094725,
      0.5568374185118927,
      0.5588235294117648
    ]
  ],