{
  "k": 3,
  "M_approx": [
    [
      0.2,
      0.19698463103929545,
      0.18830222215594894,
      0.17500000000000002,
      0.15868240888334656,
      0.1413175911166535,
      0.12500000000000006,
      0.11169777784405112,
      0.10301536896070461,
      0.1,
      0.10301536896070461,
      0.11169777784405112,
      0.12500000000000003,
      0.14131759111665346,
      0.15868240888334648,
      0.17499999999999996,
      0.18830222215594883,
      0.19698463103929545
    ],
    [
      0.19698463103929542,
      0.19999999999999998,
      0.19698463103929545,
      0.1883022221559489,
      0.17500000000000002,
      0.15868240888334653,
      0.14131759111665357,
      0.12500000000000006,
      0.11169777784405113,
      0.10301536896070461,
      0.10000000000000005,
      0.10301536896070465,
      0.11169777784405115,
      0.125,
      0.14131759111665346,
      0.15868240888334648,
      0.17499999999999996,
      0.18830222215594888
    ],
    [
      0.18830222215594894,
      0.19698463103929545,
      0.2,
      0.19698463103929542,
      0.1883022221559489,
      0.175,
      0.15868240888334653,
      0.14131759111665346,
      0.12499999999999996,
      0.11169777784405106,
      0.10301536896070455,
      0.10000000000000002,
      0.10301536896070458,
      0.1116977778440511,
      0.125,
      0.1413175911166535,
      0.15868240888334653,
      0.17500000000000004
    ],
    [
      0.17500000000000002,
      0.18830222215594888,
      0.19698463103929542,
      0.19999999999999998,
      0.19698463103929542,
      0.18830222215594888,
      0.17500000000000004,
      0.1586824088833465,
      0.14131759111665346,
      0.12499999999999999,
      0.11169777784405109,
      0.10301536896070462,
      0.10000000000000003,
      0.1030153689607046,
      0.11169777784405109,
      0.125,
      0.14131759111665348,
      0.15868240888334656
    ],
    [
      0.15868240888334656,
      0.17500000000000002,
      0.18830222215594897,
      0.19698463103929548,
      0.2000000000000001,
      0.19698463103929548,
      0.18830222215594902,
      0.17500000000000007,
      0.15868240888334656,
      0.1413175911166535,
      0.12500000000000003,
      0.11169777784405115,
      0.1030153689607046,
      0.09999999999999999,
      0.10301536896070455,
      0.11169777784405109,
      0.125,
      0.1413175911166535
    ],
    [
      0.14131759111665348,
      0.1586824088833465,
      0.175,
      0.1883022221559489,
      0.19698463103929548,
      0.20000000000000004,
      0.19698463103929553,
      0.18830222215594897,
      0.17500000000000004,
      0.1586824088833466,
      0.1413175911166535,
      0.12500000000000008,
      0.11169777784405115,
      0.10301536896070461,
      0.09999999999999999,
      0.1030153689607046,
      0.1116977778440511,
      0.12500000000000003
    ],
    [
      0.125,
      0.14131759111665348,
      0.15868240888334653,
      0.17500000000000002,
      0.18830222215594894,
      0.19698463103929545,
      0.20000000000000007,
      0.19698463103929545,
      0.18830222215594888,
      0.17500000000000002,
      0.1586824088833465,
      0.1413175911166535,
      0.12500000000000003,
      0.11169777784405109,
      0.10301536896070457,
      0.1,
      0.10301536896070458,
      0.11169777784405113
    ],
    [
      0.1116977778440511,
      0.125,
      0.1413175911166535,
      0.15868240888334653,
      0.17500000000000004,
      0.18830222215594894,
      0.19698463103929548,
      0.2,
      0.1969846310392954,
      0.1883022221559489,
      0.17499999999999996,
      0.15868240888334653,
      0.14131759111665348,
      0.12499999999999997,
      0.11169777784405108,
      0.10301536896070457,
      0.1,
      0.10301536896070461
    ],
    [
      0.10301536896070461,
      0.1116977778440511,
      0.12500000000000003,
      0.1413175911166535,
      0.15868240888334656,
      0.17500000000000004,
      0.18830222215594897,
      0.19698463103929542,
      0.2,
      0.19698463103929545,
      0.18830222215594888,
      0.17500000000000002,
      0.15868240888334653,
      0.14131759111665348,
      0.125,
      0.11169777784405112,
      0.10301536896070462,
      0.10000000000000005
    ],
    [
      0.09999999999999999,
      0.10301536896070455,
      0.11169777784405109,
      0.12499999999999997,
      0.14131759111665346,
      0.1586824088833465,
      0.17500000000000002,
      0.18830222215594888,
      0.1969846310392954,
      0.2,
      0.1969846310392954,
      0.1883022221559489,
      0.17500000000000002,
      0.1586824088833465,
      0.14131759111665348,
      0.12500000000000003,
      0.11169777784405112,
      0.1030153689607046
    ],
    [
      0.10301536896070462,
      0.10000000000000005,
      0.10301536896070462,
      0.11169777784405112,
      0.125,
      0.1413175911166535,
      0.1586824088833465,
      0.17499999999999996,
      0.18830222215594886,
      0.19698463103929542,
      0.19999999999999998,
      0.19698463103929542,
      0.1883022221559489,
      0.17500000000000002,
      0.1586824088833466,
      0.14131759111665354,
      0.12500000000000006,
      0.11169777784405119
    ],
    [
      0.11169777784405112,
      0.1030153689607046,
      0.1,
      0.10301536896070457,
      0.11169777784405105,
      0.12499999999999997,
      0.14131759111665343,
      0.15868240888334645,
      0.17499999999999993,
      0.18830222215594888,
      0.19698463103929542,
      0.19999999999999998,
      0.19698463103929545,
      0.18830222215594894,
      0.17500000000000004,
      0.1586824088833466,
      0.1413175911166535,
      0.12500000000000006
    ],
    [
      0.12499999999999999,
      0.11169777784405109,
      0.1030153689607046,
      0.1,
      0.10301536896070458,
      0.11169777784405115,
      0.125,
      0.14131759111665348,
      0.15868240888334653,
      0.17500000000000004,
      0.18830222215594897,
      0.19698463103929545,
      0.20000000000000007,
      0.19698463103929545,
      0.18830222215594897,
      0.17500000000000004,
      0.1586824088833465,
      0.14131759111665348
    ],
    [
      0.1413175911166535,
      0.12500000000000003,
      0.11169777784405116,
      0.10301536896070464,
      0.10000000000000002,
      0.10301536896070465,
      0.11169777784405113,
      0.12500000000000003,
      0.14131759111665348,
      0.15868240888334656,
      0.17500000000000002,
      0.18830222215594888,
      0.19698463103929545,
      0.2,
      0.19698463103929545,
      0.1883022221559489,
      0.175,
      0.15868240888334653
    ],
    [
      0.15868240888334648,
      0.14131759111665346,
      0.125,
      0.1116977778440511,
      0.10301536896070458,
      0.10000000000000006,
      0.10301536896070461,
      0.11169777784405113,
      0.12500000000000003,
      0.14131759111665357,
      0.1586824088833466,
      0.17500000000000004,
      0.18830222215594894,
      0.19698463103929542,
      0.2,
      0.19698463103929537,
      0.18830222215594886,
      0.17499999999999996
    ],
    [
      0.17500000000000004,
      0.15868240888334653,
      0.14131759111665354,
      0.125,
      0.11169777784405109,
      0.10301536896070461,
      0.1,
      0.10301536896070457,
      0.11169777784405109,
      0.12500000000000003,
      0.14131759111665354,
      0.15868240888334653,
      0.17500000000000004,
      0.18830222215594894,
      0.19698463103929548,
      0.20000000000000004,
      0.19698463103929542,
      0.18830222215594894
    ],
    [
      0.18830222215594888,
      0.175,
      0.15868240888334653,
      0.14131759111665346,
      0.12499999999999997,
      0.11169777784405109,
      0.10301536896070458,
      0.09999999999999999,
      0.10301536896070458,
      0.11169777784405112,
      0.12500000000000006,
      0.1413175911166535,
      0.1586824088833466,
      0.17500000000000004,
      0.18830222215594894,
      0.19698463103929542,
      0.19999999999999998,
