{
  "k": 3,
  "M_approx": [
    [
      0.8333333333333333,
      0.5833333333333334,
      0.5833333333333333
    ],
    [
      0.5833333333333334,
      0.8333333333333333,
      0.5833333333333334
    ],
    [
      0.5833333333333333,
      0.5833333333333334,
      0.8333333333333333
    ]
  ],
  "A": [
    [
      1.0,
      0.0,
      0.0
    ],
    [
      0.0,
      1.0,
      0.0
    ],
    [
      0.0,
      0.0,
      1.0
    ]
  ],
  "B": [
    [
      0.8333333333333333,
      0.5833333333333334,
      0.5833333333333333
    ],
    [
      0.5833333333333334,
      0.8333333333333333,
      0.5833333333333334
    ],
    [
      0.5833333333333333,
      0.5833333333333334,
      0.8333333333333333
    ]
  ],
  "M": [
    [
      0.8333333333333333,
      0.5833333333333334,
      0.5833333333333333
    ],
    [
      0.5833333333333334,
      0.8333333333333333,
      0.5833333333333334
    ],
    [
      0.5833333333333333,
      0.5833333333333334,
      0.8333333333333333
    ]
  ],
  "score": 0
}