{
  "k": 3,
  "M_approx": [
    [
      0.6833333333333333,
      0.20833333333333343,
      0.2083333333333332
    ],
    [
      0.20833333333333343,
      0.6833333333333333,
      0.20833333333333348
    ],
    [
      0.2083333333333332,
      0.20833333333333348,
      0.6833333333333333
    ]
  ],
  "A": [
    [
      1.0,
      0.0,
      0.0
    ],
    [
      0.0,
      1.0,
      0.0
    ],
    [
      0.0,
      0.0,
      1.0
    ]
  ],
  "B": [
    [
      0.6833333333333333,
      0.20833333333333343,
      0.2083333333333332
    ],
    [
      0.20833333333333343,
      0.6833333333333333,
      0.20833333333333348
    ],
    [
      0.2083333333333332,
      0.20833333333333348,
      0.6833333333333333
    ]
  ],
  "M": [
    [
      0.6833333333333333,
      0.20833333333333343,
      0.2083333333333332
    ],
    [
      0.20833333333333343,
      0.6833333333333333,
      0.20833333333333348
    ],
    [
      0.2083333333333332,
      0.20833333333333348,
      0.6833333333333333
    ]
  ],
  "score": 0
}