{
  "k": 3,
  "M_approx": [
    [
      0.6666666666666666,
      0.16666666666666674,
      0.16666666666666652
    ],
    [
      0.16666666666666674,
      0.6666666666666666,
      0.16666666666666682
    ],
    [
      0.16666666666666652,
      0.16666666666666682,
      0.6666666666666666
    ]
  ],
  "A": [
    [
      1.0,
      0.0,
      0.0
    ],
    [
      0.0,
      1.0,
      0.0
    ],
    [
      0.0,
      0.0,
      1.0
    ]
  ],
  "B": [
    [
      0.6666666666666666,
      0.16666666666666674,
      0.16666666666666652
    ],
    [
      0.16666666666666674,
      0.6666666666666666,
      0.16666666666666682
    ],
    [
      0.16666666666666652,
      0.16666666666666682,
      0.6666666666666666
    ]
  ],
  "M": [
    [
      0.6666666666666666,
      0.16666666666666674,
      0.16666666666666652
    ],
    [
      0.16666666666666674,
      0.6666666666666666,
      0.16666666666666682
    ],
    [
      0.16666666666666652,
      0.16666666666666682,
      0.6666666666666666
    ]
  ],
  "score": 0
}