{
  "k": 3,
  "M_approx": [
    [
      0.6699999999999999,
      0.17500000000000007,
      0.17499999999999985
    ],
    [
      0.17500000000000007,
      0.6699999999999999,
      0.17500000000000016
    ],
    [
      0.17499999999999985,
      0.17500000000000016,
      0.6699999999999999
    ]
  ],
  "A": [
    [
      1.0,
      0.0,
      0.0
    ],
    [
      0.0,
      1.0,
      0.0
    ],
    [
      0.0,
      0.0,
      1.0
    ]
  ],
  "B": [
    [
      0.6699999999999999,
      0.17500000000000007,
      0.17499999999999985
    ],
    [
      0.17500000000000007,
      0.6699999999999999,
      0.17500000000000016
    ],
    [
      0.17499999999999985,
      0.17500000000000016,
      0.6699999999999999
    ]
  ],
  "M": [
    [
      0.6699999999999999,
      0.17500000000000007,
      0.17499999999999985
    ],
    [
      0.17500000000000007,
      0.6699999999999999,
      0.17500000000000016
    ],
    [
      0.17499999999999985,
      0.17500000000000016,
      0.6699999999999999
    ]
  ],
  "score": 0
}