{
  "k": 3,
  "M_approx": [
    [
      0.7,
      0.2500000000000001,
      0.2499999999999999
    ],
    [
      0.2500000000000001,
      0.7,
      0.2500000000000001
    ],
    [
      0.2499999999999999,
      0.2500000000000001,
      0.7
    ]
  ],
  "A": [
    [
      1.0,
      0.0,
      0.0
    ],
    [
      0.0,
      1.0,
      0.0
    ],
    [
      0.0,
      0.0,
      1.0
    ]
  ],
  "B": [
    [
      0.7,
      0.2500000000000001,
      0.2499999999999999
    ],
    [
      0.2500000000000001,
      0.7,
      0.2500000000000001
    ],
    [
      0.2499999999999999,
      0.2500000000000001,
      0.7
    ]
  ],
  "M": [
    [
      0.7,
      0.2500000000000001,
      0.2499999999999999
    ],
    [
      0.2500000000000001,
      0.7,
      0.2500000000000001
    ],
    [
      0.2499999999999999,
      0.2500000000000001,
      0.7
    ]
  ],
  "score": 0
}