{
  "k": 4,
  "M_approx": [
    [
      0.505,
      0.25750000000000006,
      0.01,
      0.25749999999999995
    ],
    [
      0.25750000000000006,
      0.505,
      0.25749999999999995,
      0.01
    ],
    [
      0.01,
      0.25749999999999995,
      0.505,
      0.25750000000000006
    ],
    [
      0.25749999999999995,
      0.01,
      0.25750000000000006,
      0.505
    ]
  ],
  "A": [
    [
      1.0,
      0.0,
      0.0,
      0.0
    ],
    [
      0.0,
      1.0,
      0.0,
      0.0
    ],
    [
      0.0,
      0.0,
      1.0,
      0.0
    ],
    [
      0.0,
      0.0,
      0.0,
      1.0
    ]
  ],
  "B": [
    [
      0.505,
      0.25750000000000006,
      0.01,
      0.25749999999999995
    ],
    [
      0.25750000000000006,
      0.505,
      0.25749999999999995,
      0.01
    ],
    [
      0.01,
      0.25749999999999995,
      0.505,
      0.25750000000000006
    ],
    [
      0.25749999999999995,
      0.01,
      0.25750000000000006,
      0.505
    ]
  ],
  "M": [
    [
      0.505,
      0.25750000000000006,
      0.01,
      0.25749999999999995
    ],
    [
      0.25750000000000006,
      0.505,
      0.25749999999999995,
      0.01
    ],
    [
      0.01,
      0.25749999999999995,
      0.505,
      0.25750000000000006
    ],
    [
      0.25749999999999995,
      0.01,
      0.25750000000000006,
      0.505
    ]
  ],
  "score": 0
}