{
  "k": 3,
  "M_approx": [
    [
      0.75,
      0.6250000000000001,
      0.49999999999999994,
      0.625
    ],
    [
      0.625,
      0.75,
      0.625,
      0.4999999999999999
    ],
    [
      0.5000000000000001,
      0.625,
      0.75,
      0.6250000000000001
    ],
    [
      0.625,
      0.5000000000000001,
      0.6249999999999998,
      0.75
    ]
  ],
  "A": [
    [
      1.2920037086287,
      1.0601016087303756,
      0.25393496741157
    ],
    [
      0.7194591247549588,
      1.3532698738417754,
      0.4690419350855922
    ],
    [
      0.5212028790277752,
      0.8382946354196584,
      0.9063472013868623
    ],
    [
      1.0937474629015163,
      0.5451263703082587,
      0.6912402337128397
    ]
  ],
  "B": [
    [
      0.37880238008014494,
      0.090312878089068,
      0.10409388953039493,
      0.39258339152147215
    ],
    [
      0.21304822251410982,
      0.4197538445878595,
      0.20670562207393073,
      1.8063678990432933e-13
    ],
    [
      0.1367797315539656,
      0.24940913533579354,
      0.5764521037770513,
      0.4638226999952236
    ]
  ],
  "M": [
    [
      0.75,
      0.625,
      0.5,
      0.625
    ],
    [
      0.625,
      0.75,
      0.625,
      0.5
    ],
    [
      0.5,
      0.625,
      0.75,
      0.625
    ],
    [
      0.625,
      0.5,
      0.625,
      0.75
    ]
  ],
  "score": 1.0408340855860843e-16
}