{
  "k": 4,
  "M_approx": [
    [
      0.55,
      0.32500000000000007,
      0.1,
      0.32499999999999996
    ],
    [
      0.32500000000000007,
      0.55,
      0.32499999999999996,
      0.1
    ],
    [
      0.1,
      0.32499999999999996,
      0.55,
      0.32500000000000007
    ],
    [
      0.32499999999999996,
      0.1,
      0.32500000000000007,
      0.55
    ]
  ],
  "A": [
    [
      1.0,
      0.0,
      0.0,
      0.0
    ],
    [
      0.0,
      1.0,
      0.0,
      0.0
    ],
    [
      0.0,
      0.0,
      1.0,
      0.0
    ],
    [
      0.0,
      0.0,
      0.0,
      1.0
    ]
  ],
  "B": [
    [
      0.55,
      0.32500000000000007,
      0.1,
      0.32499999999999996
    ],
    [
      0.32500000000000007,
      0.55,
      0.32499999999999996,
      0.1
    ],
    [
      0.1,
      0.32499999999999996,
      0.55,
      0.32500000000000007
    ],
    [
      0.32499999999999996,
      0.1,
      0.32500000000000007,
      0.55
    ]
  ],
  "M": [
    [
      0.55,
      0.32500000000000007,
      0.1,
      0.32499999999999996
    ],
    [
      0.32500000000000007,
      0.55,
      0.32499999999999996,
      0.1
    ],
    [
      0.1,
      0.32499999999999996,
      0.55,
      0.32500000000000007
    ],
    [
      0.32499999999999996,
      0.1,
      0.32500000000000007,
      0.55
    ]
  ],
  "score": 0
}