{
  "k": 4,
  "M_approx": [
    [
      0.525,
      0.28750000000000003,
      0.05,
      0.2874999999999999
    ],
    [
      0.28750000000000003,
      0.525,
      0.2874999999999999,
      0.05
    ],
    [
      0.05,
      0.2874999999999999,
      0.525,
      0.28750000000000003
    ],
    [
      0.2874999999999999,
      0.05,
      0.28750000000000003,
      0.525
    ]
  ],
  "A": [
    [
      1.0,
      0.0,
      0.0,
      0.0
    ],
    [
      0.0,
      1.0,
      0.0,
      0.0
    ],
    [
      0.0,
      0.0,
      1.0,
      0.0
    ],
    [
      0.0,
      0.0,
      0.0,
      1.0
    ]
  ],
  "B": [
    [
      0.525,
      0.28750000000000003,
      0.05,
      0.2874999999999999
    ],
    [
      0.28750000000000003,
      0.525,
      0.2874999999999999,
      0.05
    ],
    [
      0.05,
      0.2874999999999999,
      0.525,
      0.28750000000000003
    ],
    [
      0.2874999999999999,
      0.05,
      0.28750000000000003,
      0.525
    ]
  ],
  "M": [
    [
      0.525,
      0.28750000000000003,
      0.05,
      0.2874999999999999
    ],
    [
      0.28750000000000003,
      0.525,
      0.2874999999999999,
      0.05
    ],
    [
      0.05,
      0.2874999999999999,
      0.525,
      0.28750000000000003
    ],
    [
      0.2874999999999999,
      0.05,
      0.28750000000000003,
      0.525
    ]
  ],
  "score": 0
}