{
  "k": 4,
  "M_approx": [
    [
      0.5,
      0.25000000000000006,
      0.0,
      0.24999999999999994
    ],
    [
      0.25000000000000006,
      0.5,
      0.24999999999999994,
      0.0
    ],
    [
      0.0,
      0.24999999999999994,
      0.5,
      0.25000000000000006
    ],
    [
      0.24999999999999994,
      0.0,
      0.25000000000000006,
      0.5
    ]
  ],
  "A": [
    [
      1.0,
      0.0,
      0.0,
      0.0
    ],
    [
      0.0,
      1.0,
      0.0,
      0.0
    ],
    [
      0.0,
      0.0,
      1.0,
      0.0
    ],
    [
      0.0,
      0.0,
      0.0,
      1.0
    ]
  ],
  "B": [
    [
      0.5,
      0.25000000000000006,
      0.0,
      0.24999999999999994
    ],
    [
      0.25000000000000006,
      0.5,
      0.24999999999999994,
      0.0
    ],
    [
      0.0,
      0.24999999999999994,
      0.5,
      0.25000000000000006
    ],
    [
      0.24999999999999994,
      0.0,
      0.25000000000000006,
      0.5
    ]
  ],
  "M": [
    [
      0.5,
      0.25000000000000006,
      0.0,
      0.24999999999999994
    ],
    [
      0.25000000000000006,
      0.5,
      0.24999999999999994,
      0.0
    ],
    [
      0.0,
      0.24999999999999994,
      0.5,
      0.25000000000000006
    ],
    [
      0.24999999999999994,
      0.0,
      0.25000000000000006,
      0.5
    ]
  ],
  "score": 0
}