{
  "k": 5,
  "M_approx": [
    [
      0.406,
      0.2691853648862396,
      0.04781463511376042,
      0.04781463511376039,
      0.26918536488623956
    ],
    [
      0.2691853648862396,
      0.406,
      0.2691853648862396,
      0.04781463511376044,
      0.04781463511376036
    ],
    [
      0.04781463511376042,
      0.2691853648862396,
      0.4059999999999999,
      0.2691853648862396,
      0.04781463511376045
    ],
    [
      0.04781463511376039,
      0.04781463511376044,
      0.2691853648862396,
      0.406,
      0.2691853648862396
    ],
    [
      0.26918536488623956,
      0.04781463511376036,
      0.04781463511376045,
      0.2691853648862396,
      0.406
    ]
  ],
  "A": [
    [
      1.0,
      0.0,
      0.0,
      0.0,
      0.0
    ],
    [
      0.0,
      1.0,
      0.0,
      0.0,
      0.0
    ],
    [
      0.0,
      0.0,
      1.0,
      0.0,
      0.0
    ],
    [
      0.0,
      0.0,
      0.0,
      1.0,
      0.0
    ],
    [
      0.0,
      0.0,
      0.0,
      0.0,
      1.0
    ]
  ],
  "B": [
    [
      0.406,
      0.2691853648862396,
      0.04781463511376042,
      0.04781463511376039,
      0.26918536488623956
    ],
    [
      0.2691853648862396,
      0.406,
      0.2691853648862396,
      0.04781463511376044,
      0.04781463511376036
    ],
    [
      0.04781463511376042,
      0.2691853648862396,
      0.4059999999999999,
      0.2691853648862396,
      0.04781463511376045
    ],
    [
      0.04781463511376039,
      0.04781463511376044,
      0.2691853648862396,
      0.406,
      0.2691853648862396
    ],
    [
      0.26918536488623956,
      0.04781463511376036,
      0.04781463511376045,
      0.2691853648862396,
      0.406
    ]
  ],
  "M": [
    [
      0.406,
      0.2691853648862396,
      0.04781463511376042,
      0.04781463511376039,
      0.26918536488623956
    ],
    [
      0.2691853648862396,
      0.406,
      0.2691853648862396,
      0.04781463511376044,
      0.04781463511376036
    ],
    [
      0.04781463511376042,
      0.2691853648862396,
      0.4059999999999999,
      0.2691853648862396,
      0.04781463511376045
    ],
    [
      0.04781463511376039,
      0.04781463511376044,
      0.2691853648862396,
      0.406,
      0.2691853648862396
    ],
    [
      0.26918536488623956,
      0.04781463511376036,
      0.04781463511376045,
      0.2691853648862396,
      0.406
    ]
  ],
  "score": 0
}