{
  "k": 5,
  "M_approx": [
    [
      0.43,
      0.29871322893124,
      0.08628677106876,
      0.08628677106875997,
      0.29871322893123997
    ],
    [
      0.29871322893124,
      0.43,
      0.29871322893124,
      0.08628677106876001,
      0.08628677106875994
    ],
    [
      0.08628677106876,
      0.29871322893124,
      0.4299999999999999,
      0.29871322893124,
      0.08628677106876002
    ],
    [
      0.08628677106875997,
      0.08628677106876001,
      0.29871322893124,
      0.43,
      0.29871322893124
    ],
    [
      0.29871322893123997,
      0.08628677106875994,
      0.08628677106876002,
      0.29871322893124,
      0.43
    ]
  ],
  "A": [
    [
      1.0,
      0.0,
      0.0,
      0.0,
      0.0
    ],
    [
      0.0,
      1.0,
      0.0,
      0.0,
      0.0
    ],
    [
      0.0,
      0.0,
      1.0,
      0.0,
      0.0
    ],
    [
      0.0,
      0.0,
      0.0,
      1.0,
      0.0
    ],
    [
      0.0,
      0.0,
      0.0,
      0.0,
      1.0
    ]
  ],
  "B": [
    [
      0.43,
      0.29871322893124,
      0.08628677106876,
      0.08628677106875997,
      0.29871322893123997
    ],
    [
      0.29871322893124,
      0.43,
      0.29871322893124,
      0.08628677106876001,
      0.08628677106875994
    ],
    [
      0.08628677106876,
      0.29871322893124,
      0.4299999999999999,
      0.29871322893124,
      0.08628677106876002
    ],
    [
      0.08628677106875997,
      0.08628677106876001,
      0.29871322893124,
      0.43,
      0.29871322893124
    ],
    [
      0.29871322893123997,
      0.08628677106875994,
      0.08628677106876002,
      0.29871322893124,
      0.43
    ]
  ],
  "M": [
    [
      0.43,
      0.29871322893124,
      0.08628677106876,
      0.08628677106875997,
      0.29871322893123997
    ],
    [
      0.29871322893124,
      0.43,
      0.29871322893124,
      0.08628677106876001,
      0.08628677106875994
    ],
    [
      0.08628677106876,
      0.29871322893124,
      0.4299999999999999,
      0.29871322893124,
      0.08628677106876002
    ],
    [
      0.08628677106875997,
      0.08628677106876001,
      0.29871322893124,
      0.43,
      0.29871322893124
    ],
    [
      0.29871322893123997,
      0.08628677106875994,
      0.08628677106876002,
      0.29871322893124,
      0.43
    ]
  ],
  "score": 0
}