{
  "k": 5,
  "M_approx": [
    [
      0.4,
      0.2618033988749895,
      0.03819660112501052,
      0.03819660112501049,
      0.26180339887498943
    ],
    [
      0.2618033988749895,
      0.4,
      0.2618033988749895,
      0.03819660112501054,
      0.038196601125010464
    ],
    [
      0.03819660112501052,
      0.2618033988749895,
      0.3999999999999999,
      0.2618033988749895,
      0.03819660112501055
    ],
    [
      0.03819660112501049,
      0.03819660112501054,
      0.2618033988749895,
      0.4,
      0.2618033988749895
    ],
    [
      0.26180339887498943,
      0.038196601125010464,
      0.03819660112501055,
      0.2618033988749895,
      0.4
    ]
  ],
  "A": [
    [
      1.0,
      0.0,
      0.0,
      0.0,
      0.0
    ],
    [
      0.0,
      1.0,
      0.0,
      0.0,
      0.0
    ],
    [
      0.0,
      0.0,
      1.0,
      0.0,
      0.0
    ],
    [
      0.0,
      0.0,
      0.0,
      1.0,
      0.0
    ],
    [
      0.0,
      0.0,
      0.0,
      0.0,
      1.0
    ]
  ],
  "B": [
    [
      0.4,
      0.2618033988749895,
      0.03819660112501052,
      0.03819660112501049,
      0.26180339887498943
    ],
    [
      0.2618033988749895,
      0.4,
      0.2618033988749895,
      0.03819660112501054,
      0.038196601125010464
    ],
    [
      0.03819660112501052,
      0.2618033988749895,
      0.3999999999999999,
      0.2618033988749895,
      0.03819660112501055
    ],
    [
      0.03819660112501049,
      0.03819660112501054,
      0.2618033988749895,
      0.4,
      0.2618033988749895
    ],
    [
      0.26180339887498943,
      0.038196601125010464,
      0.03819660112501055,
      0.2618033988749895,
      0.4
    ]
  ],
  "M": [
    [
      0.4,
      0.2618033988749895,
      0.03819660112501052,
      0.03819660112501049,
      0.26180339887498943
    ],
    [
      0.2618033988749895,
      0.4,
      0.2618033988749895,
      0.03819660112501054,
      0.038196601125010464
    ],
    [
      0.03819660112501052,
      0.2618033988749895,
      0.3999999999999999,
      0.2618033988749895,
      0.03819660112501055
    ],
    [
      0.03819660112501049,
      0.03819660112501054,
      0.2618033988749895,
      0.4,
      0.2618033988749895
    ],
    [
      0.26180339887498943,
      0.038196601125010464,
      0.03819660112501055,
      0.2618033988749895,
      0.4
    ]
  ],
  "score": 0
}