{
  "k": 4,
  "M_approx": [
    [
      0.46000000000000013,
      0.33562305898749056,
      0.13437694101250947,
      0.13437694101250944,
      0.33562305898749045
    ],
    [
      0.3356230589874905,
      0.45999999999999996,
      0.33562305898749056,
      0.1343769410125095,
      0.1343769410125094
    ],
    [
      0.13437694101250947,
      0.33562305898749056,
      0.45999999999999996,
      0.3356230589874906,
      0.13437694101250955
    ],
    [
      0.13437694101250944,
      0.1343769410125095,
      0.3356230589874906,
      0.46,
      0.3356230589874906
    ],
    [
      0.3356230589874905,
      0.13437694101250938,
      0.1343769410125095,
      0.33562305898749056,
      0.4600000000000001
    ]
  ],
  "A": [
    [
      4.925809313137894e-16,
      0.8054391046088242,
      0.5933683908758802,
      8.75993256380802e-14
    ],
    [
      0.43383670135524915,
      0.4773032376182754,
      3.1161773662355377e-13,
      0.4819768013481464
    ],
    [
      1.1656224405878999,
      0.206598276373703,
      0.023334990318841498,
      0.14704032521834873
    ],
    [
      0.817347488442246,
      3.0971261145248322e-15,
      1.0205595663862372,
      6.290706449553964e-15
    ],
    [
      6.337926085929801e-15,
      0.272959745052724,
      1.4758217263822477,
      0.05240665945775359
    ]
  ],
  "B": [
    [
      9.238505157833698e-14,
      0.1644061343708395,
      0.33747234648464347,
      0.2800270135044261,
      0.07145763311379247
    ],
    [
      0.4741156240074582,
      0.41669575895555294,
      0.12367618872157833,
      1.5361724809046515e-16,
      0.21658348200499294
    ],
    [
      0.13166986566815958,
      1.641377573084156e-15,
      0.0585863737295325,
      0.22646460964014442,
      0.27163269167474496
    ],
    [
      0.2268286281361311,
      0.39376241677991103,
      0.2701045438965531,
      0.02674598683434412,
      1.2608849214596607e-13
    ]
  ],
  "M": [
    [
      0.4600000000000001,
      0.33562305898749056,
      0.13437694101250947,
      0.13437694101250947,
      0.3356230589874905
    ],
    [
      0.33562305898749056,
      0.4600000000000001,
      0.33562305898749056,
      0.1343769410125095,
      0.1343769410125094
    ],
    [
      0.13437694101250947,
      0.33562305898749056,
      0.45999999999999996,
      0.33562305898749056,
      0.1343769410125095
    ],
    [
      0.13437694101250947,
      0.1343769410125095,
      0.33562305898749056,
      0.4600000000000001,
      0.33562305898749056
    ],
    [
      0.3356230589874905,
      0.1343769410125094,
      0.1343769410125095,
      0.33562305898749056,
      0.4600000000000001
    ]
  ],
  "score": 6.38378239159465e-17
}