{
  "k": 3,
  "M_approx": [
    [
      0.6999999999999998,
      0.6309016994374947,
      0.5190983005625053,
      0.5190983005625053,
      0.6309016994374946
    ],
    [
      0.6309016994374947,
      0.7000000000000002,
      0.6309016994374949,
      0.5190983005625054,
      0.5190983005625053
    ],
    [
      0.5190983005625053,
      0.6309016994374947,
      0.7,
      0.6309016994374946,
      0.5190983005625053
    ],
    [
      0.5190983005625053,
      0.5190983005625053,
      0.6309016994374949,
      0.7000000000000001,
      0.6309016994374947
    ],
    [
      0.6309016994374947,
      0.5190983005625053,
      0.5190983005625053,
      0.6309016994374949,
      0.7000000000000001
    ]
  ],
  "A": [
    [
      0.71175511944725,
      0.38380720810190444,
      1.065953602067885
    ],
    [
      0.6045458441662073,
      0.718954362562462,
      0.7885920797555582
    ],
    [
      0.8073747858741528,
      0.7772844236587646,
      0.41598812875058144
    ],
    [
      1.0399392410328772,
      0.4781872295215803,
      0.46306774499933223
    ],
    [
      0.9808430371881239,
      0.2350049365087716,
      0.8647684990233391
    ]
  ],
  "B": [
    [
      0.1986546181435148,
      0.11559980333111103,
      0.3387808575197766,
      0.5597691494658076,
      0.473166370815574
    ],
    [
      0.22424327913224948,
      0.5154859404920658,
      0.506768968170298,
      0.21013892163663722,
      0.03552844311613967
    ],
    [
      0.44330294556765926,
      0.32907222912231215,
      0.07830332189321153,
      0.0375503303493056,
      0.2631325036610349
    ]
  ],
  "M": [
    [
      0.7,
      0.6309016994374947,
      0.5190983005625053,
      0.5190983005625053,
      0.6309016994374947
    ],
    [
      0.6309016994374947,
      0.7,
      0.6309016994374947,
      0.5190983005625053,
      0.5190983005625053
    ],
    [
      0.5190983005625053,
      0.6309016994374947,
      0.7,
      0.6309016994374947,
      0.5190983005625053
    ],
    [
      0.5190983005625053,
      0.5190983005625053,
      0.6309016994374947,
      0.7,
      0.6309016994374947
    ],
    [
      0.6309016994374947,
      0.5190983005625053,
      0.5190983005625053,
      0.6309016994374947,
      0.7
    ]
  ],
  "score": 1.2212453270876723e-16
}