{
  "k": 3,
  "M_approx": [
    [
      0.6666666666666666,
      0.6249999999999999,
      0.5416666666666666,
      0.5,
      0.5416666666666667,
      0.6250000000000001
    ],
    [
      0.6249999999999999,
      0.6666666666666666,
      0.625,
      0.5416666666666666,
      0.5,
      0.5416666666666666
    ],
    [
      0.5416666666666666,
      0.6249999999999999,
      0.6666666666666665,
      0.6249999999999999,
      0.5416666666666667,
      0.5000000000000001
    ],
    [
      0.49999999999999994,
      0.5416666666666666,
      0.625,
      0.6666666666666665,
      0.625,
      0.5416666666666665
    ],
    [
      0.5416666666666666,
      0.5,
      0.5416666666666669,
      0.6250000000000002,
      0.6666666666666669,
      0.625
    ],
    [
      0.6250000000000002,
      0.5416666666666667,
      0.5,
      0.5416666666666666,
      0.625,
      0.6666666666666667
    ]
  ],
  "A": [
    [
      0.3360814259078421,
      0.29358020755659214,
      0.7235128865389483
    ],
    [
      0.2910723299710835,
      0.5339581558594457,
      0.5266965243673126
    ],
    [
      0.4086203893464402,
      0.6226015110501268,
      0.26980693068374206
    ],
    [
      0.5711775446585551,
      0.4708669179379555,
      0.20973369917180634
    ],
    [
      0.6161866405953137,
      0.23048896963510243,
      0.4065500613434416
    ],
    [
      0.49863858121995674,
      0.1418456144444204,
      0.6634396550270135
    ]
  ],
  "B": [
    [
      0.3314138716684366,
      0.2524724213346286,
      0.4549546942619304,
      0.7363784175230399,
      0.8153198678568478,
      0.6128375949295459
    ],
    [
      0.3881567190771584,
      0.6244257420555837,
      0.6544014751636639,
      0.44810818529331886,
      0.21183916231489391,
      0.18186342920681364
    ],
    [
      0.6099815195700514,
      0.49319048259949155,
      0.2717927034201848,
      0.16718596121143792,
      0.2839769981819977,
      0.5053747773613045
    ]
  ],
  "M": [
    [
      0.6666666666666666,
      0.625,
      0.5416666666666667,
      0.5,
      0.5416666666666666,
      0.625
    ],
    [
      0.625,
      0.6666666666666666,
      0.625,
      0.5416666666666666,
      0.5,
      0.5416666666666667
    ],
    [
      0.5416666666666667,
      0.625,
      0.6666666666666666,
      0.625,
      0.5416666666666667,
      0.5
    ],
    [
      0.5,
      0.5416666666666666,
      0.625,
      0.6666666666666666,
      0.625,
      0.5416666666666666
    ],
    [
      0.5416666666666666,
      0.5,
      0.5416666666666667,
      0.625,
      0.6666666666666666,
      0.625
    ],
    [
      0.625,
      0.5416666666666667,
      0.5,
      0.5416666666666666,
      0.625,
      0.6666666666666666
    ]
  ],
  "score": 1.989149585786739e-16
}