{
  "k": 5,
  "M_approx": [
    [
      0.33333333333333337,
      0.25,
      0.0833333333333334,
      3.90987293731657e-17,
      0.08333333333333329,
      0.25
    ],
    [
      0.25000000000000006,
      0.3333333333333333,
      0.25,
      0.08333333333333331,
      2.6334179718851545e-17,
      0.08333333333333343
    ],
    [
      0.08333333333333334,
      0.25,
      0.33333333333333326,
      0.24999999999999997,
      0.08333333333333347,
      3.414762281311006e-17
    ],
    [
      0.0,
      0.08333333333333331,
      0.24999999999999997,
      0.33333333333333337,
      0.2500000000000001,
      0.08333333333333334
    ],
    [
      0.08333333333333326,
      2.1376742772141685e-17,
      0.08333333333333343,
      0.2500000000000001,
      0.3333333333333333,
      0.24999999999999992
    ],
    [
      0.25,
      0.08333333333333344,
      8.841950403503039e-17,
      0.08333333333333331,
      0.24999999999999994,
      0.33333333333333337
    ]
  ],
  "A": [
    [
      0.0,
      0.0,
      0.3123184669995673,
      2.948326356730434e-17,
      0.3590959405776395
    ],
    [
      0.31817015908614343,
      5.970900582714094e-18,
      0.3123184669995672,
      5.896652713460868e-17,
      0.0
    ],
    [
      0.6363403181722869,
      2.3883602330856362e-17,
      9.746486101088046e-17,
      0.24292734608006009,
      0.0
    ],
    [
      0.3181701590861433,
      0.2444519750124868,
      0.0,
      0.0,
      0.0
    ],
    [
      8.161729978267062e-17,
      0.24445197501248672,
      0.0,
      0.0,
      0.35909594057763955
    ],
    [
      0.0,
      0.0,
      3.3138052743699267e-16,
      0.24292734608005984,
      0.7181918811552792
    ]
  ],
  "B": [
    [
      0.0,
      0.26191435919913264,
      0.5238287183982651,
      0.2619143591991325,
      0.0,
      0.0
    ],
    [
      0.0,
      0.0,
      0.3408985888908309,
      1.0226957666724923,
      1.0226957666724923,
      0.34089858889083063
    ],
    [
      0.8004649945990753,
      0.800464994599075,
      0.26682166486635855,
      0.0,
      0.0,
      0.26682166486635867
    ],
    [
      0.34303809216221215,
      0.34303809216221215,
      0.0,
      0.3430380921622125,
      0.3430380921622129,
      0.0
    ],
    [
      0.23206425892557786,
      0.0,
      0.0,
      8.071616415851737e-17,
      0.23206425892557792,
      0.46412851785115594
    ]
  ],
  "M": [
    [
      0.3333333333333333,
      0.25000000000000006,
      0.08333333333333337,
      0.0,
      0.08333333333333326,
      0.25000000000000006
    ],
    [
      0.25000000000000006,
      0.3333333333333333,
      0.25000000000000006,
      0.08333333333333333,
      0.0,
      0.08333333333333341
    ],
    [
      0.08333333333333337,
      0.25000000000000006,
      0.3333333333333333,
      0.24999999999999997,
      0.08333333333333341,
      0.0
    ],
    [
      0.0,
      0.08333333333333333,
      0.24999999999999997,
      0.3333333333333333,
      0.2500000000000001,
      0.0833333333333333
    ],
    [
      0.08333333333333326,
      0.0,
      0.08333333333333341,
      0.2500000000000001,
      0.3333333333333333,
      0.24999999999999997
    ],
    [
      0.25000000000000006,
      0.08333333333333341,
      0.0,
      0.0833333333333333,
      0.24999999999999997,
      0.3333333333333333
    ]
  ],
  "score": 8.914996856639965e-17
}