{
  "k": 4,
  "M_approx": [
    [
      0.3666666666666667,
      0.2875,
      0.1291666666666667,
      0.04999999999999998,
      0.12916666666666665,
      0.28750000000000003
    ],
    [
      0.28750000000000003,
      0.3666666666666666,
      0.28750000000000003,
      0.12916666666666662,
      0.050000000000000044,
      0.1291666666666668
    ],
    [
      0.12916666666666668,
      0.2875,
      0.36666666666666664,
      0.2875,
      0.1291666666666667,
      0.05000000000000005
    ],
    [
      0.05000000000000002,
      0.12916666666666662,
      0.28749999999999987,
      0.36666666666666664,
      0.28750000000000003,
      0.1291666666666667
    ],
    [
      0.12916666666666665,
      0.05000000000000001,
      0.1291666666666667,
      0.2875000000000001,
      0.36666666666666664,
      0.2875
    ],
    [
      0.28750000000000003,
      0.12916666666666674,
      0.05000000000000004,
      0.1291666666666667,
      0.2874999999999999,
      0.36666666666666664
    ]
  ],
  "A": [
    [
      0.022728702453866788,
      0.48068970875916234,
      0.01777233724492072,
      0.3969985640288729
    ],
    [
      0.13383740161932892,
      0.2089429806548647,
      2.060923922960537e-16,
      0.4534581788185419
    ],
    [
      0.22221739833092607,
      2.020768743118752e-13,
      0.16237337105524186,
      0.2831887041989401
    ],
    [
      0.19948869587706108,
      0.06280374744983738,
      0.342519079355404,
      0.05645961478966912
    ],
    [
      0.08837999671159907,
      0.3345504755541351,
      0.3602914166003245,
      3.661710230189725e-17
    ],
    [
      1.851126245736354e-15,
      0.5434934562087976,
      0.19791804554508283,
      0.170269474619602
    ]
  ],
  "B": [
    [
      5.086196827054593e-14,
      0.45067832215983955,
      1.3046847781064304,
      0.7820099617641865,
      6.697448156482198e-14,
      0.046042606242579
    ],
    [
      0.3860902198770324,
      0.03039616474218806,
      4.046160149714661e-16,
      1.1632710430412436e-16,
      0.23929973547462208,
      0.5858763844573868
    ],
    [
      1.0198330245459205e-15,
      9.799265148897841e-15,
      0.03846505808746597,
      0.6061370104553494,
      0.7954916857805295,
      0.24265227409653653
    ],
    [
      0.4561151795653459,
      0.6615780678662639,
      0.24894110336714642,
      0.05403912971106167,
      5.981711967378463e-15,
      0.0013004194148457896
    ]
  ],
  "M": [
    [
      0.36666666666666664,
      0.28750000000000003,
      0.1291666666666667,
      0.05,
      0.1291666666666666,
      0.28750000000000003
    ],
    [
      0.28750000000000003,
      0.36666666666666664,
      0.28750000000000003,
      0.12916666666666665,
      0.05,
      0.12916666666666674
    ],
    [
      0.1291666666666667,
      0.28750000000000003,
      0.36666666666666664,
      0.2875,
      0.12916666666666674,
      0.05
    ],
    [
      0.05,
      0.12916666666666665,
      0.2875,
      0.36666666666666664,
      0.2875000000000001,
      0.12916666666666665
    ],
    [
      0.1291666666666666,
      0.05,
      0.12916666666666674,
      0.2875000000000001,
      0.36666666666666664,
      0.2875
    ],
    [
      0.28750000000000003,
      0.12916666666666674,
      0.05,
      0.12916666666666665,
      0.2875,
      0.36666666666666664
    ]
  ],
  "score": 8.557969148152249e-17
}