{
  "k": 5,
  "M_approx": [
    [
      0.3400000000000001,
      0.25750000000000006,
      0.09250000000000004,
      0.009999999999999966,
      0.09249999999999992,
      0.25750000000000006
    ],
    [
      0.2575,
      0.3400000000000001,
      0.2575,
      0.09249999999999999,
      0.00999999999999998,
      0.09250000000000003
    ],
    [
      0.0925,
      0.25750000000000006,
      0.33999999999999997,
      0.2575,
      0.09250000000000008,
      0.009999999999999974
    ],
    [
      0.009999999999999985,
      0.09250000000000004,
      0.2574999999999999,
      0.33999999999999997,
      0.2575000000000001,
      0.0925
    ],
    [
      0.0924999999999999,
      0.010000000000000042,
      0.09250000000000004,
      0.2575000000000001,
      0.34,
      0.25749999999999995
    ],
    [
      0.2575,
      0.09250000000000008,
      0.009999999999999992,
      0.09249999999999997,
      0.25749999999999995,
      0.33999999999999997
    ]
  ],
  "A": [
    [
      0.5365650712972652,
      2.8135825045560348e-15,
      3.9770389076423604e-15,
      0.026526052158935387,
      0.46931456891137546
    ],
    [
      0.9586020551940521,
      1.4786167993681697e-16,
      0.09924373169684307,
      0.18005934503537974,
      2.4729247879643743e-15
    ],
    [
      0.44739034907025566,
      0.04006624509659693,
      0.6604500262378079,
      9.656995882771768e-17,
      3.576113572390964e-16
    ],
    [
      4.216535728698514e-14,
      0.30811972266492627,
      0.5748658510866621,
      0.030361762075312656,
      0.0
    ],
    [
      1.0822841919879219e-14,
      0.5061590189979438,
      1.4166906499456336e-14,
      0.19297456426449733,
      0.061648201025772134
    ],
    [
      0.01323273871203249,
      0.23241798221769946,
      0.0,
      2.1101895295420878e-13,
      0.5426706816950114
    ]
  ],
  "B": [
    [
      0.2067545716893846,
      0.33802449792750006,
      0.15314448187985064,
      0.004245687121465267,
      3.4518101602624197e-17,
      1.7752166538492635e-16
    ],
    [
      2.5810292367562896e-13,
      1.8918449593943342e-14,
      0.03430663587184703,
      0.397748130542745,
      0.6477201374545865,
      0.24958665270205238
    ],
    [
      6.8165577546630555e-15,
      0.16090710524046847,
      0.40897885984041216,
      0.3628802134157988,
      0.1007620313043656,
      1.5667474169848416e-17
    ],
    [
      0.3293616482173439,
      8.874011371387892e-13,
      0.38935383597496176,
      0.29110674067498377,
      0.0,
      0.5137195183167154
    ],
    [
      0.4694634874680178,
      0.1622107349999194,
      2.542463765969929e-16,
      4.59985220816928e-16,
      0.1970959482774233,
      0.5196366476066493
    ]
  ],
  "M": [
    [
      0.33999999999999997,
      0.25750000000000006,
      0.09250000000000003,
      0.01,
      0.09249999999999992,
      0.25750000000000006
    ],
    [
      0.25750000000000006,
      0.33999999999999997,
      0.25750000000000006,
      0.09249999999999999,
      0.01,
      0.09250000000000007
    ],
    [
      0.09250000000000003,
      0.25750000000000006,
      0.33999999999999997,
      0.25749999999999995,
      0.09250000000000007,
      0.01
    ],
    [
      0.01,
      0.09249999999999999,
      0.25749999999999995,
      0.33999999999999997,
      0.2575000000000001,
      0.09249999999999996
    ],
    [
      0.09249999999999992,
      0.01,
      0.09250000000000007,
      0.2575000000000001,
      0.33999999999999997,
      0.25749999999999995
    ],
    [
      0.25750000000000006,
      0.09250000000000007,
      0.01,
      0.09249999999999996,
      0.25749999999999995,
      0.33999999999999997
    ]
  ],
  "score": 8.052008134325679e-17
}