{
  "k": 3,
  "M_approx": [
    [
      0.4000000000000001,
      0.32500000000000007,
      0.1750000000000001,
      0.10000000000000002,
      0.175,
      0.32500000000000007
    ],
    [
      0.325,
      0.4,
      0.32500000000000007,
      0.175,
      0.1,
      0.17500000000000007
    ],
    [
      0.17500000000000007,
      0.32500000000000007,
      0.4,
      0.3249999999999999,
      0.17500000000000002,
      0.10000000000000002
    ],
    [
      0.09999999999999999,
      0.175,
      0.32499999999999996,
      0.39999999999999997,
      0.3250000000000001,
      0.17500000000000002
    ],
    [
      0.17499999999999988,
      0.10000000000000002,
      0.17500000000000007,
      0.32500000000000007,
      0.4,
      0.32499999999999984
    ],
    [
      0.3250000000000001,
      0.1750000000000001,
      0.10000000000000003,
      0.17499999999999996,
      0.32499999999999996,
      0.4
    ]
  ],
  "A": [
    [
      7.364756087618653e-13,
      0.5919146455763695,
      0.2169175654860484
    ],
    [
      0.03535921760480524,
      0.2782839732453872,
      0.3898934858021045
    ],
    [
      0.3491009665441267,
      3.6857091863587073e-16,
      0.3679226632171095
    ],
    [
      0.6274834978793796,
      0.03534669908559592,
      0.17297592031605816
    ],
    [
      0.5921242802753109,
      0.3489773714165779,
      2.1360294352652563e-15
    ],
    [
      0.27838253133598917,
      0.6272613446619651,
      0.0219708225849972
    ]
  ],
  "B": [
    [
      1.1308242381205327e-15,
      0.02993482850132534,
      0.2955460632667027,
      0.5312224695307559,
      0.5012876410294319,
      0.23567640626405434
    ],
    [
      0.5014651789301802,
      0.23575987429933873,
      1.440250475774692e-15,
      0.029945430331505624,
      0.295650734962347,
      0.5314106092616844
    ],
    [
      0.4756434367750072,
      0.8549343486656604,
      0.8067580862234836,
      0.37929091189065317,
      0.0,
      0.04817626244217703
    ]
  ],
  "M": [
    [
      0.4,
      0.32500000000000007,
      0.17500000000000004,
      0.1,
      0.17499999999999993,
      0.32500000000000007
    ],
    [
      0.32500000000000007,
      0.4,
      0.32500000000000007,
      0.175,
      0.1,
      0.17500000000000007
    ],
    [
      0.17500000000000004,
      0.32500000000000007,
      0.4,
      0.32499999999999996,
      0.17500000000000007,
      0.1
    ],
    [
      0.1,
      0.175,
      0.32499999999999996,
      0.4,
      0.3250000000000001,
      0.175
    ],
    [
      0.17499999999999993,
      0.1,
      0.17500000000000007,
      0.3250000000000001,
      0.4,
      0.32499999999999996
    ],
    [
      0.32500000000000007,
      0.17500000000000007,
      0.1,
      0.175,
      0.32499999999999996,
      0.4
    ]
  ],
  "score": 7.170190367370803e-17
}