{
  "k": 4,
  "M_approx": [
    [
      0.3571428571428571,
      0.3087344030961229,
      0.1999615942056167,
      0.11273257412683184,
      0.11273257412683184,
      0.1999615942056166,
      0.3087344030961228
    ],
    [
      0.3087344030961229,
      0.3571428571428571,
      0.3087344030961229,
      0.19996159420561677,
      0.11273257412683181,
      0.11273257412683178,
      0.19996159420561666
    ],
    [
      0.19996159420561668,
      0.3087344030961228,
      0.3571428571428571,
      0.30873440309612293,
      0.19996159420561666,
      0.11273257412683181,
      0.11273257412683181
    ],
    [
      0.11273257412683181,
      0.1999615942056167,
      0.3087344030961228,
      0.3571428571428572,
      0.3087344030961229,
      0.19996159420561677,
      0.11273257412683185
    ],
    [
      0.11273257412683184,
      0.11273257412683181,
      0.19996159420561666,
      0.3087344030961228,
      0.3571428571428571,
      0.3087344030961229,
      0.1999615942056168
    ],
    [
      0.19996159420561668,
      0.11273257412683181,
      0.11273257412683181,
      0.1999615942056167,
      0.3087344030961228,
      0.3571428571428571,
      0.3087344030961228
    ],
    [
      0.3087344030961228,
      0.19996159420561668,
      0.1127325741268318,
      0.11273257412683182,
      0.19996159420561674,
      0.30873440309612277,
      0.3571428571428571
    ]
  ],
  "A": [
    [
      0.5304398107423842,
      0.11245646476580726,
      0.48222242685326644,
      1.2863080698611372e-15
    ],
    [
      0.6796292230041199,
      0.0024921439590351916,
      0.19978501855507647,
      0.1058939732354208
    ],
    [
      0.5353928574925714,
      1.1637564554584846e-15,
      1.6227889328303145e-15,
      0.2864492655163676
    ],
    [
      0.20254011323555512,
      0.10186842344617159,
      0.04311090922276651,
      0.4077175703561932
    ],
    [
      0.022070713535527076,
      0.3498868619433947,
      0.0638181236717994,
      0.3305493326170801
    ],
    [
      0.08894221478453394,
      0.5036009690473917,
      0.15202630565017952,
      0.13472641208166758
    ],
    [
      0.29179835499522316,
      0.3672598041188432,
      0.3985060960926981,
      6.370609967049107e-14
    ]
  ],
  "B": [
    [
      0.37348573371356647,
      0.44563147454219904,
      0.3583288291457294,
      0.17731847015712052,
      0.03890488983321802,
      0.04731633728041148,
      0.19621882100870536
    ],
    [
      0.2490805540978018,
      0.03694256548493002,
      4.470464877789159e-14,
      0.16607136294426755,
      0.4101015307821595,
      0.5483308098235382,
      0.47666973358681586
    ],
    [
      0.2717012510929378,
      0.14142705516690207,
      0.02050862286630942,
      1.484850522711636e-14,
      0.09534459788600474,
      0.23474598964077165,
      0.313232084002805
    ],
    [
      3.586785038922032e-17,
      0.2448827872743783,
      0.5770521390117255,
      0.7463777583338725,
      0.6253540002780708,
      0.30511422309510167,
      0.026805510704714437
    ]
  ],
  "M": [
    [
      0.3571428571428571,
      0.3087344030961229,
      0.19996159420561674,
      0.11273257412683184,
      0.11273257412683182,
      0.19996159420561668,
      0.3087344030961229
    ],
    [
      0.3087344030961229,
      0.3571428571428571,
      0.3087344030961229,
      0.19996159420561674,
      0.11273257412683184,
      0.11273257412683182,
      0.19996159420561668
    ],
    [
      0.19996159420561674,
      0.3087344030961229,
      0.3571428571428571,
      0.3087344030961229,
      0.19996159420561668,
      0.11273257412683184,
      0.11273257412683182
    ],
    [
      0.11273257412683184,
      0.19996159420561674,
      0.3087344030961229,
      0.3571428571428571,
      0.3087344030961229,
      0.19996159420561674,
      0.11273257412683184
    ],
    [
      0.11273257412683182,
      0.11273257412683184,
      0.19996159420561668,
      0.3087344030961229,
      0.3571428571428571,
      0.3087344030961229,
      0.19996159420561674
    ],
    [
      0.19996159420561668,
      0.11273257412683182,
      0.11273257412683184,
      0.19996159420561674,
      0.3087344030961229,
      0.3571428571428571,
      0.3087344030961229
    ],
    [
      0.3087344030961229,
      0.19996159420561668,
      0.11273257412683182,
      0.11273257412683184,
      0.19996159420561674,
      0.3087344030961229,
      0.3571428571428571
    ]
  ],
  "score": 9.813578521240223e-17
}