{
  "k": 6,
  "M_approx": [
    [
      0.2928571428571428,
      0.23960784340573513,
      0.11995775362617841,
      0.02400583153951504,
      0.024005831539514976,
      0.1199577536261783,
      0.23960784340573513
    ],
    [
      0.2396078434057352,
      0.29285714285714287,
      0.23960784340573513,
      0.11995775362617839,
      0.024005831539515007,
      0.024005831539514997,
      0.11995775362617832
    ],
    [
      0.11995775362617843,
      0.23960784340573515,
      0.2928571428571428,
      0.23960784340573513,
      0.11995775362617833,
      0.024005831539515025,
      0.024005831539515007
    ],
    [
      0.024005831539515056,
      0.11995775362617841,
      0.23960784340573515,
      0.29285714285714287,
      0.23960784340573518,
      0.11995775362617839,
      0.024005831539515
    ],
    [
      0.024005831539514973,
      0.02400583153951498,
      0.1199577536261784,
      0.23960784340573515,
      0.2928571428571428,
      0.23960784340573515,
      0.11995775362617839
    ],
    [
      0.11995775362617833,
      0.02400583153951498,
      0.024005831539515042,
      0.11995775362617841,
      0.23960784340573518,
      0.29285714285714287,
      0.2396078434057351
    ],
    [
      0.2396078434057351,
      0.11995775362617829,
      0.024005831539514966,
      0.024005831539515014,
      0.11995775362617837,
      0.2396078434057352,
      0.2928571428571428
    ]
  ],
  "A": [
    [
      0.26493720660775566,
      0.043590915716406185,
      0.20961384085443088,
      0.859961915789691,
      0.1372714587441068,
      1.914721750963914e-14
    ],
    [
      0.0004850465402776173,
      7.747204763827694e-13,
      0.851186305510877,
      0.7571158869260218,
      0.06411685091429657,
      0.054372539445170766
    ],
    [
      0.04363099987486523,
      1.724717711815493e-13,
      1.131362803876495,
      0.4032345340834096,
      0.0003782009769173103,
      0.26619578810773287
    ],
    [
      0.4284927107546343,
      5.602003796279223e-06,
      0.8067681825907428,
      0.08074999505062085,
      1.2266276453736004e-15,
      0.4849377928013367
    ],
    [
      0.7295614678356053,
      0.08880939363951773,
      0.1878306056699126,
      7.404510522701548e-15,
      0.05114914490412167,
      0.5275959459109187
    ],
    [
      0.18684541157341145,
      0.5484986501818844,
      1.7722161407005385e-13,
      0.09407189760519583,
      0.06768774310166402,
      0.2901887998794537
    ],
    [
      3.6883091245129997e-13,
      0.5153319138314788,
      4.3094926687906137e-13,
      0.48156456493169036,
      0.10779567497489195,
      0.05807230657431753
    ]
  ],
  "B": [
    [
      4.287408655578607e-15,
      0.0003992257075810242,
      0.10338160799133464,
      3.1706288085927927e-15,
      0.060387870497455406,
      0.2193096048099618,
      0.04595770751873221
    ],
    [
      0.13974065299726596,
      0.0004198897459058895,
      7.525752163788186e-15,
      1.0115619624753833e-15,
      0.18307057423611703,
      0.3906516284972629,
      0.25900183232225316
    ],
    [
      6.80697036126985e-14,
      0.12293499693931953,
      0.23709935765687853,
      0.11452407647150938,
      4.668908398330918e-16,
      7.391219361093778e-05,
      2.7373924353256158e-15
    ],
    [
      0.29727616325845996,
      0.24851669530393067,
      0.04984966354980186,
      6.098509731520607e-15,
      4.028077762128648e-17,
      1.4856457104204807e-13,
      0.05339737708698605
    ],
    [
      0.2267007376516997,
      1.959792958511291e-12,
      4.096709087002032e-18,
      9.883673886339876e-15,
      0.00019395033375904178,
      0.3264343857370233,
      1.240039994984828
    ],
    [
      2.5625520726821506e-15,
      0.0011113177875342914,
      3.324374556771083e-13,
      0.41337830293928285,
      0.4407391188937241,
      0.05345710009287972,
      5.983571941027127e-15
    ]
  ],
  "M": [
    [
      0.29285714285714287,
      0.23960784340573518,
      0.1199577536261784,
      0.024005831539515014,
      0.024005831539515,
      0.11995775362617833,
      0.23960784340573513
    ],
    [
      0.23960784340573518,
      0.29285714285714287,
      0.23960784340573513,
      0.1199577536261784,
      0.024005831539515014,
      0.024005831539514993,
      0.11995775362617833
    ],
    [
      0.1199577536261784,
      0.23960784340573513,
      0.29285714285714287,
      0.23960784340573513,
      0.11995775362617833,
      0.024005831539515014,
      0.024005831539515007
    ],
    [
      0.024005831539515014,
      0.1199577536261784,
      0.23960784340573513,
      0.29285714285714287,
      0.23960784340573518,
      0.1199577536261784,
      0.02400583153951502
    ],
    [
      0.024005831539515,
      0.024005831539515014,
      0.11995775362617833,
      0.23960784340573518,
      0.29285714285714287,
      0.23960784340573518,
      0.1199577536261784
    ],
    [
      0.11995775362617833,
      0.024005831539514993,
      0.024005831539515014,
      0.1199577536261784,
      0.23960784340573518,
      0.29285714285714287,
      0.23960784340573513
    ],
    [
      0.23960784340573513,
      0.11995775362617833,
      0.024005831539515007,
      0.02400583153951502,
      0.1199577536261784,
      0.23960784340573513,
      0.2928571428571428
    ]
  ],
  "score": 7.682346822183003e-17
}