{
  "k": 4,
  "M_approx": [
    [
      0.3214285714285714,
      0.27033075882368524,
      0.15551501610592877,
      0.06343993935610026,
      0.06343993935610023,
      0.15551501610592872,
      0.2703307588236851
    ],
    [
      0.2703307588236853,
      0.32142857142857134,
      0.2703307588236852,
      0.15551501610592872,
      0.06343993935610025,
      0.0634399393561002,
      0.1555150161059287
    ],
    [
      0.15551501610592877,
      0.27033075882368524,
      0.32142857142857134,
      0.2703307588236852,
      0.15551501610592872,
      0.06343993935610026,
      0.06343993935610023
    ],
    [
      0.06343993935610026,
      0.15551501610592872,
      0.2703307588236852,
      0.3214285714285713,
      0.2703307588236852,
      0.15551501610592874,
      0.06343993935610026
    ],
    [
      0.06343993935610026,
      0.06343993935610028,
      0.15551501610592877,
      0.27033075882368524,
      0.3214285714285714,
      0.27033075882368524,
      0.15551501610592874
    ],
    [
      0.15551501610592872,
      0.06343993935610028,
      0.06343993935610033,
      0.15551501610592872,
      0.27033075882368524,
      0.32142857142857134,
      0.2703307588236852
    ],
    [
      0.27033075882368524,
      0.1555150161059287,
      0.06343993935610028,
      0.06343993935610028,
      0.15551501610592874,
      0.2703307588236852,
      0.32142857142857134
    ]
  ],
  "A": [
    [
      0.4015558177753191,
      0.28487072284562626,
      0.5981070252451356,
      3.4178679602372515e-17
    ],
    [
      0.09582218926120342,
      0.4791138775065419,
      0.47964459359424116,
      0.08833851236529387
    ],
    [
      3.375330047228048e-14,
      0.5081053945420692,
      0.2134619258675647,
      0.2844214614632906
    ],
    [
      0.1862453129219157,
      0.35001407030528314,
      1.902873156061637e-13,
      0.44059438725996913
    ],
    [
      0.5143116086846494,
      0.12388589642179909,
      7.541498095049861e-16,
      0.439255891283312
    ],
    [
      0.7371582752460387,
      3.629567636370645e-15,
      0.21346192586713866,
      0.2814138883040839
    ],
    [
      0.6869772274417845,
      0.07164498785725384,
      0.4796445935938994,
      0.08592662595573226
    ]
  ],
  "B": [
    [
      0.09140608737492528,
      0.018724962213277175,
      0.005086661217730953,
      1.902740371218663e-14,
      0.15798535732232824,
      0.3554732916681828,
      0.2807632121114488
    ],
    [
      0.13261176606250594,
      0.43434705218112146,
      0.5139235816605185,
      0.22269729483725667,
      2.0274824434566027e-14,
      0.00680579934164873,
      4.0956851172325013e-13
    ],
    [
      0.4128804798870539,
      0.23253176558428806,
      0.01182172288137518,
      6.310015488501252e-14,
      1.5572745701126167e-15,
      0.018113605655089834,
      0.26347902788525546
    ],
    [
      2.393804591201246e-15,
      1.3807563595640179e-14,
      0.20314127905079452,
      0.5526202599420306,
      0.546776657801488,
      0.1972963311565264,
      0.025304696068834318
    ]
  ],
  "M": [
    [
      0.3214285714285714,
      0.27033075882368524,
      0.15551501610592877,
      0.06343993935610026,
      0.06343993935610026,
      0.15551501610592872,
      0.2703307588236852
    ],
    [
      0.27033075882368524,
      0.3214285714285714,
      0.2703307588236852,
      0.15551501610592877,
      0.06343993935610026,
      0.06343993935610025,
      0.15551501610592872
    ],
    [
      0.15551501610592877,
      0.2703307588236852,
      0.3214285714285714,
      0.2703307588236852,
      0.15551501610592872,
      0.06343993935610026,
      0.06343993935610026
    ],
    [
      0.06343993935610026,
      0.15551501610592877,
      0.2703307588236852,
      0.3214285714285714,
      0.27033075882368524,
      0.15551501610592877,
      0.06343993935610028
    ],
    [
      0.06343993935610026,
      0.06343993935610026,
      0.15551501610592872,
      0.27033075882368524,
      0.3214285714285714,
      0.27033075882368524,
      0.15551501610592877
    ],
    [
      0.15551501610592872,
      0.06343993935610025,
      0.06343993935610026,
      0.15551501610592877,
      0.27033075882368524,
      0.3214285714285714,
      0.2703307588236852
    ],
    [
      0.2703307588236852,
      0.15551501610592872,
      0.06343993935610026,
      0.06343993935610028,
      0.15551501610592877,
      0.2703307588236852,
      0.32142857142857134
    ]
  ],
  "score": 8.326672684688674e-17
}