{
  "k": 3,
  "M_approx": [
    [
      0.6428571428571428,
      0.6159635572756238,
      0.5555342190031204,
      0.5070736522926842,
      0.5070736522926843,
      0.5555342190031201,
      0.6159635572756238
    ],
    [
      0.6159635572756236,
      0.6428571428571427,
      0.6159635572756238,
      0.5555342190031204,
      0.5070736522926843,
      0.5070736522926843,
      0.5555342190031204
    ],
    [
      0.5555342190031204,
      0.6159635572756238,
      0.642857142857143,
      0.6159635572756238,
      0.5555342190031203,
      0.5070736522926842,
      0.5070736522926844
    ],
    [
      0.5070736522926844,
      0.5555342190031204,
      0.6159635572756239,
      0.6428571428571427,
      0.6159635572756237,
      0.5555342190031204,
      0.5070736522926843
    ],
    [
      0.5070736522926843,
      0.5070736522926842,
      0.5555342190031205,
      0.6159635572756236,
      0.6428571428571429,
      0.615963557275624,
      0.5555342190031203
    ],
    [
      0.5555342190031205,
      0.5070736522926843,
      0.5070736522926843,
      0.5555342190031202,
      0.6159635572756238,
      0.642857142857143,
      0.6159635572756238
    ],
    [
      0.6159635572756238,
      0.5555342190031204,
      0.5070736522926844,
      0.5070736522926843,
      0.5555342190031206,
      0.6159635572756238,
      0.6428571428571428
    ]
  ],
  "A": [
    [
      0.5978642155978116,
      0.4907432567582823,
      0.3025117488927222
    ],
    [
      0.5601428687243333,
      0.4252472207533139,
      0.45189987538729776
    ],
    [
      0.6633386006923041,
      0.26301922038391834,
      0.5268866900745869
    ],
    [
      0.8297429205205373,
      0.12622024877638005,
      0.4710055920428017
    ],
    [
      0.9340499813488515,
      0.11786272174165052,
      0.32633618787654034
    ],
    [
      0.8977144388972428,
      0.24424002759936433,
      0.20181748963103888
    ],
    [
      0.7480976977417628,
      0.4101874774114262,
      0.1912146168037101
    ]
  ],
  "B": [
    [
      0.37309438972277487,
      0.29049302072531485,
      0.3298871178444837,
      0.4616121224564118,
      0.5864764193879074,
      0.6104546462820751,
      0.5154907092209161
    ],
    [
      0.7150739532435183,
      0.5865491409511735,
      0.3380608813295957,
      0.15672590211058332,
      0.1790931412055212,
      0.3883196113673926,
      0.6268535131221112
    ],
    [
      0.22769243778453804,
      0.5105360045988236,
      0.6360262663357774,
      0.5096664963726388,
      0.2266081787612205,
      3.4039141486956023e-13,
      0.0004825406613791955
    ]
  ],
  "M": [
    [
      0.6428571428571428,
      0.6159635572756238,
      0.5555342190031204,
      0.5070736522926843,
      0.5070736522926843,
      0.5555342190031204,
      0.6159635572756238
    ],
    [
      0.6159635572756238,
      0.6428571428571428,
      0.6159635572756238,
      0.5555342190031204,
      0.5070736522926843,
      0.5070736522926843,
      0.5555342190031204
    ],
    [
      0.5555342190031204,
      0.6159635572756238,
      0.6428571428571428,
      0.6159635572756238,
      0.5555342190031204,
      0.5070736522926843,
      0.5070736522926843
    ],
    [
      0.5070736522926843,
      0.5555342190031204,
      0.6159635572756238,
      0.6428571428571428,
      0.6159635572756238,
      0.5555342190031204,
      0.5070736522926843
    ],
    [
      0.5070736522926843,
      0.5070736522926843,
      0.5555342190031204,
      0.6159635572756238,
      0.6428571428571428,
      0.6159635572756238,
      0.5555342190031204
    ],
    [
      0.5555342190031204,
      0.5070736522926843,
      0.5070736522926843,
      0.5555342190031204,
      0.6159635572756238,
      0.6428571428571428,
      0.6159635572756238
    ],
    [
      0.6159635572756238,
      0.5555342190031204,
      0.5070736522926843,
      0.5070736522926843,
      0.5555342190031204,
      0.6159635572756238,
      0.6428571428571428
    ]
  ],
  "score": 2.5376526277146434e-16
}