{
  "k": 6,
  "M_approx": [
    [
      0.28571428571428564,
      0.23192711455124762,
      0.11106843800624087,
      0.014147304585368723,
      0.014147304585368677,
      0.11106843800624075,
      0.23192711455124757
    ],
    [
      0.23192711455124765,
      0.2857142857142857,
      0.23192711455124768,
      0.11106843800624078,
      0.01414730458536871,
      0.01414730458536867,
      0.11106843800624076
    ],
    [
      0.1110684380062408,
      0.23192711455124757,
      0.28571428571428564,
      0.2319271145512475,
      0.11106843800624075,
      0.014147304585368661,
      0.014147304585368708
    ],
    [
      0.014147304585368696,
      0.11106843800624082,
      0.23192711455124762,
      0.2857142857142857,
      0.23192711455124765,
      0.11106843800624078,
      0.014147304585368706
    ],
    [
      0.014147304585368687,
      0.014147304585368685,
      0.11106843800624078,
      0.23192711455124765,
      0.2857142857142857,
      0.23192711455124768,
      0.11106843800624082
    ],
    [
      0.11106843800624076,
      0.014147304585368677,
      0.014147304585368678,
      0.1110684380062408,
      0.23192711455124762,
      0.2857142857142857,
      0.2319271145512476
    ],
    [
      0.2319271145512476,
      0.11106843800624075,
      0.014147304585368614,
      0.014147304585368647,
      0.11106843800624082,
      0.23192711455124762,
      0.28571428571428564
    ]
  ],
  "A": [
    [
      0.6354823546900031,
      0.0013358729539567516,
      5.358822677306231e-14,
      1.6106470936089054e-13,
      0.65856357239365,
      2.1023687853197624e-14
    ],
    [
      0.08094434919229208,
      0.04184488893543649,
      1.9013329082410647e-13,
      6.222172891424799e-13,
      0.7058066729290301,
      0.3701268610449465
    ],
    [
      6.76840740733094e-18,
      0.2612405805379942,
      0.07764698545079432,
      2.1603152123457014e-13,
      0.10792187378038541,
      0.7501087650880148
    ],
    [
      3.4193473575112337e-15,
      0.0015553197910132025,
      0.4212009555175914,
      0.07369402932278257,
      1.7086946910466638e-14,
      0.28414918624812546
    ],
    [
      0.09854571991648686,
      8.808813402632108e-15,
      1.22761609811895e-13,
      0.46095079889846136,
      1.6747650903507283e-14,
      0.36102874920518924
    ],
    [
      0.729844968175127,
      0.020720950160769323,
      0.006295657178157769,
      0.33707958282912215,
      3.52654938993951e-13,
      0.02693718744911802
    ],
    [
      1.206487869301623,
      0.19521962730309683,
      3.193538139380713e-14,
      0.04521277094600314,
      0.004675767503206754,
      0.0008929259048294913
    ]
  ],
  "B": [
    [
      0.14356082229987627,
      9.747010998141935e-14,
      0.0015431076886291844,
      4.893610430053631e-15,
      0.02164691414869734,
      0.1747781621101401,
      0.22911269783491822
    ],
    [
      0.2937444609578925,
      0.5603539634038112,
      0.05648561931514791,
      0.0012188412186626188,
      0.2927468581996675,
      1.6018752842027746e-16,
      2.629973558461581e-13
    ],
    [
      0.03250334034714454,
      0.235189906115724,
      0.34632877711182514,
      0.45107085579177375,
      0.4417031128060029,
      0.18220030698076617,
      1.5350852602274823e-16
    ],
    [
      2.130937474821915e-14,
      1.1950320801194355e-13,
      0.004607221706942202,
      0.3003062038902366,
      0.6149018379854753,
      0.4657839302014013,
      0.19197355220460371
    ],
    [
      0.2947194761041852,
      0.3510345280814194,
      0.16704896429014066,
      0.02147959128205926,
      5.266013936541688e-14,
      1.9783602215867205e-14,
      0.1310883891253255
    ],
    [
      8.87663442221172e-15,
      0.03918608868797799,
      0.30134073549849383,
      0.25898416721567474,
      0.0003921613230241676,
      6.365061831174848e-17,
      1.4540627569832238e-15
    ]
  ],
  "M": [
    [
      0.2857142857142857,
      0.23192711455124765,
      0.11106843800624082,
      0.0141473045853687,
      0.014147304585368687,
      0.11106843800624075,
      0.2319271145512476
    ],
    [
      0.23192711455124765,
      0.2857142857142857,
      0.2319271145512476,
      0.11106843800624082,
      0.0141473045853687,
      0.014147304585368682,
      0.11106843800624075
    ],
    [
      0.11106843800624082,
      0.2319271145512476,
      0.2857142857142857,
      0.2319271145512476,
      0.11106843800624075,
      0.0141473045853687,
      0.014147304585368696
    ],
    [
      0.0141473045853687,
      0.11106843800624082,
      0.2319271145512476,
      0.2857142857142857,
      0.23192711455124765,
      0.11106843800624082,
      0.01414730458536871
    ],
    [
      0.014147304585368687,
      0.0141473045853687,
      0.11106843800624075,
      0.23192711455124765,
      0.2857142857142857,
      0.23192711455124765,
      0.11106843800624082
    ],
    [
      0.11106843800624075,
      0.014147304585368682,
      0.0141473045853687,
      0.11106843800624082,
      0.23192711455124765,
      0.2857142857142857,
      0.2319271145512476
    ],
    [
      0.2319271145512476,
      0.11106843800624075,
      0.014147304585368696,
      0.01414730458536871,
      0.11106843800624082,
      0.2319271145512476,
      0.28571428571428564
    ]
  ],
  "score": 7.112366251504909e-17
}