{
  "k": 6,
  "M_approx": [
    [
      0.28571428571428564,
      0.23192711455124762,
      0.11106843800624079,
      0.014147304585368687,
      0.014147304585368692,
      0.11106843800624076,
      0.23192711455124762
    ],
    [
      0.23192711455124765,
      0.2857142857142857,
      0.23192711455124762,
      0.1110684380062408,
      0.014147304585368692,
      0.014147304585368642,
      0.11106843800624079
    ],
    [
      0.11106843800624078,
      0.23192711455124757,
      0.28571428571428564,
      0.2319271145512476,
      0.11106843800624078,
      0.014147304585368696,
      0.014147304585368716
    ],
    [
      0.014147304585368697,
      0.1110684380062408,
      0.2319271145512477,
      0.2857142857142857,
      0.2319271145512477,
      0.11106843800624083,
      0.01414730458536872
    ],
    [
      0.014147304585368678,
      0.014147304585368703,
      0.11106843800624075,
      0.23192711455124762,
      0.2857142857142857,
      0.2319271145512477,
      0.11106843800624082
    ],
    [
      0.11106843800624076,
      0.014147304585368699,
      0.014147304585368666,
      0.11106843800624082,
      0.23192711455124768,
      0.2857142857142857,
      0.23192711455124757
    ],
    [
      0.2319271145512476,
      0.11106843800624076,
      0.014147304585368666,
      0.014147304585368703,
      0.11106843800624078,
      0.2319271145512476,
      0.28571428571428564
    ]
  ],
  "A": [
    [
      0.05196715550509045,
      7.632625233911531e-15,
      0.3612543291492564,
      0.1714091931086696,
      1.551843126224906e-15,
      5.53378728969015e-16
    ],
    [
      6.051193094068412e-15,
      0.08321127395385619,
      2.2792714246512026e-13,
      0.36856566257068557,
      0.28669496853709386,
      1.8711990599447177e-14
    ],
    [
      0.0,
      0.6532796524444827,
      0.0,
      0.22696533750768325,
      0.03651767428925731,
      6.40777585659182e-13
    ],
    [
      0.2919095296327956,
      0.8967295275908317,
      7.106126963894655e-16,
      0.031238677678535408,
      6.202263529230268e-16,
      6.257374055625981e-15
    ],
    [
      0.4937419698010915,
      0.14400968176423481,
      2.9968309458531836e-16,
      2.3069202245635707e-13,
      9.388253291114732e-15,
      0.48427601725665737
    ],
    [
      0.785513268070532,
      4.176411079246242e-15,
      0.013964467045918421,
      4.349872462261503e-15,
      0.4454314017176721,
      0.06905216402739185
    ],
    [
      0.40798660654776153,
      7.942182501408504e-15,
      0.3732776204898324,
      1.090963325514117e-14,
      0.07459183780528748,
      6.423629404468116e-13
    ]
  ],
  "B": [
    [
      1.848003845370179e-15,
      1.9374699352567132e-14,
      0.003016671442186764,
      3.698496584808313e-14,
      0.27223550043923583,
      0.3484974372332303,
      0.04846468905288692
    ],
    [
      6.891693771096282e-17,
      0.09823856571199806,
      0.2376358976518198,
      0.3157429126681843,
      0.17001668059072242,
      0.009165042964423662,
      1.5321062256436787e-13
    ],
    [
      0.5760120927636275,
      0.29303819335209375,
      0.034355020124621466,
      1.5959744525559294e-15,
      9.54709910007641e-14,
      0.24030621437400318,
      0.635033338033544
    ],
    [
      0.4528778308400743,
      0.7354669624796742,
      0.5746527863404526,
      0.08253527321836347,
      5.075912429580579e-15,
      0.035857803871938626,
      5.101770108862685e-14
    ],
    [
      0.22676329862258263,
      0.022574031270157658,
      0.001241193128072573,
      0.18966290416428708,
      1.4179448198628897e-15,
      0.0005884806519909199,
      0.3874097915732703
    ],
    [
      0.02921330828109782,
      6.082940080699261e-14,
      0.15560776917322636,
      0.3850223251500227,
      0.2618674906297079,
      0.12088033768846529,
      0.17993744034873996
    ]
  ],
  "M": [
    [
      0.2857142857142857,
      0.23192711455124765,
      0.11106843800624082,
      0.0141473045853687,
      0.014147304585368687,
      0.11106843800624075,
      0.2319271145512476
    ],
    [
      0.23192711455124765,
      0.2857142857142857,
      0.2319271145512476,
      0.11106843800624082,
      0.0141473045853687,
      0.014147304585368682,
      0.11106843800624075
    ],
    [
      0.11106843800624082,
      0.2319271145512476,
      0.2857142857142857,
      0.2319271145512476,
      0.11106843800624075,
      0.0141473045853687,
      0.014147304585368696
    ],
    [
      0.0141473045853687,
      0.11106843800624082,
      0.2319271145512476,
      0.2857142857142857,
      0.23192711455124765,
      0.11106843800624082,
      0.01414730458536871
    ],
    [
      0.014147304585368687,
      0.0141473045853687,
      0.11106843800624075,
      0.23192711455124765,
      0.2857142857142857,
      0.23192711455124765,
      0.11106843800624082
    ],
    [
      0.11106843800624075,
      0.014147304585368682,
      0.0141473045853687,
      0.11106843800624082,
      0.23192711455124765,
      0.2857142857142857,
      0.2319271145512476
    ],
    [
      0.2319271145512476,
      0.11106843800624075,
      0.014147304585368696,
      0.01414730458536871,
      0.11106843800624082,
      0.2319271145512476,
      0.28571428571428564
    ]
  ],
  "score": 7.124757133476172e-17
}