{
  "k": 5,
  "M_approx": [
    [
      0.25749999999999995,
      0.22125446417183517,
      0.13375000000000004,
      0.046245535828164826,
      0.009999999999999985,
      0.046245535828164736,
      0.13375,
      0.2212544641718353
    ],
    [
      0.2212544641718352,
      0.2574999999999999,
      0.22125446417183525,
      0.13375000000000006,
      0.04624553582816479,
      0.010000000000000064,
      0.046245535828164715,
      0.13374999999999998
    ],
    [
      0.13375000000000004,
      0.22125446417183525,
      0.25749999999999995,
      0.22125446417183522,
      0.13374999999999998,
      0.046245535828164736,
      0.009999999999999998,
      0.04624553582816472
    ],
    [
      0.04624553582816479,
      0.13375000000000006,
      0.22125446417183522,
      0.2575,
      0.22125446417183522,
      0.13374999999999995,
      0.04624553582816473,
      0.009999999999999976
    ],
    [
      0.009999999999999972,
      0.046245535828164756,
      0.13374999999999995,
      0.22125446417183525,
      0.25750000000000006,
      0.22125446417183536,
      0.13375,
      0.04624553582816475
    ],
    [
      0.04624553582816472,
      0.01000000000000001,
      0.0462455358281647,
      0.13374999999999992,
      0.22125446417183522,
      0.2575,
      0.22125446417183522,
      0.13375000000000004
    ],
    [
      0.13375000000000004,
      0.04624553582816474,
      0.010000000000000007,
      0.046245535828164736,
      0.13375,
      0.22125446417183525,
      0.25750000000000006,
      0.22125446417183525
    ],
    [
      0.22125446417183525,
      0.13374999999999995,
      0.04624553582816474,
      0.010000000000000012,
      0.04624553582816474,
      0.13374999999999998,
      0.2212544641718353,
      0.2575
    ]
  ],
  "A": [
    [
      0.008330152915859609,
      0.22903929753165175,
      0.06598835834044368,
      0.22341770518338858,
      4.305878402102577e-17
    ],
    [
      1.7985336474340413e-13,
      0.05054402567554286,
      0.33489162241108283,
      0.22602988408772992,
      0.0
    ],
    [
      0.41390581996890746,
      6.746267695759924e-16,
      0.6491899070857338,
      0.09623682239516343,
      1.457270721711591e-14
    ],
    [
      0.4340165881151338,
      1.3166912412646904e-14,
      0.6606956962504206,
      2.4190328329391487e-14,
      0.1688379794522366
    ],
    [
      8.455593988083137e-14,
      0.04148538515930371,
      0.3487803385343885,
      0.001306089452199555,
      0.42190276193819015
    ],
    [
      5.181052426449313e-14,
      0.21842644001618494,
      0.07749414750485054,
      1.7900414870470238e-14,
      0.42435485094860653
    ],
    [
      0.41390581996911324,
      0.42342128261765705,
      1.1758838496939166e-15,
      2.3392240136492276e-16,
      0.18067771254247833
    ],
    [
      0.4340165881146334,
      0.4309257061345005,
      1.704317850778781e-14,
      0.0899304646569498,
      3.4177909816689203e-16
    ]
  ],
  "B": [
    [
      0.10655246157518276,
      0.11172960996664417,
      5.358200465767777e-13,
      1.622250395272493e-14,
      0.10655246157535034,
      0.11172960996690308,
      0.002144445078262157,
      2.3051001454825008e-15
    ],
    [
      0.21172132743961272,
      2.1418877396359784e-13,
      0.0028734011120967813,
      1.0051496642516276e-15,
      2.956322541916546e-17,
      0.19784731956597462,
      0.49151969004882456,
      0.49726649227454467
    ],
    [
      1.1125337423410904e-14,
      0.1290420028080586,
      0.3224581197147233,
      0.32433223878485795,
      0.13809105015874623,
      0.0,
      7.265486538631435e-15,
      4.086049188537044e-15
    ],
    [
      0.9315282216395846,
      0.9480379781871296,
      0.5004679292648418,
      0.11119702359076075,
      1.454941153776028e-13,
      6.64139180674266e-17,
      0.09468726704293817,
      0.480538890179359
    ],
    [
      1.4266128428516235e-14,
      3.3850471330574657e-15,
      0.04861330538128049,
      0.2559559514972529,
      0.4961725204532377,
      0.5049663361722849,
      0.2683922849521121,
      0.05922837996771368
    ]
  ],
  "M": [
    [
      0.2575,
      0.22125446417183525,
      0.13375000000000004,
      0.04624553582816476,
      0.01,
      0.04624553582816474,
      0.13374999999999998,
      0.22125446417183525
    ],
    [
      0.22125446417183525,
      0.2575,
      0.22125446417183525,
      0.13375000000000006,
      0.04624553582816476,
      0.01,
      0.04624553582816473,
      0.13374999999999998
    ],
    [
      0.13375000000000004,
      0.22125446417183525,
      0.2575,
      0.22125446417183525,
      0.13374999999999998,
      0.04624553582816473,
      0.01,
      0.04624553582816475
    ],
    [
      0.04624553582816476,
      0.13375000000000006,
      0.22125446417183525,
      0.2575,
      0.22125446417183525,
      0.13374999999999998,
      0.04624553582816475,
      0.01
    ],
    [
      0.01,
      0.04624553582816476,
      0.13374999999999998,
      0.22125446417183525,
      0.2575,
      0.22125446417183525,
      0.13375000000000004,
      0.04624553582816475
    ],
    [
      0.04624553582816474,
      0.01,
      0.04624553582816473,
      0.13374999999999998,
      0.22125446417183525,
      0.2575,
      0.22125446417183525,
      0.13375000000000004
    ],
    [
      0.13374999999999998,
      0.04624553582816473,
      0.01,
      0.04624553582816475,
      0.13375000000000004,
      0.22125446417183525,
      0.2575,
      0.22125446417183525
    ],
    [
      0.22125446417183525,
      0.13374999999999998,
      0.04624553582816475,
      0.01,
      0.04624553582816475,
      0.13375000000000004,
      0.22125446417183525,
      0.2575
    ]
  ],
  "score": 1.0126448291014611e-16
}