{
  "k": 6,
  "M_approx": [
    [
      0.24999999999999997,
      0.21338834764831838,
      0.125,
      0.03661165235168157,
      1.7174969315073697e-17,
      0.03661165235168152,
      0.12499999999999997,
      0.21338834764831843
    ],
    [
      0.21338834764831838,
      0.24999999999999997,
      0.21338834764831846,
      0.12500000000000003,
      0.03661165235168155,
      1.5911160697491778e-17,
      0.036611652351681595,
      0.125
    ],
    [
      0.12499999999999999,
      0.21338834764831843,
      0.24999999999999994,
      0.21338834764831843,
      0.12499999999999999,
      0.03661165235168153,
      1.8625571458799824e-17,
      0.03661165235168156
    ],
    [
      0.03661165235168164,
      0.12500000000000008,
      0.21338834764831843,
      0.25000000000000006,
      0.2133883476483184,
      0.12499999999999999,
      0.03661165235168149,
      3.920887952007468e-17
    ],
    [
      1.164772411488639e-17,
      0.036611652351681546,
      0.12499999999999997,
      0.21338834764831843,
      0.25,
      0.21338834764831846,
      0.12500000000000003,
      0.03661165235168156
    ],
    [
      0.0366116523516816,
      3.197209503232171e-17,
      0.03661165235168152,
      0.12499999999999997,
      0.21338834764831846,
      0.24999999999999997,
      0.2133883476483184,
      0.12499999999999997
    ],
    [
      0.12499999999999994,
      0.03661165235168161,
      6.39831283827895e-17,
      0.03661165235168158,
      0.12499999999999996,
      0.21338834764831843,
      0.24999999999999992,
      0.21338834764831838
    ],
    [
      0.21338834764831843,
      0.12499999999999997,
      0.03661165235168153,
      5.9886507435266106e-18,
      0.036611652351681616,
      0.125,
      0.21338834764831843,
      0.25
    ]
  ],
  "A": [
    [
      1.0998543193956057e-16,
      0.0,
      0.42545555464705037,
      0.2482174238370068,
      5.428419204822982e-17,
      0.2609148577712569
    ],
    [
      0.5185667635415138,
      3.568451794402251e-17,
      0.30084250778441307,
      0.24821742383700784,
      0.0,
      0.0
    ],
    [
      1.0371335270830293,
      0.11741649747263276,
      0.08811473046088784,
      0.0,
      5.4284192048229825e-17,
      0.0
    ],
    [
      0.5185667635415157,
      0.40088499811740935,
      0.0,
      0.24821742383700646,
      0.0,
      2.7942413319896967e-16
    ],
    [
      1.6497814790934087e-16,
      0.5669370012895534,
      0.0,
      0.24821742383700673,
      0.0,
      0.2609148577712571
    ],
    [
      0.0,
      0.4008849981174095,
      0.0,
      2.1676243910991813e-16,
      0.36431225860846606,
      0.2609148577712555
    ],
    [
      0.0,
      0.11741649747263304,
      0.088114730460888,
      0.0,
      0.72862451721693,
      0.0
    ],
    [
      0.0,
      0.0,
      0.300842507784413,
      1.8063536592492204e-17,
      0.36431225860846594,
      0.26091485777125584
    ]
  ],
  "B": [
    [
      0.0706016176232447,
      0.17044738279151664,
      0.2410490004147612,
      0.1704473827915167,
      0.07060161762324475,
      9.226134714840323e-18,
      0.0,
      0.0
    ],
    [
      0.0,
      0.0,
      2.2770548088455573e-16,
      0.3118101215735453,
      0.44096610281451143,
      0.31181012157354543,
      0.0,
      0.0
    ],
    [
      0.5876054437869429,
      0.415499793963878,
      4.227073971307931e-16,
      0.0,
      0.0,
      6.162975822039155e-33,
      0.0,
      0.41549979396387804
    ],
    [
      0.0,
      0.14749831734504967,
      0.35609243816162917,
      0.14749831734504976,
      1.5931662923624312e-17,
      0.0,
      0.14749831734504934,
      0.0
    ],
    [
      0.10049525231877773,
      0.0,
      0.0,
      0.0,
      0.1004952523187778,
      0.2426170011020998,
      0.34311225342087764,
      0.24261700110209972
    ],
    [
      0.0,
      0.0,
      0.14032030473243057,
      1.2740974275016948e-17,
      0.0,
      0.1403203047324304,
      0.33876318276135986,
      0.1403203047324305
    ]
  ],
  "M": [
    [
      0.25,
      0.21338834764831843,
      0.12500000000000003,
      0.036611652351681574,
      0.0,
      0.03661165235168155,
      0.12499999999999997,
      0.21338834764831843
    ],
    [
      0.21338834764831843,
      0.25,
      0.21338834764831843,
      0.12500000000000006,
      0.036611652351681574,
      0.0,
      0.03661165235168154,
      0.12499999999999997
    ],
    [
      0.12500000000000003,
      0.21338834764831843,
      0.25,
      0.21338834764831843,
      0.12499999999999997,
      0.03661165235168154,
      0.0,
      0.03661165235168156
    ],
    [
      0.036611652351681574,
      0.12500000000000006,
      0.21338834764831843,
      0.25,
      0.21338834764831843,
      0.12499999999999997,
      0.03661165235168156,
      0.0
    ],
    [
      0.0,
      0.036611652351681574,
      0.12499999999999997,
      0.21338834764831843,
      0.25,
      0.21338834764831843,
      0.12500000000000003,
      0.03661165235168156
    ],
    [
      0.03661165235168155,
      0.0,
      0.03661165235168154,
      0.12499999999999997,
      0.21338834764831843,
      0.25,
      0.21338834764831843,
      0.12500000000000003
    ],
    [
      0.12499999999999997,
      0.03661165235168154,
      0.0,
      0.03661165235168156,
      0.12500000000000003,
      0.21338834764831843,
      0.25,
      0.21338834764831843
    ],
    [
      0.21338834764831843,
      0.12499999999999997,
      0.03661165235168156,
      0.0,
      0.03661165235168156,
      0.12500000000000003,
      0.21338834764831843,
      0.25
    ]
  ],
  "score": 1.0472235543083104e-16
}