{
  "k": 3,
  "M_approx": [
    [
      0.32499999999999996,
      0.2920495128834866,
      0.2125,
      0.1329504871165134,
      0.09999999999999995,
      0.13295048711651342,
      0.21249999999999988,
      0.2920495128834866
    ],
    [
      0.2920495128834866,
      0.32500000000000007,
      0.2920495128834866,
      0.21250000000000008,
      0.13295048711651342,
      0.10000000000000003,
      0.13295048711651336,
      0.2124999999999999
    ],
    [
      0.21250000000000005,
      0.2920495128834867,
      0.32499999999999996,
      0.29204951288348663,
      0.21249999999999994,
      0.13295048711651336,
      0.09999999999999999,
      0.1329504871165134
    ],
    [
      0.13295048711651344,
      0.21250000000000005,
      0.2920495128834865,
      0.325,
      0.2920495128834866,
      0.21249999999999997,
      0.13295048711651342,
      0.09999999999999999
    ],
    [
      0.10000000000000002,
      0.13295048711651342,
      0.21249999999999997,
      0.2920495128834866,
      0.32499999999999996,
      0.2920495128834866,
      0.21250000000000002,
      0.13295048711651342
    ],
    [
      0.13295048711651342,
      0.09999999999999995,
      0.13295048711651336,
      0.21249999999999994,
      0.2920495128834866,
      0.32500000000000007,
      0.29204951288348663,
      0.21250000000000005
    ],
    [
      0.21249999999999997,
      0.1329504871165134,
      0.10000000000000005,
      0.1329504871165134,
      0.2125,
      0.29204951288348663,
      0.32499999999999996,
      0.2920495128834866
    ],
    [
      0.2920495128834866,
      0.2125,
      0.13295048711651344,
      0.09999999999999998,
      0.1329504871165134,
      0.21250000000000002,
      0.2920495128834865,
      0.32499999999999996
    ]
  ],
  "A": [
    [
      0.4377167474569138,
      0.31980051156508893,
      0.07280073326844456
    ],
    [
      0.815245306496094,
      0.22831438330820672,
      1.6067044480824876e-15
    ],
    [
      1.011465652260782,
      0.09675218700471448,
      0.12096524511011077
    ],
    [
      0.9114345674155623,
      0.002181272953606354,
      0.36483666858905617
    ],
    [
      0.5737489048038704,
      1.2868999843193825e-15,
      0.5887576980381038
    ],
    [
      0.1962203457646903,
      0.0914861282568835,
      0.661558431306547
    ],
    [
      2.336554424641689e-15,
      0.22304832456037577,
      0.5405931861964376
    ],
    [
      0.10003108484522208,
      0.3176192386114839,
      0.29672176271749223
    ]
  ],
  "B": [
    [
      0.12441505033588457,
      0.2317224242231187,
      0.2874953968979244,
      0.25906291738126486,
      0.16308034656210363,
      0.05577297267486954,
      6.375068356890217e-14,
      0.028432479516723348
    ],
    [
      0.8349045919825302,
      0.596061357459445,
      0.2525913570910316,
      0.005694658824814468,
      6.062463430940788e-15,
      0.23884323452309159,
      0.5823132348915047,
      0.8292099331577218
    ],
    [
      0.0486057358129264,
      7.372735608304579e-16,
      0.08076298798658609,
      0.24358483674791587,
      0.3930867155302643,
      0.4416924513431899,
      0.36092946335660464,
      0.1981076145952748
    ]
  ],
  "M": [
    [
      0.325,
      0.2920495128834866,
      0.21250000000000002,
      0.13295048711651342,
      0.1,
      0.13295048711651342,
      0.21249999999999997,
      0.2920495128834866
    ],
    [
      0.2920495128834866,
      0.325,
      0.2920495128834866,
      0.21250000000000008,
      0.13295048711651342,
      0.1,
      0.1329504871165134,
      0.21249999999999997
    ],
    [
      0.21250000000000002,
      0.2920495128834866,
      0.325,
      0.2920495128834866,
      0.21249999999999997,
      0.1329504871165134,
      0.1,
      0.13295048711651342
    ],
    [
      0.13295048711651342,
      0.21250000000000008,
      0.2920495128834866,
      0.325,
      0.2920495128834866,
      0.21249999999999997,
      0.13295048711651342,
      0.1
    ],
    [
      0.1,
      0.13295048711651342,
      0.21249999999999997,
      0.2920495128834866,
      0.325,
      0.2920495128834866,
      0.21250000000000002,
      0.13295048711651342
    ],
    [
      0.13295048711651342,
      0.1,
      0.1329504871165134,
      0.21249999999999997,
      0.2920495128834866,
      0.325,
      0.2920495128834866,
      0.21250000000000002
    ],
    [
      0.21249999999999997,
      0.1329504871165134,
      0.1,
      0.13295048711651342,
      0.21250000000000002,
      0.2920495128834866,
      0.325,
      0.2920495128834866
    ],
    [
      0.2920495128834866,
      0.21249999999999997,
      0.13295048711651342,
      0.1,
      0.13295048711651342,
      0.21250000000000002,
      0.2920495128834866,
      0.325
    ]
  ],
  "score": 1.0234868508263162e-16
}