{
  "k": 4,
  "M_approx": [
    [
      0.28750000000000003,
      0.25271893026590253,
      0.16874999999999996,
      0.08478106973409748,
      0.04999999999999996,
      0.08478106973409748,
      0.16874999999999998,
      0.25271893026590253
    ],
    [
      0.25271893026590253,
      0.28750000000000003,
      0.25271893026590253,
      0.16875000000000007,
      0.08478106973409746,
      0.049999999999999996,
      0.08478106973409746,
      0.16874999999999993
    ],
    [
      0.16874999999999998,
      0.25271893026590253,
      0.2875,
      0.25271893026590253,
      0.16874999999999998,
      0.0847810697340975,
      0.05000000000000004,
      0.08478106973409744
    ],
    [
      0.0847810697340975,
      0.16875000000000007,
      0.2527189302659026,
      0.2875000000000001,
      0.25271893026590253,
      0.16874999999999998,
      0.0847810697340975,
      0.049999999999999996
    ],
    [
      0.05,
      0.0847810697340975,
      0.16875,
      0.25271893026590253,
      0.2875,
      0.2527189302659025,
      0.16875,
      0.0847810697340975
    ],
    [
      0.08478106973409748,
      0.050000000000000024,
      0.08478106973409748,
      0.16875,
      0.25271893026590253,
      0.2875,
      0.2527189302659025,
      0.16875000000000004
    ],
    [
      0.16874999999999998,
      0.08478106973409749,
      0.04999999999999999,
      0.0847810697340975,
      0.1687500000000001,
      0.2527189302659026,
      0.2875,
      0.25271893026590253
    ],
    [
      0.25271893026590253,
      0.16874999999999996,
      0.08478106973409745,
      0.05,
      0.08478106973409749,
      0.16875,
      0.25271893026590253,
      0.28750000000000003
    ]
  ],
  "A": [
    [
      0.4821224992171492,
      0.15418674524507983,
      0.318291475077545,
      0.007815533707841108
    ],
    [
      0.24843151147598388,
      0.3295672924400733,
      0.32019729524282425,
      3.0704104194043233e-15
    ],
    [
      0.04872983357536829,
      0.4410815986163913,
      0.2283194989490718,
      0.061827386423275635
    ],
    [
      8.194701526191476e-13,
      0.4234060956145729,
      0.09647885318421559,
      0.15708004853698784
    ],
    [
      0.13078728636812434,
      0.28689485337131637,
      0.001905820165281304,
      0.22996026872706904
    ],
    [
      0.36447827410928946,
      0.11151430617632292,
      2.1660854657111728e-15,
      0.23777580243490712
    ],
    [
      0.564179952009905,
      4.768839493457894e-15,
      0.09187779629375455,
      0.17594841601163472
    ],
    [
      0.6129097855844541,
      0.01767550300182348,
      0.2237184420586107,
      0.08069575389792236
    ]
  ],
  "B": [
    [
      0.20964445824629768,
      0.05572023893659162,
      7.136989054872787e-15,
      1.9397034191759722e-14,
      0.008331704714647212,
      0.14717749833074809,
      0.34126536215310843,
      0.35611007701421565
    ],
    [
      0.07505960179381747,
      0.26625447888701886,
      0.48141711216929894,
      0.4998252198390643,
      0.25096911506645775,
      0.04077003981423025,
      1.8464622182536797e-16,
      0.0003015314243611205
    ],
    [
      0.5493470854055708,
      0.5806063070375309,
      0.2937551237046352,
      0.012567113039844167,
      4.045220157809151e-13,
      5.788254623687683e-13,
      0.0,
      0.25041329708800353
    ],
    [
      3.1639920518663204e-16,
      3.4883012371826185e-14,
      0.13077939037820577,
      0.47528947959769596,
      0.9323722426864217,
      0.9643982035589874,
      0.539731624247966,
      0.16369196642711034
    ]
  ],
  "M": [
    [
      0.2875,
      0.25271893026590253,
      0.16875,
      0.08478106973409749,
      0.05,
      0.08478106973409748,
      0.16874999999999996,
      0.25271893026590253
    ],
    [
      0.25271893026590253,
      0.2875,
      0.25271893026590253,
      0.16875000000000007,
      0.08478106973409749,
      0.05,
      0.08478106973409746,
      0.16874999999999996
    ],
    [
      0.16875,
      0.25271893026590253,
      0.2875,
      0.25271893026590253,
      0.16874999999999996,
      0.08478106973409746,
      0.05,
      0.08478106973409749
    ],
    [
      0.08478106973409749,
      0.16875000000000007,
      0.25271893026590253,
      0.2875,
      0.25271893026590253,
      0.16874999999999996,
      0.08478106973409749,
      0.05
    ],
    [
      0.05,
      0.08478106973409749,
      0.16874999999999996,
      0.25271893026590253,
      0.2875,
      0.25271893026590253,
      0.16875,
      0.08478106973409749
    ],
    [
      0.08478106973409748,
      0.05,
      0.08478106973409746,
      0.16874999999999996,
      0.25271893026590253,
      0.2875,
      0.25271893026590253,
      0.16875
    ],
    [
      0.16874999999999996,
      0.08478106973409746,
      0.05,
      0.08478106973409749,
      0.16875,
      0.25271893026590253,
      0.2875,
      0.25271893026590253
    ],
    [
      0.25271893026590253,
      0.16874999999999996,
      0.08478106973409749,
      0.05,
      0.08478106973409749,
      0.16875,
      0.25271893026590253,
      0.2875
    ]
  ],
  "score": 8.500145032286355e-17
}