{
  "k": 7,
  "M_approx": [
    [
      0.25000000000000006,
      0.21338834764831846,
      0.12500000000000006,
      0.03661165235168157,
      3.5317077761567734e-17,
      0.03661165235168159,
      0.12499999999999997,
      0.21338834764831843
    ],
    [
      0.21338834764831843,
      0.24999999999999994,
      0.21338834764831843,
      0.12500000000000003,
      0.03661165235168159,
      4.243768823208776e-18,
      0.03661165235168151,
      0.12499999999999994
    ],
    [
      0.12500000000000003,
      0.21338834764831846,
      0.24999999999999997,
      0.21338834764831846,
      0.125,
      0.03661165235168155,
      7.113521271597447e-17,
      0.03661165235168156
    ],
    [
      0.03661165235168162,
      0.125,
      0.21338834764831843,
      0.24999999999999997,
      0.2133883476483184,
      0.12499999999999997,
      0.036611652351681595,
      6.131358452915695e-17
    ],
    [
      3.254026485087468e-17,
      0.0366116523516816,
      0.12499999999999997,
      0.2133883476483184,
      0.25,
      0.21338834764831843,
      0.12499999999999996,
      0.03661165235168157
    ],
    [
      0.03661165235168157,
      4.171296990456021e-17,
      0.036611652351681546,
      0.12500000000000003,
      0.21338834764831846,
      0.25000000000000006,
      0.21338834764831843,
      0.125
    ],
    [
      0.12499999999999999,
      0.03661165235168155,
      3.3331370596211153e-17,
      0.03661165235168161,
      0.125,
      0.2133883476483185,
      0.24999999999999997,
      0.21338834764831843
    ],
    [
      0.21338834764831846,
      0.125,
      0.03661165235168158,
      3.6524586109938215e-17,
      0.0366116523516816,
      0.12500000000000006,
      0.21338834764831846,
      0.25
    ]
  ],
  "A": [
    [
      0.0,
      1.677202161735334e-16,
      0.9128337847018867,
      0.0,
      0.0,
      0.1498167401491703,
      0.2592257538613519
    ],
    [
      0.0,
      0.17386812941744673,
      0.3781081338158837,
      0.0,
      0.0,
      0.0,
      0.4820091226587502
    ],
    [
      0.28013584946708925,
      0.3001255181934427,
      7.346514238218396e-16,
      0.0,
      0.0,
      0.0,
      0.374634299692988
    ],
    [
      0.6763077670903553,
      0.30481230033282114,
      0.0,
      8.368511194745716e-17,
      1.460370544653126e-16,
      0.1498167401491695,
      0.0
    ],
    [
      0.6687248981262816,
      2.7091574254443013e-16,
      0.0,
      0.0,
      0.5095121780418475,
      0.14846740549515108,
      0.0
    ],
    [
      0.2769949223004719,
      0.0,
      0.0,
      0.2953979203561175,
      0.4986228591126245,
      0.0,
      0.0
    ],
    [
      0.0,
      0.0,
      0.3764234406248508,
      0.3815467328878353,
      0.2875760047734354,
      0.0,
      0.0
    ],
    [
      0.0,
      0.0,
      0.9087665755516586,
      0.2079816315964097,
      0.0,
      0.14846740549515128,
      1.8687628634832677e-16
    ]
  ],
  "B": [
    [
      0.0,
      1.5059109949788833e-16,
      0.13217445304635156,
      0.2220969048236309,
      0.22061494408531165,
      0.1306924923080319,
      0.0,
      0.0
    ],
    [
      0.12011212248228094,
      0.2888846852680197,
      0.28559655825754743,
      0.3273953777852366,
      0.21057138231342706,
      2.4407974235575667e-17,
      0.0,
      0.0
    ],
    [
      0.20644584128059298,
      0.09726188223269888,
      4.2837469542408896e-17,
      0.0,
      0.0,
      0.0,
      0.09682852358185244,
      0.2060124826297468
    ],
    [
      0.1239401154467991,
      0.0,
      0.0,
      0.0,
      0.17603310480190315,
      0.4265669631637325,
      0.42846050469474345,
      0.3018667617797128
    ],
    [
      0.0,
      0.0,
      5.983233175852495e-17,
      0.12731122118664184,
      0.20111255119597662,
      0.17606864152383542,
      0.17412359666235866,
      0.0718562851478587
    ],
    [
      0.0,
      0.2465972395057254,
      0.24659723950572543,
      6.823843723510392e-17,
      0.0,
      0.24437624470555103,
      0.24437624470555191,
      1.705960930877597e-16
    ],
    [
      0.23743497878220554,
      0.3381609262363959,
      0.3396869490620324,
      0.14123462582835583,
      0.0,
      0.0,
      0.0,
      0.09772637577948569
    ]
  ],
  "M": [
    [
      0.25,
      0.21338834764831843,
      0.12500000000000003,
      0.036611652351681574,
      0.0,
      0.03661165235168155,
      0.12499999999999997,
      0.21338834764831843
    ],
    [
      0.21338834764831843,
      0.25,
      0.21338834764831843,
      0.12500000000000006,
      0.036611652351681574,
      0.0,
      0.03661165235168154,
      0.12499999999999997
    ],
    [
      0.12500000000000003,
      0.21338834764831843,
      0.25,
      0.21338834764831843,
      0.12499999999999997,
      0.03661165235168154,
      0.0,
      0.03661165235168156
    ],
    [
      0.036611652351681574,
      0.12500000000000006,
      0.21338834764831843,
      0.25,
      0.21338834764831843,
      0.12499999999999997,
      0.03661165235168156,
      0.0
    ],
    [
      0.0,
      0.036611652351681574,
      0.12499999999999997,
      0.21338834764831843,
      0.25,
      0.21338834764831843,
      0.12500000000000003,
      0.03661165235168156
    ],
    [
      0.03661165235168155,
      0.0,
      0.03661165235168154,
      0.12499999999999997,
      0.21338834764831843,
      0.25,
      0.21338834764831843,
      0.12500000000000003
    ],
    [
      0.12499999999999997,
      0.03661165235168154,
      0.0,
      0.03661165235168156,
      0.12500000000000003,
      0.21338834764831843,
      0.25,
      0.21338834764831843
    ],
    [
      0.21338834764831843,
      0.12499999999999997,
      0.03661165235168156,
      0.0,
      0.03661165235168156,
      0.12500000000000003,
      0.21338834764831843,
      0.25
    ]
  ],
  "score": 1.0128943057662819e-16
}