{
  "k": 3,
  "M_approx": [
    [
      0.6250000000000001,
      0.6066941738241595,
      0.5624999999999999,
      0.5183058261758408,
      0.4999999999999999,
      0.5183058261758408,
      0.5625,
      0.6066941738241594
    ],
    [
      0.6066941738241592,
      0.6249999999999999,
      0.6066941738241591,
      0.5625,
      0.5183058261758409,
      0.5,
      0.5183058261758406,
      0.5625
    ],
    [
      0.5625,
      0.6066941738241592,
      0.6249999999999999,
      0.6066941738241592,
      0.5625000000000002,
      0.518305826175841,
      0.5000000000000001,
      0.5183058261758408
    ],
    [
      0.5183058261758409,
      0.5625,
      0.6066941738241592,
      0.6249999999999999,
      0.6066941738241592,
      0.5625000000000001,
      0.5183058261758409,
      0.5
    ],
    [
      0.5000000000000001,
      0.5183058261758408,
      0.5625000000000001,
      0.6066941738241592,
      0.6250000000000001,
      0.6066941738241594,
      0.5625000000000001,
      0.5183058261758408
    ],
    [
      0.5183058261758409,
      0.5000000000000001,
      0.5183058261758411,
      0.5625000000000001,
      0.6066941738241592,
      0.625,
      0.6066941738241592,
      0.5625
    ],
    [
      0.5625000000000001,
      0.5183058261758408,
      0.5,
      0.5183058261758408,
      0.5625,
      0.6066941738241594,
      0.6250000000000001,
      0.6066941738241594
    ],
    [
      0.6066941738241594,
      0.5625000000000001,
      0.5183058261758408,
      0.5000000000000001,
      0.5183058261758409,
      0.5625,
      0.6066941738241591,
      0.625
    ]
  ],
  "A": [
    [
      1.1814747788887647,
      0.08102259179654986,
      0.4646732436568203
    ],
    [
      1.1964555797358987,
      0.2015640151716671,
      0.31986651656992693
    ],
    [
      1.105788277975697,
      0.392856596299637,
      0.24257191640130685
    ],
    [
      0.9625845493155116,
      0.5428437355370502,
      0.27806757163153156
    ],
    [
      0.8507311958220822,
      0.5636650009001726,
      0.40556060883205536
    ],
    [
      0.8357503949749481,
      0.44312357752505604,
      0.5503673359189483
    ],
    [
      0.9264176967351494,
      0.25183099639708606,
      0.627661936087569
    ],
    [
      1.0696214253953351,
      0.10184385715967277,
      0.5921662808573438
    ]
  ],
  "B": [
    [
      0.4350608280950258,
      0.4826352594838734,
      0.4543161663509621,
      0.3666924893794449,
      0.2710929901542371,
      0.22351855876538934,
      0.2518376518983003,
      0.3394613288698179
    ],
    [
      0.06696943478165115,
      0.15393053987256863,
      0.31146438913530833,
      0.44728979020459486,
      0.4818420652488068,
      0.3948809601578892,
      0.23734711089515004,
      0.10152170982586263
    ],
    [
      0.22717160625686472,
      0.05165121162460642,
      0.0010787273889263946,
      0.10507882893218626,
      0.30272966725852335,
      0.4782500618907819,
      0.5288225461264623,
      0.42482244458320223
    ]
  ],
  "M": [
    [
      0.625,
      0.6066941738241592,
      0.5625,
      0.5183058261758408,
      0.5,
      0.5183058261758408,
      0.5625,
      0.6066941738241592
    ],
    [
      0.6066941738241592,
      0.625,
      0.6066941738241592,
      0.5625,
      0.5183058261758408,
      0.5,
      0.5183058261758408,
      0.5625
    ],
    [
      0.5625,
      0.6066941738241592,
      0.625,
      0.6066941738241592,
      0.5625,
      0.5183058261758408,
      0.5,
      0.5183058261758408
    ],
    [
      0.5183058261758408,
      0.5625,
      0.6066941738241592,
      0.625,
      0.6066941738241592,
      0.5625,
      0.5183058261758408,
      0.5
    ],
    [
      0.5,
      0.5183058261758408,
      0.5625,
      0.6066941738241592,
      0.625,
      0.6066941738241592,
      0.5625,
      0.5183058261758408
    ],
    [
      0.5183058261758408,
      0.5,
      0.5183058261758408,
      0.5625,
      0.6066941738241592,
      0.625,
      0.6066941738241592,
      0.5625
    ],
    [
      0.5625,
      0.5183058261758408,
      0.5,
      0.5183058261758408,
      0.5625,
      0.6066941738241592,
      0.625,
      0.6066941738241592
    ],
    [
      0.6066941738241592,
      0.5625,
      0.5183058261758408,
      0.5,
      0.5183058261758408,
      0.5625,
      0.6066941738241592,
      0.625
    ]
  ],
  "score": 2.7755575615628914e-16
}