{
  "k": 7,
  "M_approx": [
    [
      0.24999999999999997,
      0.21338834764831843,
      0.12499999999999997,
      0.03661165235168158,
      5.655511524417682e-17,
      0.03661165235168158,
      0.12499999999999994,
      0.21338834764831843
    ],
    [
      0.21338834764831846,
      0.25,
      0.2133883476483185,
      0.12500000000000006,
      0.036611652351681595,
      3.08290320659462e-17,
      0.03661165235168153,
      0.12499999999999996
    ],
    [
      0.12500000000000003,
      0.21338834764831843,
      0.25,
      0.2133883476483184,
      0.12499999999999994,
      0.03661165235168151,
      3.9924707078446266e-17,
      0.036611652351681595
    ],
    [
      0.03661165235168158,
      0.12500000000000006,
      0.2133883476483185,
      0.25,
      0.21338834764831843,
      0.12499999999999992,
      0.036611652351681574,
      4.570057565271818e-17
    ],
    [
      1.0557728725784476e-16,
      0.036611652351681616,
      0.12499999999999993,
      0.21338834764831846,
      0.25000000000000006,
      0.21338834764831846,
      0.12499999999999997,
      0.03661165235168159
    ],
    [
      0.036611652351681484,
      7.746645510679583e-17,
      0.036611652351681526,
      0.12499999999999996,
      0.2133883476483184,
      0.24999999999999994,
      0.2133883476483184,
      0.12500000000000003
    ],
    [
      0.12499999999999996,
      0.0366116523516816,
      3.846493971781846e-17,
      0.036611652351681595,
      0.12500000000000003,
      0.21338834764831846,
      0.25,
      0.21338834764831843
    ],
    [
      0.21338834764831843,
      0.12499999999999994,
      0.036611652351681574,
      2.0738170920784754e-17,
      0.03661165235168156,
      0.125,
      0.21338834764831843,
      0.25
    ]
  ],
  "A": [
    [
      0.3144173897124812,
      0.4440697505887513,
      0.0,
      0.26123915580828183,
      0.0,
      5.865101674152555e-16,
      0.0
    ],
    [
      0.0,
      0.18393971333349832,
      0.0,
      0.3694479571669685,
      2.606368663168649e-17,
      0.37968460071955873,
      9.023817087029713e-18
    ],
    [
      1.2872904781350153e-17,
      0.0,
      0.2506873399226893,
      0.26123915580828,
      0.0,
      0.5116921034189511,
      7.219053669623771e-17
    ],
    [
      0.3144173897124813,
      0.0,
      0.6052127759565915,
      1.4721627555845777e-16,
      0.0,
      0.318694303351876,
      5.414290252217828e-17
    ],
    [
      0.0,
      2.9191159621071695e-16,
      0.4168913692996245,
      0.0,
      0.0,
      0.24321454753804292,
      0.5186364549140838
    ],
    [
      0.0,
      0.18393971333349882,
      0.23504799246591665,
      8.061786396117287e-18,
      5.734011058971047e-16,
      5.3319106128659564e-17,
      0.7334627084805992
    ],
    [
      0.0,
      0.21423633520115368,
      0.0,
      0.0,
      0.32182257661579544,
      0.0,
      0.5186364549140846
    ],
    [
      0.2848315678608751,
      0.2813492310454915,
      0.0,
      3.888741120597555e-17,
      0.48540848234138095,
      0.0,
      2.1657161008871312e-16
    ]
  ],
  "B": [
    [
      0.11644283538248619,
      0.24498073806876505,
      0.12853790268627943,
      0.0,
      0.0,
      0.1164428353824866,
      0.11644283538248641,
      6.757490092972031e-17
    ],
    [
      0.19904158644251652,
      0.0,
      0.0,
      0.0,
      0.0,
      0.0,
      0.19904158644251813,
      0.3980831728850357
    ],
    [
      1.5824807784669484e-17,
      0.0,
      0.15576245501007785,
      0.31152491002015653,
      0.30180753396369603,
      0.1460450789536173,
      4.2170662845267785e-17,
      0.0
    ],
    [
      0.4784887610482703,
      0.5219820246049701,
      0.3237854903356773,
      0.14014611338948754,
      0.0,
      0.0,
      4.002072284894682e-17,
      0.14014611338948899
    ],
    [
      0.25591138084216475,
      0.11376346786070898,
      0.0,
      0.0,
      0.07542441816237784,
      0.18918788602308637,
      0.25591138084216364,
      0.2842958259629105
    ],
    [
      1.3241328240987187e-16,
      0.15053232926354837,
      0.24695881662252278,
      0.1928529747179488,
      0.09642648735897393,
      6.122100626894436e-17,
      0.0,
      0.0
    ],
    [
      1.6722074989762835e-17,
      0.0,
      7.416551488689784e-17,
      0.07059213058547252,
      0.19421449929492982,
      0.29404684776571777,
      0.2410166096417328,
      0.0705921305854724
    ]
  ],
  "M": [
    [
      0.25,
      0.21338834764831843,
      0.12500000000000003,
      0.036611652351681574,
      0.0,
      0.03661165235168155,
      0.12499999999999997,
      0.21338834764831843
    ],
    [
      0.21338834764831843,
      0.25,
      0.21338834764831843,
      0.12500000000000006,
      0.036611652351681574,
      0.0,
      0.03661165235168154,
      0.12499999999999997
    ],
    [
      0.12500000000000003,
      0.21338834764831843,
      0.25,
      0.21338834764831843,
      0.12499999999999997,
      0.03661165235168154,
      0.0,
      0.03661165235168156
    ],
    [
      0.036611652351681574,
      0.12500000000000006,
      0.21338834764831843,
      0.25,
      0.21338834764831843,
      0.12499999999999997,
      0.03661165235168156,
      0.0
    ],
    [
      0.0,
      0.036611652351681574,
      0.12499999999999997,
      0.21338834764831843,
      0.25,
      0.21338834764831843,
      0.12500000000000003,
      0.03661165235168156
    ],
    [
      0.03661165235168155,
      0.0,
      0.03661165235168154,
      0.12499999999999997,
      0.21338834764831843,
      0.25,
      0.21338834764831843,
      0.12500000000000003
    ],
    [
      0.12499999999999997,
      0.03661165235168154,
      0.0,
      0.03661165235168156,
      0.12500000000000003,
      0.21338834764831843,
      0.25,
      0.21338834764831843
    ],
    [
      0.21338834764831843,
      0.12499999999999997,
      0.03661165235168156,
      0.0,
      0.03661165235168156,
      0.12500000000000003,
      0.21338834764831843,
      0.25
    ]
  ],
  "score": 1.0184766976426851e-16
}