{
  "k": 3,
  "M_approx": [
    [
      0.3,
      0.2766044443118978,
      0.21736481776669306,
      0.15000000000000005,
      0.10603073792140916,
      0.10603073792140916,
      0.14999999999999994,
      0.21736481776669297,
      0.27660444431189773
    ],
    [
      0.27660444431189773,
      0.3,
      0.2766044443118978,
      0.21736481776669309,
      0.15,
      0.10603073792140917,
      0.10603073792140914,
      0.14999999999999997,
      0.21736481776669303
    ],
    [
      0.217364817766693,
      0.2766044443118978,
      0.29999999999999993,
      0.2766044443118978,
      0.21736481776669295,
      0.14999999999999994,
      0.10603073792140916,
      0.10603073792140912,
      0.15000000000000002
    ],
    [
      0.15000000000000002,
      0.21736481776669303,
      0.27660444431189773,
      0.3,
      0.27660444431189773,
      0.21736481776669297,
      0.15000000000000005,
      0.10603073792140913,
      0.10603073792140918
    ],
    [
      0.1060307379214092,
      0.15,
      0.21736481776669297,
      0.2766044443118978,
      0.29999999999999993,
      0.2766044443118978,
      0.21736481776669314,
      0.15,
      0.1060307379214092
    ],
    [
      0.1060307379214092,
      0.10603073792140916,
      0.14999999999999997,
      0.217364817766693,
      0.27660444431189773,
      0.3,
      0.2766044443118979,
      0.21736481776669306,
      0.15
    ],
    [
      0.14999999999999997,
      0.10603073792140914,
      0.10603073792140921,
      0.15000000000000008,
      0.21736481776669314,
      0.27660444431189785,
      0.3,
      0.27660444431189773,
      0.21736481776669297
    ],
    [
      0.217364817766693,
      0.14999999999999994,
      0.10603073792140914,
      0.10603073792140916,
      0.15000000000000002,
      0.2173648177666931,
      0.27660444431189785,
      0.30000000000000004,
      0.2766044443118978
    ],
    [
      0.2766044443118977,
      0.21736481776669295,
      0.14999999999999994,
      0.10603073792140914,
      0.10603073792140916,
      0.15000000000000002,
      0.21736481776669297,
      0.27660444431189773,
      0.29999999999999993
    ]
  ],
  "A": [
    [
      0.16937306714516365,
      0.913936002289638,
      0.14005273573386365
    ],
    [
      0.014772823895027603,
      0.7528879576186742,
      0.28217436583918865
    ],
    [
      0.07603685862298787,
      0.4536972741973904,
      0.3884779754646257
    ],
    [
      0.32449904860592815,
      0.15635859793266674,
      0.40922292423341117
    ],
    [
      0.6439011738011744,
      6.176936998131942e-14,
      0.3347024200622059
    ],
    [
      0.884791430070655,
      0.05778340610449227,
      0.19978543505586774
    ],
    [
      0.9344545893088931,
      0.3026713183386695,
      0.06760112593412945
    ],
    [
      0.7696527073637833,
      0.6200779609422385,
      9.457991709453785e-15
    ],
    [
      0.4674984163663422,
      0.8614852382590916,
      0.028613375380910522
    ]
  ],
  "B": [
    [
      0.052446231859405765,
      0.005870797967156834,
      0.02419565007573395,
      0.09884638622548803,
      0.19489309732143117,
      0.26739445980147936,
      0.2824262803983276,
      0.23295500319463333,
      0.14212878860600803
    ],
    [
      0.28544706403709524,
      0.23461811838808386,
      0.14096371075883204,
      0.04830577933186745,
      6.81924861365121e-14,
      0.018649183771720014,
      0.09552717029747615,
      0.19466189527828687,
      0.2696671191358869
    ],
    [
      0.21589490644328688,
      0.4368650405055574,
      0.6028794480916333,
      0.6362581428473681,
      0.5213828625336823,
      0.3120050275058799,
      0.10609485374890545,
      3.2045108984810674e-13,
      0.04336342744204697
    ]
  ],
  "M": [
    [
      0.3,
      0.2766044443118978,
      0.21736481776669306,
      0.15000000000000002,
      0.10603073792140917,
      0.10603073792140916,
      0.14999999999999997,
      0.21736481776669297,
      0.2766044443118978
    ],
    [
      0.2766044443118978,
      0.3,
      0.2766044443118978,
      0.21736481776669306,
      0.15,
      0.10603073792140917,
      0.10603073792140914,
      0.15,
      0.21736481776669297
    ],
    [
      0.21736481776669306,
      0.2766044443118978,
      0.3,
      0.2766044443118978,
      0.21736481776669303,
      0.15,
      0.10603073792140917,
      0.10603073792140916,
      0.15
    ],
    [
      0.15000000000000002,
      0.21736481776669306,
      0.2766044443118978,
      0.3,
      0.2766044443118978,
      0.21736481776669303,
      0.15000000000000005,
      0.10603073792140917,
      0.10603073792140916
    ],
    [
      0.10603073792140917,
      0.15,
      0.21736481776669303,
      0.2766044443118978,
      0.29999999999999993,
      0.2766044443118978,
      0.2173648177666931,
      0.15000000000000002,
      0.10603073792140917
    ],
    [
      0.10603073792140916,
      0.10603073792140917,
      0.15,
      0.21736481776669303,
      0.2766044443118978,
      0.29999999999999993,
      0.2766044443118979,
      0.21736481776669306,
      0.15000000000000002
    ],
    [
      0.14999999999999997,
      0.10603073792140914,
      0.10603073792140917,
      0.15000000000000005,
      0.2173648177666931,
      0.2766044443118979,
      0.3,
      0.2766044443118978,
      0.21736481776669297
    ],
    [
      0.21736481776669297,
      0.15,
      0.10603073792140916,
      0.10603073792140917,
      0.15000000000000002,
      0.21736481776669306,
      0.2766044443118978,
      0.3,
      0.2766044443118978
    ],
    [
      0.2766044443118978,
      0.21736481776669297,
      0.15,
      0.10603073792140916,
      0.10603073792140917,
      0.15000000000000002,
      0.21736481776669297,
      0.2766044443118978,
      0.29999999999999993
    ]
  ],
  "score": 1.148772435202419e-16
}