{
  "k": 3,
  "M_approx": [
    [
      0.6111111111111112,
      0.5981135801732766,
      0.5652026765370517,
      0.5277777777777778,
      0.5033504099563385,
      0.5033504099563385,
      0.5277777777777778,
      0.5652026765370518,
      0.5981135801732766
    ],
    [
      0.5981135801732764,
      0.611111111111111,
      0.5981135801732763,
      0.5652026765370515,
      0.5277777777777776,
      0.5033504099563383,
      0.5033504099563383,
      0.5277777777777778,
      0.5652026765370517
    ],
    [
      0.5652026765370517,
      0.5981135801732765,
      0.611111111111111,
      0.5981135801732764,
      0.5652026765370516,
      0.5277777777777777,
      0.5033504099563384,
      0.5033504099563384,
      0.5277777777777779
    ],
    [
      0.5277777777777778,
      0.5652026765370517,
      0.5981135801732764,
      0.6111111111111109,
      0.5981135801732764,
      0.5652026765370516,
      0.5277777777777779,
      0.5033504099563384,
      0.5033504099563385
    ],
    [
      0.5033504099563383,
      0.5277777777777779,
      0.5652026765370517,
      0.5981135801732766,
      0.6111111111111112,
      0.5981135801732764,
      0.5652026765370518,
      0.5277777777777777,
      0.5033504099563384
    ],
    [
      0.5033504099563383,
      0.5033504099563384,
      0.5277777777777777,
      0.5652026765370517,
      0.5981135801732764,
      0.6111111111111112,
      0.5981135801732768,
      0.5652026765370517,
      0.5277777777777778
    ],
    [
      0.5277777777777777,
      0.5033504099563386,
      0.5033504099563385,
      0.5277777777777779,
      0.5652026765370517,
      0.5981135801732764,
      0.6111111111111112,
      0.5981135801732766,
      0.5652026765370518
    ],
    [
      0.5652026765370516,
      0.5277777777777778,
      0.5033504099563383,
      0.5033504099563384,
      0.5277777777777777,
      0.5652026765370517,
      0.5981135801732765,
      0.6111111111111112,
      0.5981135801732765
    ],
    [
      0.5981135801732765,
      0.5652026765370518,
      0.5277777777777778,
      0.5033504099563386,
      0.5033504099563385,
      0.5277777777777778,
      0.5652026765370517,
      0.5981135801732766,
      0.6111111111111112
    ]
  ],
  "A": [
    [
      0.2423772937499316,
      0.39485943227325865,
      0.5547555195790727
    ],
    [
      0.24407805673817976,
      0.33299474585084643,
      0.6290034293549625
    ],
    [
      0.321519254615665,
      0.2895233614916245,
      0.5517124436041869
    ],
    [
      0.43846529023246594,
      0.2847860230678943,
      0.35904787355315765
    ],
    [
      0.5401958138130699,
      0.3209993838777708,
      0.1411596127569372
    ],
    [
      0.5791099827652807,
      0.3812188099316386,
      3.5883998427955773e-13
    ],
    [
      0.5369994249535444,
      0.4372669625145208,
      0.0016191869065738738
    ],
    [
      0.4335681383846923,
      0.4629182881270563,
      0.14525953792690402
    ],
    [
      0.3172127715549967,
      0.4461702464324105,
      0.36371013643425754
    ]
  ],
  "B": [
    [
      0.39488900657104514,
      0.5881337520009763,
      0.8087885841668777,
      0.9536066547930256,
      0.9548259791598688,
      0.8118760218448802,
      0.591644656587554,
      0.39718058679077894,
      0.3194757119398661
    ],
    [
      0.720494993979668,
      0.42693665352025384,
      0.15581664176170693,
      0.03399502536914803,
      0.1184734925491111,
      0.3697236296345105,
      0.6701827051488489,
      0.8792625784283009,
      0.8991324531014483
    ],
    [
      0.41622792372302553,
      0.5173149941660541,
      0.5545596334391069,
      0.5105346608982642,
      0.40583985047845555,
      0.28946306752831885,
      0.21585830217409693,
      0.21946604215087714,
      0.29859818582796094
    ]
  ],
  "M": [
    [
      0.6111111111111112,
      0.5981135801732765,
      0.5652026765370517,
      0.5277777777777778,
      0.5033504099563384,
      0.5033504099563384,
      0.5277777777777778,
      0.5652026765370517,
      0.5981135801732765
    ],
    [
      0.5981135801732765,
      0.6111111111111112,
      0.5981135801732765,
      0.5652026765370517,
      0.5277777777777778,
      0.5033504099563384,
      0.5033504099563384,
      0.5277777777777778,
      0.5652026765370517
    ],
    [
      0.5652026765370517,
      0.5981135801732765,
      0.6111111111111112,
      0.5981135801732765,
      0.5652026765370517,
      0.5277777777777778,
      0.5033504099563384,
      0.5033504099563384,
      0.5277777777777778
    ],
    [
      0.5277777777777778,
      0.5652026765370517,
      0.5981135801732765,
      0.6111111111111112,
      0.5981135801732765,
      0.5652026765370517,
      0.5277777777777778,
      0.5033504099563384,
      0.5033504099563384
    ],
    [
      0.5033504099563384,
      0.5277777777777778,
      0.5652026765370517,
      0.5981135801732765,
      0.611111111111111,
      0.5981135801732765,
      0.5652026765370517,
      0.5277777777777778,
      0.5033504099563384
    ],
    [
      0.5033504099563384,
      0.5033504099563384,
      0.5277777777777778,
      0.5652026765370517,
      0.5981135801732765,
      0.611111111111111,
      0.5981135801732766,
      0.5652026765370517,
      0.5277777777777778
    ],
    [
      0.5277777777777778,
      0.5033504099563384,
      0.5033504099563384,
      0.5277777777777778,
      0.5652026765370517,
      0.5981135801732766,
      0.6111111111111112,
      0.5981135801732765,
      0.5652026765370517
    ],
    [
      0.5652026765370517,
      0.5277777777777778,
      0.5033504099563384,
      0.5033504099563384,
      0.5277777777777778,
      0.5652026765370517,
      0.5981135801732765,
      0.6111111111111112,
      0.5981135801732765
    ],
    [
      0.5981135801732765,
      0.5652026765370517,
      0.5277777777777778,
      0.5033504099563384,
      0.5033504099563384,
      0.5277777777777778,
      0.5652026765370517,
      0.5981135801732765,
      0.611111111111111
    ]
  ],
  "score": 3.515706244646329e-16
}