{
  "k": 6,
  "M_approx": [
    [
      0.22999999999999995,
      0.20426488874308754,
      0.13910129954336237,
      0.06500000000000002,
      0.01663381171355004,
      0.016633811713550054,
      0.06499999999999992,
      0.13910129954336228,
      0.20426488874308754
    ],
    [
      0.2042648887430875,
      0.2299999999999999,
      0.2042648887430876,
      0.13910129954336234,
      0.06499999999999996,
      0.016633811713550082,
      0.016633811713550033,
      0.06499999999999997,
      0.13910129954336226
    ],
    [
      0.1391012995433624,
      0.2042648887430875,
      0.22999999999999993,
      0.20426488874308757,
      0.13910129954336234,
      0.06499999999999999,
      0.016633811713550082,
      0.01663381171355003,
      0.065
    ],
    [
      0.06500000000000006,
      0.1391012995433623,
      0.20426488874308754,
      0.22999999999999993,
      0.20426488874308757,
      0.13910129954336228,
      0.06500000000000003,
      0.016633811713550065,
      0.016633811713550113
    ],
    [
      0.016633811713550082,
      0.065,
      0.1391012995433623,
      0.20426488874308754,
      0.23,
      0.20426488874308754,
      0.1391012995433624,
      0.06500000000000003,
      0.01663381171355012
    ],
    [
      0.016633811713550092,
      0.0166338117135501,
      0.065,
      0.1391012995433623,
      0.2042648887430876,
      0.23,
      0.20426488874308762,
      0.1391012995433624,
      0.06500000000000003
    ],
    [
      0.06499999999999995,
      0.016633811713550058,
      0.016633811713550127,
      0.06500000000000006,
      0.13910129954336242,
      0.20426488874308768,
      0.23000000000000004,
      0.20426488874308768,
      0.13910129954336234
    ],
    [
      0.13910129954336234,
      0.06499999999999996,
      0.01663381171355004,
      0.016633811713550075,
      0.06500000000000003,
      0.13910129954336242,
      0.20426488874308757,
      0.23000000000000004,
      0.20426488874308757
    ],
    [
      0.20426488874308757,
      0.13910129954336228,
      0.06499999999999997,
      0.016633811713550065,
      0.016633811713550096,
      0.06500000000000003,
      0.1391012995433623,
      0.20426488874308757,
      0.22999999999999998
    ]
  ],
  "A": [
    [
      0.5571254865705416,
      9.064409223870291e-15,
      3.5135864646798954e-15,
      0.2938454610218668,
      0.4566577569628123,
      1.7734204589880629e-15
    ],
    [
      4.967095335699606e-14,
      0.15040836592498646,
      0.0,
      0.4802694501020289,
      0.27823715076072025,
      1.8943354902827033e-15
    ],
    [
      0.028445744877436598,
      0.43677853916455034,
      0.09519086018260806,
      0.24856580760025607,
      0.048849767109683334,
      0.0017875225390750482
    ],
    [
      7.637825407219916e-13,
      0.44912612827077747,
      0.550569278471492,
      0.07618141197860483,
      1.9159643019062074e-16,
      5.304100080135137e-14
    ],
    [
      4.993182484034956e-17,
      0.2169949331694649,
      1.1097771790935111,
      0.0,
      0.1351796742016078,
      7.93001080240685e-15
    ],
    [
      0.0052399216245509524,
      0.007594543861944886,
      1.1671834970481165,
      5.431797047921759e-07,
      0.16240586179649324,
      0.1831943212094126
    ],
    [
      0.11879417182074849,
      3.907223761087066e-16,
      0.57072282470862,
      1.979708701138242e-14,
      0.0,
      0.5020666629343778
    ],
    [
      0.48110705724984887,
      0.006070331881056948,
      0.086713536352005,
      6.953789673969613e-13,
      0.06813477822082635,
      0.5112142951287229
    ],
    [
      0.9458408498378655,
      7.219869993312881e-17,
      2.174230951057456e-16,
      7.543343907805747e-17,
      0.37616307766977053,
      0.1708712675633955
    ]
  ],
  "B": [
    [
      0.20117170332161669,
      0.12116897420406732,
      2.4055778382936114e-15,
      0.005634733630288697,
      1.1951935248687906e-16,
      0.029856490350026625,
      0.06766822854398241,
      0.05825431702209513,
      0.15061902227580762
    ],
    [
      0.07665530005973824,
      0.24418363495767176,
      0.3843313857491713,
      0.3461412136149363,
      0.2514037087080253,
      0.11059100078145581,
      1.1772957146428766e-13,
      0.00014241595896207277,
      0.0
    ],
    [
      1.2852364822339546e-17,
      0.0029542468880857918,
      0.0291451664335243,
      0.11271780924090916,
      0.15809179746663551,
      0.16243549184045694,
      0.11805962036300717,
      0.030095847394964775,
      8.568243214893032e-18
    ],
    [
      0.40130657963077854,
      0.36499102192874466,
      0.2048424652297751,
      0.16381914781287427,
      0.056607346105333946,
      6.498010793608046e-17,
      0.0,
      0.0,
      0.21834475472958892
    ],
    [
      9.120238689524766e-15,
      0.06461646490174383,
      0.17279739522191975,
      0.03005146208949792,
      1.607537109226549e-15,
      1.774083746669006e-15,
      0.05978285670353636,
      0.23353667643113507,
      0.1230496508575721
    ],
    [
      0.08186557113732004,
      0.0011026178087795203,
      3.564760121851948e-15,
      3.3765865512305404e-14,
      0.09734703763099292,
      0.21513571192134728,
      0.3078915614720714,
      0.35885319950781003,
      0.24141940997085287
    ]
  ],
  "M": [
    [
      0.22999999999999998,
      0.2042648887430876,
      0.13910129954336237,
      0.06500000000000002,
      0.016633811713550082,
      0.016633811713550075,
      0.06499999999999995,
      0.13910129954336228,
      0.20426488874308754
    ],
    [
      0.2042648887430876,
      0.22999999999999998,
      0.2042648887430876,
      0.13910129954336237,
      0.06499999999999999,
      0.01663381171355008,
      0.016633811713550058,
      0.06499999999999997,
      0.13910129954336228
    ],
    [
      0.13910129954336237,
      0.2042648887430876,
      0.22999999999999998,
      0.2042648887430876,
      0.13910129954336234,
      0.06499999999999999,
      0.016633811713550085,
      0.016633811713550075,
      0.06499999999999999
    ],
    [
      0.06500000000000002,
      0.13910129954336237,
      0.2042648887430876,
      0.22999999999999998,
      0.2042648887430876,
      0.13910129954336234,
      0.06500000000000004,
      0.016633811713550082,
      0.016633811713550075
    ],
    [
      0.016633811713550082,
      0.06499999999999999,
      0.13910129954336234,
      0.2042648887430876,
      0.22999999999999995,
      0.20426488874308754,
      0.13910129954336242,
      0.06500000000000002,
      0.016633811713550085
    ],
    [
      0.016633811713550075,
      0.01663381171355008,
      0.06499999999999999,
      0.13910129954336234,
      0.20426488874308754,
      0.22999999999999995,
      0.20426488874308765,
      0.13910129954336237,
      0.06500000000000002
    ],
    [
      0.06499999999999995,
      0.016633811713550058,
      0.016633811713550085,
      0.06500000000000004,
      0.13910129954336242,
      0.20426488874308765,
      0.22999999999999998,
      0.2042648887430876,
      0.13910129954336228
    ],
    [
      0.13910129954336228,
      0.06499999999999997,
      0.016633811713550075,
      0.016633811713550082,
      0.06500000000000002,
      0.13910129954336237,
      0.2042648887430876,
      0.22999999999999998,
      0.20426488874308754
    ],
    [
      0.20426488874308754,
      0.13910129954336228,
      0.06499999999999999,
      0.016633811713550075,
      0.016633811713550085,
      0.06500000000000002,
      0.13910129954336228,
      0.20426488874308754,
      0.22999999999999995
    ]
  ],
  "score": 1.2702030785207955e-16
}