{
  "k": 7,
  "M_approx": [
    [
      0.2222222222222222,
      0.19622716034655316,
      0.13040535307410342,
      0.055555555555555546,
      0.0067008199126768475,
      0.006700819912676837,
      0.05555555555555552,
      0.13040535307410336,
      0.19622716034655308
    ],
    [
      0.19622716034655316,
      0.22222222222222232,
      0.1962271603465531,
      0.13040535307410334,
      0.05555555555555555,
      0.006700819912676834,
      0.0067008199126768276,
      0.05555555555555556,
      0.13040535307410334
    ],
    [
      0.13040535307410342,
      0.19622716034655308,
      0.2222222222222222,
      0.1962271603465531,
      0.13040535307410336,
      0.055555555555555546,
      0.0067008199126768475,
      0.006700819912676849,
      0.05555555555555554
    ],
    [
      0.05555555555555557,
      0.1304053530741034,
      0.1962271603465532,
      0.22222222222222224,
      0.1962271603465532,
      0.13040535307410334,
      0.05555555555555562,
      0.006700819912676851,
      0.00670081991267686
    ],
    [
      0.006700819912676858,
      0.05555555555555555,
      0.1304053530741034,
      0.19622716034655313,
      0.2222222222222222,
      0.19622716034655305,
      0.13040535307410345,
      0.05555555555555557,
      0.006700819912676843
    ],
    [
      0.0067008199126768345,
      0.006700819912676875,
      0.05555555555555557,
      0.13040535307410334,
      0.19622716034655305,
      0.22222222222222215,
      0.1962271603465532,
      0.13040535307410342,
      0.055555555555555546
    ],
    [
      0.05555555555555547,
      0.006700819912676804,
      0.006700819912676838,
      0.05555555555555563,
      0.13040535307410342,
      0.1962271603465531,
      0.2222222222222222,
      0.19622716034655308,
      0.13040535307410325
    ],
    [
      0.1304053530741033,
      0.05555555555555551,
      0.006700819912676842,
      0.006700819912676868,
      0.055555555555555594,
      0.13040535307410336,
      0.1962271603465531,
      0.2222222222222222,
      0.1962271603465531
    ],
    [
      0.19622716034655305,
      0.13040535307410325,
      0.055555555555555504,
      0.006700819912676839,
      0.006700819912676829,
      0.05555555555555554,
      0.1304053530741033,
      0.19622716034655308,
      0.22222222222222215
    ]
  ],
  "A": [
    [
      2.8159965463072674e-13,
      1.3465349472980262e-12,
      0.23204529766261894,
      0.1371269068912569,
      0.37238602755256267,
      1.5481370494564649e-15,
      0.00173472268796044
    ],
    [
      0.26651196069910804,
      0.019956148906931887,
      0.352284161714713,
      0.31362019551933695,
      8.077055510409553e-13,
      5.64145493723616e-05,
      1.0477712166439751e-13
    ],
    [
      0.3100008057924958,
      0.2823223914064575,
      0.19232838475482847,
      0.013552703159407415,
      2.3010824801501235e-14,
      3.0833379836090487e-12,
      1.0460008667288438e-15
    ],
    [
      0.0,
      0.11164396928119102,
      0.15656916897179482,
      4.546148372183279e-05,
      1.0529564939607143e-13,
      0.3480376315558936,
      0.009259996063901545
    ],
    [
      0.06049212708240557,
      6.043853251601772e-13,
      0.08067695209785404,
      4.64648802476364e-15,
      2.5619478990954473e-15,
      0.4648760911025784,
      0.10725349393255137
    ],
    [
      0.46369197537931806,
      7.718674168973872e-13,
      0.0,
      0.013186746062031476,
      0.0,
      0.2954715088626944,
      0.24820348298090875
    ],
    [
      0.8539613876748516,
      1.6912430793527155e-14,
      1.1809152724461453e-14,
      0.10532117026515887,
      0.005691351683053238,
      0.03509085506893377,
      0.34162760069384074
    ],
    [
      0.4295278184169908,
      2.340757095442323e-15,
      9.321727407774913e-06,
      0.002695365325906178,
      0.3605567467164966,
      0.0009350130448543748,
      0.23236891833781886
    ],
    [
      0.05131389744545688,
      4.094123921012934e-07,
      0.08631465464716867,
      1.668178522453636e-06,
      0.5282740487677896,
      9.775978201875704e-13,
      0.09076264986840492
    ]
  ],
  "B": [
    [
      6.120974598242766e-14,
      5.1979120859597414e-05,
      0.0,
      0.012904956509280974,
      0.126907422788768,
      0.010961396566151218,
      0.021480135283484098,
      0.014406381659300348,
      0.11077176875370331
    ],
    [
      0.38092717972944995,
      0.3038734753914751,
      0.42404870922490523,
      0.6194627754156022,
      0.32020854345618494,
      0.18459231478467178,
      4.520995623657858e-16,
      4.070770049109909e-14,
      0.05989010820473727
    ],
    [
      0.08305742517768731,
      0.5707376131082738,
      0.5329622909850686,
      0.06994122509746059,
      0.0,
      0.00022342017417612716,
      7.399307251340571e-07,
      1.4830004821100117e-12,
      2.3406535636113847e-15
    ],
    [
      0.5081480966430275,
      0.04808762237444818,
      3.995732403364975e-12,
      0.2867854766389907,
      0.048839556360140556,
      1.736115399790083e-12,
      0.0030856099807621447,
      0.16489920594657578,
      0.3178627438537556
    ],
    [
      0.3578769091144624,
      0.15359350211158435,
      0.018083276815352926,
      4.3847060031190974e-13,
      1.499248721348371e-14,
      0.015452508593916928,
      0.14535602778718942,
      0.2872205758265628,
      0.40989622105051116
    ],
    [
      1.226184259979049e-15,
      0.020450697156866433,
      0.18802339274272314,
      0.40828678867267976,
      0.46103162944868425,
      0.30165111166857167,
      0.14423000391926022,
      0.006404769789196177,
      5.5134930203346685e-14
    ],
    [
      7.184117029463181e-14,
      1.6426026841764852e-15,
      7.292811917181463e-16,
      1.0263937814883517e-05,
      0.002076766863866441,
      0.515746998966998,
      0.5785996482572596,
      0.4820976608352341,
      1.9053553164093986e-13
    ]
  ],