{
  "k": 4,
  "M_approx": [
    [
      0.26111111111111107,
      0.23641580232922552,
      0.17388508542039824,
      0.10277777777777777,
      0.056365778917042995,
      0.056365778917043044,
      0.10277777777777773,
      0.1738850854203982,
      0.2364158023292255
    ],
    [
      0.23641580232922538,
      0.261111111111111,
      0.2364158023292254,
      0.17388508542039813,
      0.10277777777777775,
      0.05636577891704303,
      0.05636577891704301,
      0.10277777777777776,
      0.17388508542039816
    ],
    [
      0.17388508542039824,
      0.23641580232922546,
      0.2611111111111111,
      0.23641580232922546,
      0.17388508542039818,
      0.10277777777777775,
      0.05636577891704302,
      0.05636577891704299,
      0.10277777777777775
    ],
    [
      0.10277777777777783,
      0.17388508542039818,
      0.2364158023292255,
      0.2611111111111111,
      0.23641580232922546,
      0.17388508542039818,
      0.10277777777777783,
      0.05636577891704297,
      0.056365778917042975
    ],
    [
      0.056365778917043044,
      0.10277777777777773,
      0.1738850854203982,
      0.23641580232922546,
      0.26111111111111107,
      0.23641580232922538,
      0.17388508542039824,
      0.1027777777777778,
      0.056365778917043
    ],
    [
      0.056365778917043044,
      0.05636577891704297,
      0.10277777777777776,
      0.1738850854203982,
      0.23641580232922546,
      0.26111111111111107,
      0.2364158023292255,
      0.17388508542039824,
      0.10277777777777779
    ],
    [
      0.10277777777777773,
      0.05636577891704297,
      0.05636577891704303,
      0.10277777777777784,
      0.17388508542039827,
      0.2364158023292255,
      0.2611111111111111,
      0.2364158023292255,
      0.17388508542039816
    ],
    [
      0.17388508542039816,
      0.10277777777777775,
      0.056365778917043,
      0.05636577891704302,
      0.10277777777777779,
      0.17388508542039824,
      0.23641580232922538,
      0.26111111111111107,
      0.2364158023292254
    ],
    [
      0.23641580232922538,
      0.1738850854203982,
      0.1027777777777778,
      0.056365778917043,
      0.05636577891704297,
      0.10277777777777777,
      0.17388508542039816,
      0.2364158023292255,
      0.26111111111111107
    ]
  ],
  "A": [
    [
      0.012864301285245692,
      0.36943694765541973,
      0.23831342194387362,
      0.2686793132655886
    ],
    [
      0.05819349981220906,
      0.312765458772431,
      0.09594842129888329,
      0.4327502158890671
    ],
    [
      0.20461735521315355,
      0.1951533430562016,
      0.0018311005211235762,
      0.513215014509823
    ],
    [
      0.383622518226091,
      0.07163261656342265,
      1.5530521969091384e-14,
      0.4724233355865793
    ],
    [
      0.5114504836564813,
      2.7176200214838938e-14,
      0.09131191201980127,
      0.32946205903653486
    ],
    [
      0.5282891258298548,
      0.01377319076388303,
      0.23304097812756083,
      0.15122435499506454
    ],
    [
      0.4262594569326276,
      0.10650755982461717,
      0.35887059314835823,
      0.021109626074602407
    ],
    [
      0.2531022929752738,
      0.23481166527100128,
      0.40992368177356286,
      1.1680485745565963e-12
    ],
    [
      0.08983979540095571,
      0.3386505902233749,
      0.3623119364435631,
      0.0977729054218827
    ]
  ],
  "B": [
    [
      0.07281826424701923,
      0.011345467676442468,
      0.028613499884840434,
      0.2226995980704963,
      0.3966345422601771,
      0.4415894352710574,
      0.26696552122179273,
      0.04947450480098679,
      0.0610093370856552
    ],
    [
      0.6620309479734946,
      0.42547381016006297,
      0.08713098294164758,
      1.814579130150859e-16,
      0.01017268735483677,
      0.06256136456559966,
      0.005078583815216261,
      0.03884902561760599,
      0.46006862696655043
    ],
    [
      4.943394159913728e-06,
      1.871695095735751e-12,
      0.06992585829721966,
      7.17539620523243e-13,
      6.143182084275679e-13,
      0.11569872811242256,
      0.4089876079235433,
      0.5841740956916279,
      0.27552621086520984
    ],
    [
      0.05804125401877753,
      0.29434385595342855,
      0.4639855456846188,
      0.3718667501325685,
      0.1768099877951663,
      1.3516102288554772e-13,
      1.2322550664832279e-14,
      0.07324656687078558,
      1.1226881020566941e-05
    ]
  ],
  "M": [
    [
      0.26111111111111107,
      0.2364158023292255,
      0.1738850854203982,
      0.1027777777777778,
      0.05636577891704301,
      0.056365778917043,
      0.10277777777777773,
      0.17388508542039816,
      0.23641580232922543
    ],
    [
      0.2364158023292255,
      0.26111111111111107,
      0.2364158023292255,
      0.1738850854203982,
      0.10277777777777777,
      0.05636577891704301,
      0.05636577891704299,
      0.10277777777777775,
      0.17388508542039816
    ],
    [
      0.1738850854203982,
      0.2364158023292255,
      0.26111111111111107,
      0.2364158023292255,
      0.1738850854203982,
      0.10277777777777777,
      0.056365778917043016,
      0.056365778917043,
      0.10277777777777777
    ],
    [
      0.1027777777777778,
      0.1738850854203982,
      0.2364158023292255,
      0.26111111111111107,
      0.2364158023292255,
      0.1738850854203982,
      0.10277777777777783,
      0.05636577891704301,
      0.056365778917043
    ],
    [
      0.05636577891704301,
      0.10277777777777777,
      0.1738850854203982,
      0.2364158023292255,
      0.26111111111111107,
      0.23641580232922543,
      0.17388508542039827,
      0.1027777777777778,
      0.056365778917043016
    ],
    [
      0.056365778917043,
      0.05636577891704301,
      0.10277777777777777,
      0.1738850854203982,
      0.23641580232922543,
      0.26111111111111107,
      0.23641580232922554,
      0.1738850854203982,
      0.1027777777777778
    ],
    [
      0.10277777777777773,
      0.05636577891704299,
      0.056365778917043016,
      0.10277777777777783,
      0.17388508542039827,
      0.23641580232922554,
      0.26111111111111107,
      0.2364158023292255,
      0.17388508542039816
    ],
    [
      0.17388508542039816,
      0.10277777777777775,
      0.056365778917043,
      0.05636577891704301,
      0.1027777777777778,
      0.1738850854203982,
      0.2364158023292255,
      0.26111111111111107,
      0.23641580232922543
    ],
    [
      0.23641580232922543,
      0.17388508542039816,
      0.10277777777777777,
      0.056365778917043,
      0.056365778917043016,
      0.1027777777777778,
      0.17388508542039816,
      0.23641580232922543,
      0.26111111111111107
    ]
  ],
  "score": 1.2181613742414913e-16
}