{
  "k": 7,
  "M_approx": [
    [
      0.22222222222222218,
      0.19622716034655305,
      0.1304053530741034,
      0.05555555555555558,
      0.0067008199126768146,
      0.00670081991267686,
      0.05555555555555551,
      0.13040535307410334,
      0.19622716034655308
    ],
    [
      0.19622716034655316,
      0.22222222222222218,
      0.19622716034655313,
      0.13040535307410345,
      0.055555555555555525,
      0.006700819912676868,
      0.006700819912676792,
      0.055555555555555546,
      0.13040535307410336
    ],
    [
      0.13040535307410342,
      0.19622716034655313,
      0.2222222222222222,
      0.19622716034655313,
      0.13040535307410342,
      0.05555555555555556,
      0.00670081991267685,
      0.006700819912676891,
      0.05555555555555555
    ],
    [
      0.05555555555555556,
      0.13040535307410342,
      0.1962271603465531,
      0.22222222222222224,
      0.1962271603465531,
      0.13040535307410334,
      0.05555555555555561,
      0.006700819912676827,
      0.006700819912676825
    ],
    [
      0.006700819912676828,
      0.055555555555555566,
      0.13040535307410336,
      0.1962271603465531,
      0.22222222222222218,
      0.19622716034655308,
      0.13040535307410345,
      0.05555555555555555,
      0.00670081991267688
    ],
    [
      0.006700819912676841,
      0.006700819912676844,
      0.055555555555555546,
      0.1304053530741034,
      0.19622716034655308,
      0.2222222222222222,
      0.19622716034655316,
      0.1304053530741034,
      0.05555555555555558
    ],
    [
      0.05555555555555555,
      0.006700819912676938,
      0.006700819912676889,
      0.055555555555555594,
      0.13040535307410345,
      0.1962271603465532,
      0.2222222222222222,
      0.19622716034655313,
      0.13040535307410334
    ],
    [
      0.1304053530741033,
      0.055555555555555546,
      0.006700819912676835,
      0.006700819912676837,
      0.05555555555555558,
      0.1304053530741034,
      0.1962271603465531,
      0.22222222222222218,
      0.19622716034655308
    ],
    [
      0.19622716034655302,
      0.13040535307410334,
      0.05555555555555556,
      0.006700819912676847,
      0.006700819912676865,
      0.05555555555555556,
      0.13040535307410334,
      0.19622716034655308,
      0.22222222222222218
    ]
  ],
  "A": [
    [
      0.0006163109498969837,
      0.4739098040485159,
      0.001060225856698293,
      0.008871486090622544,
      0.40378643965677663,
      0.0876651773133506,
      6.18848866860724e-13
    ],
    [
      4.469116780602535e-05,
      0.06280879208103245,
      0.1298736441185984,
      2.6665968778758208e-14,
      0.5893409184602532,
      0.2356372109726376,
      1.09650553899099e-12
    ],
    [
      0.018548003248466928,
      0.0,
      0.0,
      1.5177703518113112e-15,
      0.283111824608624,
      0.3254481146554884,
      0.24669626507395614
    ],
    [
      0.30827239958844294,
      6.800287993125376e-14,
      0.004054508401399179,
      0.001706854788407033,
      0.017275776956082286,
      0.2526438157219281,
      0.3232687365331282
    ],
    [
      0.8021125106761386,
      3.1772978974509984e-16,
      0.21005447624479845,
      4.2792573102193476e-14,
      9.33964528202855e-15,
      0.032844823766180954,
      0.12726681535600257
    ],
    [
      0.6350890424011607,
      1.0010052543316483e-14,
      0.3781437636499949,
      0.10724402379591702,
      3.1885109833121738e-15,
      0.0,
      0.001184477996918824
    ],
    [
      1.1840912548348305e-15,
      0.06566947152021542,
      0.39871918349789687,
      0.2450020636057745,
      0.0,
      0.12087191549504102,
      0.0
    ],
    [
      0.020146425058103875,
      0.4881972693576036,
      0.17020184421827603,
      0.16381486915072188,
      0.015051979508962586,
      0.004338827295939732,
      8.05573854115824e-05
    ],
    [
      7.878374322604633e-13,
      0.6364817132167124,
      0.01975318830449705,
      0.0757403643012982,
      0.1787569836326323,
      5.10190779537572e-13,
      3.055570171958167e-14
    ]
  ],
  "B": [
    [
      5.209285073996218e-17,
      0.009852657579407138,
      0.08661051151331971,
      0.20509032762321525,
      0.1255640421949655,
      0.19781625791646676,
      0.160162346790819,
      0.01543300097237829,
      6.778712319088187e-14
    ],
    [
      0.23736626734508837,
      0.10203858440657014,
      7.804314081147351e-15,
      1.0362045926424165e-18,
      0.0009902429770580975,
      0.0003406701889592644,
      0.10005250950382762,
      0.24802133735960258,
      0.2469815216558205
    ],
    [
      7.509411515371187e-16,
      0.0,
      2.5202682916480767e-16,
      5.464671207637919e-14,
      0.30663635372179104,
      0.051362093017818064,
      0.00047182659768077906,
      0.20552514881724868,
      0.02952513616637082
    ],
    [
      0.06248198897707014,
      0.0,
      0.0,
      3.4085078172939757e-13,
      0.00017827653782402,
      0.7172418645715103,
      0.8794362680542026,
      0.39989146666398856,
      0.4139038260102754
    ],
    [
      0.22609166041007203,
      0.36619358151237297,
      0.31078816853171687,
      0.03748563986748008,
      1.002412313267168e-16,
      5.568957295927747e-17,
      0.0005908413163631106,
      0.022479749970783152,
      0.18511477074219507
    ],
    [
      0.20401448825979265,
      2.1983402735685066e-13,
      0.05543736016122858,
      0.4596233569056769,
      0.06647408210444658,
      3.320671396384361e-15,
      1.1396844206945635e-13,
      0.0001545116631960781,
      0.008328463860455309
    ],
    [
      2.458194081183241e-13,
      0.374430801261083,
      0.46448202340329087,
      0.13063416836823255,
      0.43147198067763304,
      0.21032527162729575,
      0.014442269808512955,
      2.168282599254033e-13,
      0.0017709720381505268
    ]
  ],